trial,seed,repeat,group,impact_time,width,peak,phase
0,17,0,quiet,5.521983909712493,0.20907052433898865,4.144692684053428,1.819769918156027
1,17,1,quiet,5.766107437797952,0.192675178694946,3.7259362801133626,0.6921685671654242
2,17,2,quiet,5.026936778790526,0.1414673767270876,3.844953274632938,1.585773979809705
3,17,3,quiet,5.501602670568034,0.13078961448731996,3.984858932779794,5.938828516052679
4,17,4,quiet,5.40159093691067,0.2397515208139233,2.887069907753425,5.105772932056649
5,17,5,quiet,5.875316502128281,0.10414647684431681,3.787796061828731,3.511621177119036
6,17,6,quiet,5.9551878622608685,0.11360160151843557,3.5559486908681732,5.544635244531325
7,17,7,quiet,5.638773181059796,0.12947192479333203,2.9146093957886396,5.9047870506233195
8,17,8,quiet,5.474098471106405,0.23941218924515567,2.9982499968681893,5.103229824153819
9,17,9,quiet,5.813378121749088,0.2271960035996224,2.824968043013624,2.338556593511094
10,17,10,quiet,5.051668993360396,0.2003255733715142,3.2964984302998626,6.02874909319587
11,17,11,quiet,5.37482901349721,0.2038999879421685,4.0149041456553425,1.5013455487209224
12,17,12,quiet,5.556816624208117,0.23318274885245532,3.537684878262229,2.2601108761073117
13,17,13,quiet,5.267200358690604,0.2058351508086737,3.0698465022931387,3.7943931782219376
14,17,14,quiet,5.555546429255102,0.1685569320937662,2.9812803115713677,4.137886786976209
15,17,15,quiet,5.916529225914341,0.13102063914624124,3.264902466027131,5.711671551930188
16,17,16,quiet,5.578345192837726,0.12361243407143545,2.813668694130152,4.73293153308418
17,17,17,quiet,5.3480039985419445,0.15474542468148084,3.181504178519066,3.9778971385484794
18,17,18,quiet,5.72898448406376,0.12956609399089375,2.9050417456587634,6.2001877484427395
19,17,19,quiet,5.910041119790866,0.08330582215912022,3.589858735616119,4.310254621907152
20,17,20,quiet,5.403012748695081,0.19706247562341034,4.143741462901328,3.708000211083164
21,17,21,quiet,5.391573832804609,0.11130370497154854,3.151985849032239,0.9475136739439272
22,17,22,quiet,5.11040778389109,0.11398235446241836,3.978834004421418,3.373932053261576
23,17,23,quiet,5.8049357748755375,0.22722972192228802,3.9350985589819096,0.31065911150523057
24,17,24,quiet,5.925959068678301,0.09484675489822703,3.87935207066364,5.271237695593595
25,17,25,quiet,5.657451368846735,0.1445892292025739,2.905023896388684,0.5350349973068306
26,17,26,quiet,5.636502705360194,0.11867268827549937,3.5451954077264682,1.6664711493290487
27,17,27,quiet,5.163409082601759,0.12723813420440694,3.8148135084121026,3.058740912492769
28,17,28,quiet,5.39276979732847,0.15783719327744694,3.5755773974287672,3.2400356003897715
29,17,29,quiet,5.4450589573189605,0.2347817164174978,3.8524250515258593,1.439233622018798
30,17,30,quiet,5.3182447390230045,0.11020791169376251,3.30972898332346,0.17830429239786785
31,17,31,quiet,5.744503077700851,0.1708622390263606,3.391753145122242,5.6136274028796675
32,17,32,quiet,5.328746326002241,0.17257346888674852,4.101659954714931,3.4925697438067598
33,17,33,quiet,5.612975435804358,0.13887263676185924,4.197336721133906,4.742437748933817
34,17,34,quiet,5.303345057620233,0.13688251548893116,3.628112558504895,3.2586878985301966
35,17,35,quiet,5.5233063624092,0.11073428743148618,3.605983920828062,4.423029474634261
36,17,36,quiet,5.764991448661324,0.1519008296294645,3.4237808599913335,3.168343275721326
37,17,37,quiet,5.536253188173271,0.15598821336365365,2.8169400499159996,1.655162750821925
38,17,38,quiet,5.987807177068194,0.2122112416046225,3.4543222224137353,4.7248166838149
39,17,39,quiet,5.211248971907809,0.12274742257421259,3.52468117724357,4.393799316322482
40,17,0,walking,5.027564176267486,0.15547395433215616,4.068518084451397,3.846927403256772
41,17,1,walking,5.993091261237938,0.0957900163865606,4.072042212992917,5.261526060545472
42,17,2,walking,5.026158477778442,0.16585367777498478,3.8629914618553185,1.3951980737327345
43,17,3,walking,5.649302289112889,0.21608066487309852,3.9115256188201517,2.6898845103603715
44,17,4,walking,5.058346344071155,0.16626753694989616,3.063311850757539,3.3847593303269377
45,17,5,walking,5.269435006058945,0.13557021968376612,3.5612252370550337,5.14960908304388
46,17,6,walking,5.975318643574752,0.14488475550762986,2.8104377443794593,4.713388445765119
47,17,7,walking,5.339261681444319,0.20122044295012712,3.962802834150345,0.21064810807502307
48,17,8,walking,5.730832538493898,0.1255726448600037,3.250301894280669,2.1001374402196222
49,17,9,walking,5.538380286373614,0.11892117610417977,3.4922554846895473,1.7800854338821872
50,17,10,walking,5.124634215645132,0.1199962879105867,3.7533141820779385,1.9510370429382633
51,17,11,walking,5.200306575617353,0.13849167004608942,3.099081157943541,6.185692372440359
52,17,12,walking,5.787238639384738,0.10426463935930724,3.2113409304358203,2.7387993171860847
53,17,13,walking,5.5280751503814605,0.14215024325968806,3.532653217361803,4.776030499863889
54,17,14,walking,5.154149134928352,0.16947539227325523,3.030255015351224,3.36019474366819
55,17,15,walking,5.317099649408277,0.20850679144045053,4.033414216296337,6.011074536216385
56,17,16,walking,5.407143332554767,0.17867752460975794,3.0360830371312737,4.471249763604959
57,17,17,walking,5.778022201624724,0.14832335179718567,3.2503682595247994,4.763085877111903
58,17,18,walking,5.750349249704516,0.20788938895285802,3.204146932915919,1.5243107587414597
59,17,19,walking,5.250644493865768,0.11056319042737288,2.8098184160117485,0.7692189605105477
60,17,20,walking,5.492713422155814,0.14888717542478647,4.04555328578752,2.3764029476655293
61,17,21,walking,5.170333475400402,0.2289378682335354,2.9019427672317586,2.1348400937885654
62,17,22,walking,5.763615961838958,0.13141562717977923,4.149536970327009,4.671527607689754
63,17,23,walking,5.308306592579319,0.21814872303668426,4.0904777542107675,3.2295247800169236
64,17,24,walking,5.1435494231897065,0.09665402763939779,3.9451004822318287,5.579222338740116
65,17,25,walking,5.6538723530289845,0.20381822812329073,3.911122062507496,1.489929970588445
66,17,26,walking,5.213230748061839,0.21881878300827412,3.974946010241866,2.7405031340053054
67,17,27,walking,5.270238853580469,0.09259961880172389,3.366206738053406,5.711336605561581
68,17,28,walking,5.203377670655264,0.13053638578881555,2.8492590115709198,3.574451508768249
69,17,29,walking,5.060084375381663,0.1879833109974977,3.488844468932567,2.6588479732073598
70,17,30,walking,5.259320003459738,0.128412945806182,4.0502349188999025,5.910919336544567
71,17,31,walking,5.7519793615855574,0.11407646082562087,3.091272863711608,2.279311227848617
72,17,32,walking,5.875840460562681,0.23085505508889387,3.121976607070255,3.979873449029492
73,17,33,walking,5.379736617739089,0.15289059121484208,3.076679264732064,4.53378781917533
74,17,34,walking,5.782060892321514,0.23031426141757605,3.47785948092268,2.775370414254984
75,17,35,walking,5.646292761622793,0.1010068800874655,4.029846316653229,4.8253970095521295
76,17,36,walking,5.227739391366754,0.1442948167067074,3.4804444511853734,5.352624421721773
77,17,37,walking,5.6927444099967115,0.11826600113712679,4.131596944780937,5.842789675768625
78,17,38,walking,5.85780164728719,0.1588283252854314,3.4624858434304335,2.5542293067316577
79,17,39,walking,5.977729124206528,0.1570364035361603,4.1433146133279655,1.1558780940538171
80,17,0,impact_immobile,5.0303011332795435,0.1555459751235581,3.0783074082398514,1.612114523757295
81,17,1,impact_immobile,5.036001480051199,0.09990594064128075,3.417549577919058,0.5500592528671839
82,17,2,impact_immobile,5.296372695627853,0.17800015049742102,3.163933996437979,1.956425167422569
83,17,3,impact_immobile,5.378421533982194,0.12212435222773813,3.5887250680282436,4.88107793058134
84,17,4,impact_immobile,5.03111554465605,0.16583463225952774,3.548639324728719,5.769587355016452
85,17,5,impact_immobile,5.704095095810107,0.12394918715304795,3.6625138930388026,5.659056072081871
86,17,6,impact_immobile,5.951419697793358,0.2028009027258662,2.9506059174312234,2.3369116556781915
87,17,7,impact_immobile,5.478699896085658,0.13268251276356635,3.8621246098893254,3.0975010688702667
88,17,8,impact_immobile,5.9785488413253605,0.0812520380031148,3.931067138269647,0.7136516212512777
89,17,9,impact_immobile,5.518583385554786,0.10381965500300509,3.3352106508705766,3.8409762222686976
90,17,10,impact_immobile,5.958807111375927,0.08654076899730191,3.348421200469126,0.688021124612957
91,17,11,impact_immobile,5.742989014543412,0.10297467785993134,3.0756763127943003,5.0818663531871024
92,17,12,impact_immobile,5.047081900226839,0.2216499887009048,3.175480796586621,6.258492635354259
93,17,13,impact_immobile,5.106204888026467,0.09538549201544028,3.466464991185794,1.9411872789387368
94,17,14,impact_immobile,5.644075462971102,0.12844829869978303,3.2629757327855433,0.10456963885127202
95,17,15,impact_immobile,5.088520790515796,0.08049787120142654,3.4459021236403737,5.503967788988153
96,17,16,impact_immobile,5.5368327852581265,0.13173993913639606,3.442917104787218,4.811038113451439
97,17,17,impact_immobile,5.870554145330476,0.09490192119384426,3.7050555054491805,1.8655256154772424
98,17,18,impact_immobile,5.929102257809564,0.19598660810830582,3.626128020609964,4.185181540292361
99,17,19,impact_immobile,5.762013651110521,0.09135658702522648,3.2511104863299476,0.24512008622402298
100,17,20,impact_immobile,5.154142244472752,0.22843513006298088,3.6009407144025953,1.2588357114125386
101,17,21,impact_immobile,5.294984204683532,0.14710839008609772,2.919462410741383,5.1198418491043585
102,17,22,impact_immobile,5.381089290982055,0.08901948391114559,3.5204659579256306,2.5997569054878458
103,17,23,impact_immobile,5.762999129852806,0.12214494058718675,3.1337111442377426,3.1517357427034614
104,17,24,impact_immobile,5.404791307466499,0.10069965216117552,3.829658133617065,5.441551277555027
105,17,25,impact_immobile,5.831087620791335,0.18524004616425535,3.4592519912173154,4.966291634892463
106,17,26,impact_immobile,5.211017061921496,0.09583368400909623,3.0869838688729767,3.3339056391494766
107,17,27,impact_immobile,5.208182956575239,0.1497182027879554,3.937564028887058,3.8806609294796166
108,17,28,impact_immobile,5.198961108628743,0.09949900895273395,2.808021777591488,0.32127501540302167
109,17,29,impact_immobile,5.261551580342861,0.1939260832807297,3.961246667801149,2.4274265090478506
110,17,30,impact_immobile,5.04581810187011,0.16954097452330813,4.127745652735772,0.09571837993509925
111,17,31,impact_immobile,5.628885668079383,0.2396991261916902,3.253361925338831,3.7188288245615424
112,17,32,impact_immobile,5.811119785777931,0.18657329426413258,3.041789600077314,4.940431195279951
113,17,33,impact_immobile,5.585899961057743,0.18562707223538072,3.6384768034083694,5.188142685442874
114,17,34,impact_immobile,5.571470383126625,0.22770079665958798,2.9548722355038053,0.14994366800545292
115,17,35,impact_immobile,5.13758010755512,0.1611959113515029,3.8060094909577566,5.765443037529895
116,17,36,impact_immobile,5.007285676072527,0.08124834081310027,3.335561128897101,4.129971037512488
117,17,37,impact_immobile,5.3989109851376345,0.12477514289790659,3.0836692005171606,4.478108291849708
118,17,38,impact_immobile,5.60653546407359,0.2324175518367978,3.257984772399019,2.9911515522031404
119,17,39,impact_immobile,5.962097171114806,0.19197074814046095,3.165911784731643,4.579399516775762
120,17,0,impact_recovery,5.447235483448225,0.09433727880957407,2.947309094272524,3.1303130285143888
121,17,1,impact_recovery,5.3113768704398225,0.12153445305522645,3.8126320258736603,1.6193650349031194
122,17,2,impact_recovery,5.45097010777089,0.16135051058631084,2.8111468094159595,5.052638909755199
123,17,3,impact_recovery,5.267689047374002,0.10587837690607052,3.520323293634845,1.3395092174198795
124,17,4,impact_recovery,5.032300385516921,0.09819503511760141,2.8563908119749137,2.226481442065132
125,17,5,impact_recovery,5.326440611685494,0.11357128680488732,3.044965617567305,5.3097382202250465
126,17,6,impact_recovery,5.575698643764585,0.17708074762657222,2.813411109774008,5.800798900922774
127,17,7,impact_recovery,5.032375922145338,0.20223514773352105,3.7152107152618985,2.5819847969755902
128,17,8,impact_recovery,5.335184771714147,0.16659412916387845,3.613811213077355,5.295497780996312
129,17,9,impact_recovery,5.0567345695680626,0.09426479227961954,3.674322363995123,1.7851865624186785
130,17,10,impact_recovery,5.5800395146676145,0.14124563533489742,2.8478135438101373,5.175786856895778
131,17,11,impact_recovery,5.186840994714158,0.13337433556927272,3.840912343778119,5.742949824455749
132,17,12,impact_recovery,5.856449122282469,0.22874400016542862,3.247406460972801,1.4675909702880996
133,17,13,impact_recovery,5.458720877483218,0.21245751296653154,3.7088593544874673,3.9272079837228473
134,17,14,impact_recovery,5.706088955809746,0.11454670568576387,3.593595251729865,2.685559186094934
135,17,15,impact_recovery,5.880561179934249,0.12956201847131932,3.562115973490255,3.9736013092656135
136,17,16,impact_recovery,5.705759680040163,0.20594013873165645,3.8466193144194074,0.8369183447237946
137,17,17,impact_recovery,5.965403633766695,0.08597784042934002,3.8241438817149795,1.9085400498984058
138,17,18,impact_recovery,5.100552030540585,0.13799546907711166,2.9596554555013603,1.3270854062414454
139,17,19,impact_recovery,5.966873422915106,0.20993361086241308,3.318118095542908,3.1037784844421332
140,17,20,impact_recovery,5.598506402039059,0.13082284322684884,2.988724433931107,2.7722024599523394
141,17,21,impact_recovery,5.845539476534148,0.2336727287980399,3.651064530886249,5.0365056628778655
142,17,22,impact_recovery,5.418603889865186,0.2057096782188665,3.9339233113385457,5.6718651647438545
143,17,23,impact_recovery,5.193292683130423,0.1639500411053667,2.9033758057509518,3.6544150634880714
144,17,24,impact_recovery,5.472676815642607,0.17457803880243572,3.544853373198394,2.1550292313243733
145,17,25,impact_recovery,5.140709606234338,0.1313958131839381,3.8923523781528626,1.7351104458319937
146,17,26,impact_recovery,5.96554399073311,0.21420525488194198,3.1692303394461727,2.8430271487490373
147,17,27,impact_recovery,5.798409191350473,0.08145331325758459,3.877987364130248,2.555422117122792
148,17,28,impact_recovery,5.674933816015618,0.08142534281201674,3.709059657470445,0.35947892653824964
149,17,29,impact_recovery,5.284177728906044,0.17820247031347353,3.687496788001682,2.272650066507167
150,17,30,impact_recovery,5.2578367777974595,0.13838063681477097,3.2225751099911264,1.4306010734853756
151,17,31,impact_recovery,5.247379936465163,0.15947141655727154,3.852980525791497,5.166781402200819
152,17,32,impact_recovery,5.3940017271698935,0.23112996664944402,3.2857276544504948,5.2450538196534495
153,17,33,impact_recovery,5.814059348556554,0.20047789688400303,4.073949884332583,3.7946858936408474
154,17,34,impact_recovery,5.881048964438412,0.12369740238096094,3.5088943153623307,3.575855786070819
155,17,35,impact_recovery,5.533073923097355,0.08957756639128622,3.160173265122016,3.968708971704806
156,17,36,impact_recovery,5.367128677756246,0.1922910434987814,3.8267199196841624,3.4742864319384825
157,17,37,impact_recovery,5.132569079653335,0.15141264919850012,4.091231717013875,1.9777606062929594
158,17,38,impact_recovery,5.089833033193884,0.20299533795653035,3.314288337883533,1.252472622830291
159,17,39,impact_recovery,5.512997134012921,0.22634261161951053,3.5866196887796473,1.3291439118676511
160,17,0,impact_hr_drop,5.0086035905056,0.14751716863573847,3.168722774659342,6.052482037311034
161,17,1,impact_hr_drop,5.883334008366022,0.2363787969625999,4.078813393441336,1.760076297919763
162,17,2,impact_hr_drop,5.635418526347286,0.16828417361289427,3.5453567559710906,3.400641813779016
163,17,3,impact_hr_drop,5.217504245159503,0.10482630407758678,2.8770708620344196,4.334501881896019
164,17,4,impact_hr_drop,5.166757013327521,0.21830117418094724,3.7079821557081853,1.92551773271531
165,17,5,impact_hr_drop,5.894823343789875,0.09474959618100845,3.0837626090893004,4.992329811630986
166,17,6,impact_hr_drop,5.370410811314419,0.2251932600562574,3.4893322090373524,0.0004424832064827464
167,17,7,impact_hr_drop,5.93021971308717,0.23809057895969848,3.4329342187599186,4.491167337106305
168,17,8,impact_hr_drop,5.682895445567131,0.09624534207420828,3.8577704061843665,3.0909693398163722
169,17,9,impact_hr_drop,5.694201659642863,0.08075373115263033,3.372212022830639,1.2389007836836123
170,17,10,impact_hr_drop,5.926782710870855,0.08473331107636903,2.8354027448371064,2.042756198289175
171,17,11,impact_hr_drop,5.817034600536895,0.110894644476535,3.7553380461986396,4.94956501049552
172,17,12,impact_hr_drop,5.5955726295631365,0.1418637999446632,3.84279600067683,0.7489541275560576
173,17,13,impact_hr_drop,5.267759731707163,0.21833001812051422,3.1010958245643265,1.621340963724196
174,17,14,impact_hr_drop,5.136280040161051,0.16539681669025103,4.099346334724105,0.9089652555355632
175,17,15,impact_hr_drop,5.513574714259219,0.22296390424386864,2.9220414033398967,3.041267037840854
176,17,16,impact_hr_drop,5.2999331327473085,0.16805694628556872,4.118725342963065,5.886744804106774
177,17,17,impact_hr_drop,5.332050044733737,0.11232608306076819,3.5185859634304246,5.9256698148293365
178,17,18,impact_hr_drop,5.241604643303615,0.12359207267038827,3.342004675970257,5.895824821761141
179,17,19,impact_hr_drop,5.296971426654263,0.11093850326959127,3.3620388842510507,3.409303120161207
180,17,20,impact_hr_drop,5.222680637739054,0.20390461208514504,3.0731770983132023,3.3179357378092518
181,17,21,impact_hr_drop,5.357655314185898,0.22137518032028725,4.165549396070481,2.92128956695932
182,17,22,impact_hr_drop,5.399514194781983,0.14474734100618636,3.6784324038811964,1.0127925682076868
183,17,23,impact_hr_drop,5.038852986827773,0.12242795654579211,3.5963743416198084,2.1623509741959706
184,17,24,impact_hr_drop,5.163051376686923,0.1681363615927186,4.145581943354201,5.926656537941531
185,17,25,impact_hr_drop,5.246557862856472,0.11088471286972275,3.7559351928623737,5.4010293251925
186,17,26,impact_hr_drop,5.122957139241372,0.16255067637239834,3.2397223130034325,6.053215881001727
187,17,27,impact_hr_drop,5.94662904039979,0.1192268313499923,4.141755389537198,0.9051633738288877
188,17,28,impact_hr_drop,5.250568218696395,0.23013241078656493,3.2825422720610278,5.997313812992811
189,17,29,impact_hr_drop,5.578159710068013,0.18082654010352467,4.0875042027375805,4.608039256425411
190,17,30,impact_hr_drop,5.323970236471709,0.14729227761876212,3.2907238000628483,1.4987563052528408
191,17,31,impact_hr_drop,5.322250128882491,0.19256067213530345,3.404005302849623,0.34869545004366015
192,17,32,impact_hr_drop,5.812993119816452,0.18636163360277605,4.08377656699811,3.611595981138935
193,17,33,impact_hr_drop,5.341442670876425,0.20761137177173422,3.7802062752623007,3.6377028583828617
194,17,34,impact_hr_drop,5.602353565187009,0.1390440074859238,3.190320734179809,0.20874979745269207
195,17,35,impact_hr_drop,5.4347454495076395,0.1615951438526323,3.04377591932954,5.8597945744884585
196,17,36,impact_hr_drop,5.914345187543896,0.13193246153028682,2.9868603829844047,0.49629826676645455
197,17,37,impact_hr_drop,5.631145734367139,0.20170963533152483,3.401214459990206,4.929432684481992
198,17,38,impact_hr_drop,5.248005248996519,0.13250285991855174,3.1173428150635227,0.1362992406692448
199,17,39,impact_hr_drop,5.007135427807306,0.22196316192905946,2.9998638302640765,0.5670219141350572
200,17,0,unworn_impact,5.648222328760665,0.13247919300799735,3.556047831723123,0.19279532713150782
201,17,1,unworn_impact,5.058809756856914,0.1567928845894181,4.135308621675309,1.096756043678795
202,17,2,unworn_impact,5.143674052163815,0.20343292644385583,3.8552278510713878,3.224573021076988
203,17,3,unworn_impact,5.728142005843122,0.1337729618626604,3.1195694368789955,2.0436325254015215
204,17,4,unworn_impact,5.279280125161367,0.1715445190534913,3.852220622356456,5.08194795440344
205,17,5,unworn_impact,5.662296076511533,0.11049882477421487,3.7945025287412744,1.5513680936012786
206,17,6,unworn_impact,5.135597483323371,0.14807722861345068,4.191758922441236,2.5479976140404816
207,17,7,unworn_impact,5.678926130339931,0.20463006627562785,3.6901469003953205,1.0757346301823567
208,17,8,unworn_impact,5.653449055660955,0.18881479712695148,3.1800727144522933,0.7591706720576922
209,17,9,unworn_impact,5.057698839894773,0.19134225625751117,4.08311800153993,0.11586535231049173
210,17,10,unworn_impact,5.410119348458069,0.2068251278194782,3.996113502933377,4.826829003028015
211,17,11,unworn_impact,5.158496583792785,0.13626965376935568,2.878544566255267,2.431911039712781
212,17,12,unworn_impact,5.744493275251725,0.12181854609418782,4.161644833472062,1.638713343730567
213,17,13,unworn_impact,5.492333146193189,0.16723569653158166,3.529339703854156,4.481896019813717
214,17,14,unworn_impact,5.508338116702876,0.209211102768118,3.612984202862286,6.0119507697092684
215,17,15,unworn_impact,5.8398301324277595,0.22223633401183557,4.118880917892799,4.103384399633787
216,17,16,unworn_impact,5.422639179327974,0.10876952297456093,3.1427905434725867,3.118811057471063
217,17,17,unworn_impact,5.759407699430273,0.1567032018469991,2.873258926835511,1.8056740063697276
218,17,18,unworn_impact,5.545394304210895,0.10831788414821578,4.043704133566622,1.9263870547010942
219,17,19,unworn_impact,5.112798913622367,0.22630594793957326,3.4443035886055178,1.30960406446869
220,17,20,unworn_impact,5.092762280440079,0.16401505999143462,4.112296873058089,1.9806203048413087
221,17,21,unworn_impact,5.362345564011044,0.21787162243257718,3.705044720760437,4.869779805125121
222,17,22,unworn_impact,5.002267895702361,0.21763635910543833,4.1842116758190535,2.415130081268112
223,17,23,unworn_impact,5.809734786290841,0.09989199180430222,3.1526705774987445,5.782824607137482
224,17,24,unworn_impact,5.22200691869247,0.1407505267927471,3.2449678896198644,0.9267113834112948
225,17,25,unworn_impact,5.904068334970336,0.09340389602214724,4.131832500678571,2.1287528686460004
226,17,26,unworn_impact,5.662207358712277,0.13438565555104318,3.2100220932887895,3.7621712420588658
227,17,27,unworn_impact,5.9314011722884405,0.18149117349850946,3.0916367377013665,3.8758396998241116
228,17,28,unworn_impact,5.677833662166994,0.2372148011231902,3.3477258101185434,5.695157660616969
229,17,29,unworn_impact,5.46113990169974,0.23856908662023824,3.5741960398138493,1.7313303978750765
230,17,30,unworn_impact,5.716084460927924,0.2272007554730754,3.004867639256951,2.377189040493189
231,17,31,unworn_impact,5.476428742103422,0.2273020828396789,4.077621179982537,1.5615508817238068
232,17,32,unworn_impact,5.644680721833054,0.18408682648753516,3.5983797423914425,0.33388748520682915
233,17,33,unworn_impact,5.419683861992857,0.22542313743384973,3.180489229752312,5.912488007720492
234,17,34,unworn_impact,5.767173538161976,0.1435622213496746,3.1228250667864073,1.2939918408183593
235,17,35,unworn_impact,5.871852280344416,0.17850375594174028,3.9574075669614786,2.6390588131147994
236,17,36,unworn_impact,5.639632597091782,0.13222960018788088,3.0256357100328968,2.8893556572107952
237,17,37,unworn_impact,5.202979483143369,0.15599855862480327,3.2892875324057003,1.0872832160999963
238,17,38,unworn_impact,5.3061679351660045,0.22307007227221398,4.028653199925446,5.451809961175605
239,17,39,unworn_impact,5.218639536949389,0.15346451629923485,3.737220883747528,1.0790456870142031
240,29,0,quiet,5.548119053811699,0.13533309173408878,3.9827915239932787,1.813311165828562
241,29,1,quiet,5.51034502630875,0.1350102846538013,3.381691499248989,6.118935280186464
242,29,2,quiet,5.103732689078304,0.15115252572559953,3.1147305929981464,2.1963915025826815
243,29,3,quiet,5.99874011053063,0.13268783440286427,3.650888900154647,2.6365305482125043
244,29,4,quiet,5.73045361935602,0.15155320284019483,3.038610103035171,2.726353856287769
245,29,5,quiet,5.4080601235797525,0.2068348141715356,3.587649030483504,1.23402563520336
246,29,6,quiet,5.673845212328661,0.127740066383213,3.5166471365890093,1.3813976279057307
247,29,7,quiet,5.410754494060771,0.2057781022459227,3.5219853594984976,4.72698404860013
248,29,8,quiet,5.756739544118246,0.17393495405669945,3.703224470168071,2.496226264319626
249,29,9,quiet,5.617952010396453,0.20435814606579705,2.9388571472725706,5.891302317943143
250,29,10,quiet,5.367237440179729,0.10225789459238507,3.010000307589729,2.1405301614079906
251,29,11,quiet,5.0692659061559056,0.14365760941900377,3.3811240172032697,4.1176635066175935
252,29,12,quiet,5.4665877989029115,0.22964574649033065,3.7231248305586964,2.017031129459707
253,29,13,quiet,5.874896264407347,0.19184800860084478,4.15424493319569,4.614016223581197
254,29,14,quiet,5.965624270396986,0.11283489784197248,3.1897035436429197,6.109186053431275
255,29,15,quiet,5.021876479674317,0.22780089070123483,4.074559353053297,0.8538883100427908
256,29,16,quiet,5.150774414019433,0.2265518832319815,4.143596775983755,5.464198219250495
257,29,17,quiet,5.724505536552219,0.20156535344841053,3.230993458395629,0.04647608537973521
258,29,18,quiet,5.627883363651282,0.22115561134640177,4.128521322116109,3.234686195274451
259,29,19,quiet,5.0083611097285035,0.10789741839862649,3.428743825237699,1.4489389989418973
260,29,20,quiet,5.027680573841423,0.11083096177236516,3.4998243870679677,0.7971713159059108
261,29,21,quiet,5.112762039466525,0.10647344332217738,2.847161289355203,4.923020645349621
262,29,22,quiet,5.865625494892502,0.11228192949694787,3.6875863389348185,5.505717120957127
263,29,23,quiet,5.243614218706705,0.13334700134629224,4.033979008748679,4.787139787455535
264,29,24,quiet,5.621165716016964,0.20702546203719113,3.602190102289013,1.9782692066406131
265,29,25,quiet,5.685218411794237,0.2054262780810558,2.8776665586988965,2.0237747682829554
266,29,26,quiet,5.294321146425843,0.22182239790357838,3.2033627597281984,4.23289509151463
267,29,27,quiet,5.43486021498309,0.14052938271846344,3.499947728973661,5.623324990616551
268,29,28,quiet,5.658167290128317,0.1423008217058786,3.0105845945962435,2.1640626765642317
269,29,29,quiet,5.470863501755816,0.18336714209745847,4.197959942523988,2.041430002675336
270,29,30,quiet,5.94010036792456,0.2257212889725475,3.4201131668821745,1.3958618743899487
271,29,31,quiet,5.234056411805312,0.22740650826175096,3.043109107133625,4.073212335214644
272,29,32,quiet,5.652386876492339,0.1067556454847934,2.84389986942385,4.010249976891778
273,29,33,quiet,5.052937661339829,0.16779799809634174,4.159999290234357,2.913472496753079
274,29,34,quiet,5.312048845398208,0.09699089161045649,3.222657477298821,2.0122053476843007
275,29,35,quiet,5.117104077270369,0.19239986283230143,3.6432881297950956,4.510448012239958
276,29,36,quiet,5.107141821064335,0.12007018842448336,4.095094669652525,0.05537325861434231
277,29,37,quiet,5.369828836536579,0.2108687851695853,3.1203802720155687,1.3827504463249054
278,29,38,quiet,5.63743200339378,0.12028214757637425,3.2705043677051586,2.4605831964660156
279,29,39,quiet,5.298696728121999,0.1854515124724775,3.8284568788648965,4.782141550413138
280,29,0,walking,5.9804173675370444,0.09164829570751115,3.159345205888441,6.198395830307653
281,29,1,walking,5.798033081765405,0.2016694937830545,3.111233573302196,0.8063553913568877
282,29,2,walking,5.275330476415741,0.22285860160254906,3.850685051749611,2.3056904276234342
283,29,3,walking,5.6586668589617775,0.19763858445596877,3.201254830410334,0.6685154392247896
284,29,4,walking,5.811119860713127,0.19325852315281777,3.9300460132121717,4.666799697813525
285,29,5,walking,5.3654347145807595,0.1847090252454638,3.3135448321987018,5.6770900070111265
286,29,6,walking,5.123892080923669,0.19145318095383695,3.2849847852036347,5.715325755227239
287,29,7,walking,5.80384794401271,0.10799314202027238,2.821884809569419,1.4687621358241623
288,29,8,walking,5.961279207558611,0.20293718509213443,3.7884648984372635,1.315519973287594
289,29,9,walking,5.212257581953084,0.15122789308696288,3.545790387087405,3.872420406806751
290,29,10,walking,5.059900128852256,0.2149236499553439,3.1425042348770447,4.487317482338284
291,29,11,walking,5.317311752642345,0.12743337336912047,4.019045534575581,1.3629090789453198
292,29,12,walking,5.503865783959378,0.2200341859245561,3.9592608788687373,4.514123518211429
293,29,13,walking,5.242956938201414,0.1803736784523582,3.4628072224688093,1.9140315967326667
294,29,14,walking,5.7720468121937,0.18797651422800282,4.051236079190174,2.668925028417847
295,29,15,walking,5.1438598186562805,0.12336420884645473,3.835940991418915,4.414707603193411
296,29,16,walking,5.6428804944385496,0.14351368976075052,3.6099460693585352,0.4315970317672081
297,29,17,walking,5.090650109029926,0.20889829163528173,2.9557395870582117,3.9139533369885786
298,29,18,walking,5.299156465960949,0.10746165678612488,3.898409670195775,5.552041779222358
299,29,19,walking,5.31674611485329,0.10424811547078834,3.4453584598459344,0.7079827560542026
300,29,20,walking,5.96026753749237,0.08379410271936096,3.5128784072758634,1.0245983963933485
301,29,21,walking,5.002353355951676,0.23949605048950556,3.7521970730751977,4.435837609049408
302,29,22,walking,5.769730688541462,0.2058897824684307,3.6525201234307008,4.171544314261907
303,29,23,walking,5.315695421376667,0.09649187918780061,3.8167456638093524,4.618559581025729
304,29,24,walking,5.738063618663437,0.18349451251485732,2.9182210421041526,4.064601050151642
305,29,25,walking,5.08589529805084,0.2192945619689427,2.8125184625091886,1.6610796986489391
306,29,26,walking,5.533641856486243,0.2190691861862747,3.720396866705429,0.8216775698136422
307,29,27,walking,5.724976984173198,0.11324519509123142,3.2695602920435314,2.2624728276080557
308,29,28,walking,5.798365274345734,0.11343403788696757,3.251831761667944,1.7641337829978412
309,29,29,walking,5.24170343436668,0.11448023558030695,3.3376711840153352,1.1255442356075391
310,29,30,walking,5.258456040204518,0.09912839085601521,3.6135351809720664,4.379611726490501
311,29,31,walking,5.236796228441361,0.15149109302109243,3.6412233863075545,6.142463644338938
312,29,32,walking,5.966172932878307,0.09788768967476966,4.12291867501894,5.0661743927038465
313,29,33,walking,5.224963874508002,0.1117696685499599,3.50219726736449,1.7846312273272829
314,29,34,walking,5.311981975688372,0.14521161379336556,3.5582722650100806,3.3994343057629837
315,29,35,walking,5.035591711971278,0.14794388185969237,3.1117099226899216,5.75407018283427
316,29,36,walking,5.143467746473724,0.1010206044073001,3.295820525388486,1.569249688596739
317,29,37,walking,5.824276693179907,0.08629448749845593,4.101643336118523,3.811931781737833
318,29,38,walking,5.739429887727575,0.12129306427074103,3.522051104953591,1.3802402721718947
319,29,39,walking,5.760611821987433,0.166593345548569,3.162450727992578,1.9552511628219944
320,29,0,impact_immobile,5.016740118689294,0.09382732193801963,3.6264070243797812,6.279795284780454
321,29,1,impact_immobile,5.900979036096912,0.1332463408413703,3.2859079758612735,4.077764950893504
322,29,2,impact_immobile,5.487532927782878,0.2066831496356435,3.0808918402642744,2.4009282856856884
323,29,3,impact_immobile,5.9413622098013725,0.12587728771080844,3.7605938666023677,2.808640342964038
324,29,4,impact_immobile,5.496780326074515,0.21322262160857341,4.160308222120066,3.5731346105658317
325,29,5,impact_immobile,5.991934063080708,0.12299353079421205,3.2532497113393113,2.1905494736949915
326,29,6,impact_immobile,5.339860615676368,0.23794439140027962,3.0136584910713444,5.350878228639235
327,29,7,impact_immobile,5.715675728221303,0.177869080577568,3.4822753662049477,5.336540040647594
328,29,8,impact_immobile,5.026467972728881,0.22905075031219252,3.315331783059565,1.4840281991875115
329,29,9,impact_immobile,5.000036063918122,0.2068062142883808,2.8380892172459755,5.214110224920526
330,29,10,impact_immobile,5.229443486916701,0.2363353141857389,3.657204367366599,6.196893653221719
331,29,11,impact_immobile,5.048387947818486,0.13450610448081124,4.198552759153094,0.2357839667526233
332,29,12,impact_immobile,5.303458918949158,0.1372365802376707,3.4703041188987704,4.2532311115652925
333,29,13,impact_immobile,5.382663115455065,0.13865900211726156,3.266292585140796,2.358449633058154
334,29,14,impact_immobile,5.688649699665069,0.22202369066153543,3.570094624790837,1.755768711244889
335,29,15,impact_immobile,5.967124384291123,0.12549752885727666,3.7773549787970913,4.6503657379910734
336,29,16,impact_immobile,5.508536307082626,0.12350900653324248,3.256556115081199,4.561132443292856
337,29,17,impact_immobile,5.967004814600013,0.22719470837642752,3.4290495301907207,3.9907818640107555
338,29,18,impact_immobile,5.463613885188252,0.12125529205836152,3.977976909974795,3.861528810527378
339,29,19,impact_immobile,5.329560972174638,0.10253268066819395,3.7630138348568254,0.12804752721977894
340,29,20,impact_immobile,5.775800515124859,0.08747583356014894,4.033337049408244,0.40714648582669577
341,29,21,impact_immobile,5.044462018955072,0.2246655376460382,3.7273218564292945,2.920957354879372
342,29,22,impact_immobile,5.2426366781271785,0.19582284084436108,3.014893693703562,5.8182203682320415
343,29,23,impact_immobile,5.775479830311395,0.20314851061321376,4.17627967817452,6.092485027657953
344,29,24,impact_immobile,5.886537248187877,0.08243589630260299,3.2928770045418942,0.7651500963780935
345,29,25,impact_immobile,5.421659077003148,0.2167386662576647,3.9571701665452066,3.566156294159455
346,29,26,impact_immobile,5.323623571495086,0.0894227457663673,3.7304049786696134,1.9838148641266256
347,29,27,impact_immobile,5.417844987557404,0.08561460031699236,3.9577780555445643,0.9544919632902611
348,29,28,impact_immobile,5.1959036835201475,0.15285404203417813,2.9791337672475136,2.4272159842461396
349,29,29,impact_immobile,5.89725959173239,0.16260464941955322,2.817830004471608,3.2091721376577933
350,29,30,impact_immobile,5.707017627831426,0.22551735844775805,3.730262385551058,6.220526038136734
351,29,31,impact_immobile,5.751477032439277,0.16984872437120377,3.8842231719832383,5.919181485213216
352,29,32,impact_immobile,5.897362424202182,0.1105003711353412,4.090422860210525,3.3873952745977003
353,29,33,impact_immobile,5.755788077915347,0.19108124657708375,3.0163116796981373,3.3655982064496586
354,29,34,impact_immobile,5.023991695033176,0.16159883141981957,3.0948175401768165,0.37263630935415004
355,29,35,impact_immobile,5.539367376708322,0.1665483197947351,2.877665480889235,4.176545411537879
356,29,36,impact_immobile,5.9556942081448705,0.17029888829590972,3.253718055071367,3.0649752749984285
357,29,37,impact_immobile,5.368381091034539,0.1651883171983045,3.841905198050449,4.72282474777212
358,29,38,impact_immobile,5.253856010356951,0.2345185184720952,4.178139300993134,2.6619601243796316
359,29,39,impact_immobile,5.431056848042853,0.1324833993135709,2.84507263600439,4.333571392705743
360,29,0,impact_recovery,5.7090173583404304,0.14623146649197083,3.1779482091328872,3.980992307163884
361,29,1,impact_recovery,5.036514885558691,0.15749545400576748,3.177197171868908,1.257200871330602
362,29,2,impact_recovery,5.795791537009645,0.22057626902811728,3.271359477772718,4.790462348628336
363,29,3,impact_recovery,5.1452096651571635,0.2193630009985113,3.606027693184427,5.567788177198774
364,29,4,impact_recovery,5.951692214457797,0.15067848107152065,3.6011868251393517,5.492040721619309
365,29,5,impact_recovery,5.596875719368156,0.19877943962325909,3.253621667206602,2.236659241037105
366,29,6,impact_recovery,5.415277254500262,0.12603478058922551,2.8824431289880437,2.5345762608574334
367,29,7,impact_recovery,5.0719281818814865,0.19861166878258243,2.8125879690259317,3.8437957871360133
368,29,8,impact_recovery,5.106398852318246,0.12953097498162375,3.67898821567361,3.2417664567533473
369,29,9,impact_recovery,5.866548534419789,0.12391608185008479,2.912528975051279,3.8891065525996633
370,29,10,impact_recovery,5.56595133714896,0.09309774079904365,3.1092925666790108,2.2802650605350236
371,29,11,impact_recovery,5.585581043117161,0.13908484032546975,3.083770430008656,4.271212179796719
372,29,12,impact_recovery,5.621779524751765,0.18592776310958004,3.8293519795485333,1.643968835367528
373,29,13,impact_recovery,5.399331608591241,0.12459691341418111,3.800113052272611,0.29992254410232394
374,29,14,impact_recovery,5.4927862445857585,0.10380785222398665,3.138739414002768,2.403983389627256
375,29,15,impact_recovery,5.599355340424319,0.19776792258494424,3.669830058177146,1.6642584423096685
376,29,16,impact_recovery,5.656619317771083,0.08462576004959675,3.069638150307956,5.778170616569765
377,29,17,impact_recovery,5.001498909934326,0.11167620660705183,2.802455245265678,2.851011131098288
378,29,18,impact_recovery,5.602900550658262,0.22750350863209018,3.074404962759994,4.19933346280725
379,29,19,impact_recovery,5.044279818131774,0.10778595769465932,3.102253160150802,2.3680272869486205
380,29,20,impact_recovery,5.666019768042758,0.13783377284775208,2.9442871055865556,4.878557326103183
381,29,21,impact_recovery,5.72600519194755,0.14585560974711537,3.131572972626741,4.240090825056199
382,29,22,impact_recovery,5.345013046003226,0.18111956651935962,3.0912107142110234,1.3585700848381308
383,29,23,impact_recovery,5.866842511224511,0.08702716166589568,3.1574521151258006,1.5298504682133658
384,29,24,impact_recovery,5.9748902569973135,0.17594839490791087,3.180475886252473,2.654695757089163
385,29,25,impact_recovery,5.430704360223494,0.12219242252965541,3.4942157775394813,1.3209133931787944
386,29,26,impact_recovery,5.654883215227875,0.14258460420904967,3.371807043274622,1.3770307034568552
387,29,27,impact_recovery,5.829352421035572,0.1496842687539807,3.483271241560395,3.940192697267137
388,29,28,impact_recovery,5.34851494832599,0.14907239827336613,3.9367993412074194,0.9886526354721326
389,29,29,impact_recovery,5.5635930971429985,0.18684336776628135,3.736614610064471,1.843893094649616
390,29,30,impact_recovery,5.717321546468142,0.20592297461235143,2.8773565288746923,5.941825485494867
391,29,31,impact_recovery,5.844344452563249,0.11681362300708568,3.081624597770657,4.815385049558006
392,29,32,impact_recovery,5.932473343826256,0.15400737924779695,3.3861768147351214,0.27459615316293584
393,29,33,impact_recovery,5.0973334709044185,0.20053673674272146,3.615246548033706,0.16387476674773366
394,29,34,impact_recovery,5.317909492084134,0.18675113564119228,3.270161976334998,4.340901735723595
395,29,35,impact_recovery,5.698345470193233,0.09612126453592973,2.883577318978927,6.167066013585207
396,29,36,impact_recovery,5.9512220830858595,0.16286327179134966,3.538212680326582,5.558401146807284
397,29,37,impact_recovery,5.401390385612961,0.10474324515303016,3.867137455895576,3.4768823104486275
398,29,38,impact_recovery,5.186304430915237,0.09452035353885328,3.9032103666123055,3.974746550879662
399,29,39,impact_recovery,5.241192608263752,0.15042150399938964,4.196996530540247,0.9066453870804232
400,29,0,impact_hr_drop,5.415223782306566,0.2021892327674969,3.858675563720077,5.781638731743973
401,29,1,impact_hr_drop,5.455784735409627,0.1676905861527524,4.055322563137758,4.910127863045911
402,29,2,impact_hr_drop,5.276184611642382,0.1549846696524585,3.2434011652058494,4.731950414872056
403,29,3,impact_hr_drop,5.926521513175786,0.08804849728818587,3.9855708787698196,1.2102419365245893
404,29,4,impact_hr_drop,5.956586921017209,0.13284994295562463,3.597443544228544,4.175383391156525
405,29,5,impact_hr_drop,5.709925456833442,0.22871554495132673,3.8468976002182838,5.183590354182568
406,29,6,impact_hr_drop,5.179292087590331,0.17687501703164046,3.364663305635465,0.5452764174823566
407,29,7,impact_hr_drop,5.00618425012123,0.23531903293329381,2.991303694170034,4.462404483172331
408,29,8,impact_hr_drop,5.949386083630704,0.21178887000613944,3.093485501614695,4.411036984347468
409,29,9,impact_hr_drop,5.1337638828079895,0.14444747065568392,2.906643104239433,0.2880189524096571
410,29,10,impact_hr_drop,5.045746423812577,0.21417549107097872,2.9427022709436383,3.5680397160026454
411,29,11,impact_hr_drop,5.684740701031091,0.1984424771852928,4.174666547061753,0.9101786952836145
412,29,12,impact_hr_drop,5.0406255018914665,0.16548685540594815,4.044611352552786,1.8821502101950935
413,29,13,impact_hr_drop,5.9272794647507645,0.17053776705793444,3.5238840653367887,3.0793002590000347
414,29,14,impact_hr_drop,5.975035832019277,0.13183557430271192,3.0615311083446954,0.08133044053456814
415,29,15,impact_hr_drop,5.299649607200754,0.15290308516473422,3.5968952405776484,6.122248325802518
416,29,16,impact_hr_drop,5.5099580681153,0.09596986470079356,3.833571526890969,5.41050168464809
417,29,17,impact_hr_drop,5.784339533141154,0.20168844646732484,4.087348601345952,2.0039914149765177
418,29,18,impact_hr_drop,5.720389231954968,0.21834563486295544,3.7912656333663812,4.014582594210537
419,29,19,impact_hr_drop,5.1989686321108,0.14414266499947748,2.8765535827987696,4.6927065420024725
420,29,20,impact_hr_drop,5.779379700682932,0.08065007577746319,3.0228738738822343,6.134106408951882
421,29,21,impact_hr_drop,5.635509143957842,0.23189331238952576,2.876649964854684,1.8758911439657266
422,29,22,impact_hr_drop,5.161380210959761,0.20316628530462358,3.029389082688115,2.7564633917997345
423,29,23,impact_hr_drop,5.491465291644,0.14004743558322305,3.396174042892583,5.251031523906455
424,29,24,impact_hr_drop,5.168712349133971,0.15234113458090148,3.4990099691965777,4.484229671365302
425,29,25,impact_hr_drop,5.999066602839743,0.15072752474705126,4.066527267631287,5.345762286167696
426,29,26,impact_hr_drop,5.834429412399297,0.11927525600471,3.561556896368234,4.55115014980773
427,29,27,impact_hr_drop,5.852311242795584,0.2165577918320899,3.794894255962849,2.0326085605801425
428,29,28,impact_hr_drop,5.461009816866699,0.08788611162488419,3.408288979342263,0.350258886434472
429,29,29,impact_hr_drop,5.4802957551501565,0.14466724588136298,3.7268768310910865,0.8495951669172599
430,29,30,impact_hr_drop,5.674806344707852,0.2124527401008911,2.9590074043424988,4.877287325456357
431,29,31,impact_hr_drop,5.4581537311277435,0.2359148574669357,3.123073968875912,5.622603373147915
432,29,32,impact_hr_drop,5.723739705928399,0.08352070637521682,3.2555058909916434,6.0568254041334955
433,29,33,impact_hr_drop,5.861110023720059,0.14633600986467443,2.8078462331294336,0.28549221815793
434,29,34,impact_hr_drop,5.179633541380655,0.12540837716917919,2.9842578912728612,2.6373506448123134
435,29,35,impact_hr_drop,5.533498329591348,0.1923231188821114,3.496276648251338,0.3954413392817797
436,29,36,impact_hr_drop,5.806966659076458,0.19266385736947517,2.808973336698139,3.260536252867915
437,29,37,impact_hr_drop,5.542170963816277,0.15260462493419735,3.6939592889716355,2.8352363216967547
438,29,38,impact_hr_drop,5.594256524509996,0.13526106073902666,4.054332496710317,0.004986864351757037
439,29,39,impact_hr_drop,5.5547594186851095,0.11302902889502622,3.5547619350759483,0.7271716715877099
440,29,0,unworn_impact,5.070558915219367,0.21311089010188156,3.1568013369354864,1.428404962239529
441,29,1,unworn_impact,5.276068376029596,0.17303546540114653,2.8275709511788993,2.298396238276254
442,29,2,unworn_impact,5.637007546267921,0.16002919436713953,3.483458218383285,0.9297354055992925
443,29,3,unworn_impact,5.544469898452708,0.22082249299565132,3.5188949556625215,1.5338966232827347
444,29,4,unworn_impact,5.763340079680605,0.08531488437714672,3.3059841367119027,4.772359082108039
445,29,5,unworn_impact,5.4978940652263555,0.09873201398255567,4.184546907328272,0.7716590895882975
446,29,6,unworn_impact,5.558963323372547,0.1989545591032454,3.402765865089637,4.6439298180667645
447,29,7,unworn_impact,5.988722117614861,0.14800282701060782,3.5344162077704535,0.4561288536553927
448,29,8,unworn_impact,5.80495023640116,0.09970832446979257,3.6007767685542937,5.072635210292224
449,29,9,unworn_impact,5.239794548415601,0.17967980873956085,2.976444912236696,0.9718133777577033
450,29,10,unworn_impact,5.260889220302264,0.23576359775012873,2.8724655521344773,4.936617503540435
451,29,11,unworn_impact,5.87975927110933,0.2232852674453274,2.9191655155684977,3.2631565690909987
452,29,12,unworn_impact,5.547191502632856,0.10742431362371066,3.284103214817296,0.07138559387576243
453,29,13,unworn_impact,5.744677090344334,0.0809934159876455,3.5588894358107583,5.225731091099928
454,29,14,unworn_impact,5.79274968609893,0.1111159493721127,3.1556392639811635,2.35649449812975
455,29,15,unworn_impact,5.418801259799023,0.10357106511296323,3.201512243501913,1.2446444926114089
456,29,16,unworn_impact,5.262370384754431,0.18484523345135534,3.332071912303488,2.6181220151606825
457,29,17,unworn_impact,5.403189910403025,0.16757363383368418,4.09158596280111,1.9449309440992784
458,29,18,unworn_impact,5.588169483231085,0.19157192328141537,3.0107694926516464,2.8429778802056362
459,29,19,unworn_impact,5.365878048055463,0.18810678524878222,2.8704725423677795,5.783602053028113
460,29,20,unworn_impact,5.8857583589515565,0.23208443343247892,4.041750729100427,2.1960675660390714
461,29,21,unworn_impact,5.815505668038372,0.20870650086744835,3.8238554193231247,4.632629653556691
462,29,22,unworn_impact,5.323302225470013,0.22306059872450817,3.9060232479565404,0.7786632754320244
463,29,23,unworn_impact,5.3355291480715294,0.18678705937855128,2.936199400612818,2.897803611343041
464,29,24,unworn_impact,5.714984918834614,0.16084102647595466,3.646544682883555,3.3065633108588446
465,29,25,unworn_impact,5.558463127933,0.1723300039524082,4.005073149492768,4.154641257864513
466,29,26,unworn_impact,5.442777313722055,0.12988752808986834,3.171109986535493,0.8364188754110804
467,29,27,unworn_impact,5.8923516310458,0.15128392326759207,3.0381035636029345,3.3139645963843947
468,29,28,unworn_impact,5.836787073216383,0.10489637763926335,3.3301447683175605,4.279762412710673
469,29,29,unworn_impact,5.037863809224015,0.228782791960088,4.187869100595209,2.090913577574309
470,29,30,unworn_impact,5.4929852439511295,0.08390029417708966,3.4181259433557734,5.880883941273625
471,29,31,unworn_impact,5.867310239478073,0.1697807582410285,3.5916812365664095,5.0471005155522555
472,29,32,unworn_impact,5.590582633800168,0.1890981408463387,3.338369434365698,0.29096277290562805
473,29,33,unworn_impact,5.720290941037062,0.12465507066941811,3.386215341772239,0.48932060554444917
474,29,34,unworn_impact,5.710790901225414,0.18007783887080314,2.8222206193027013,3.1273368394074423
475,29,35,unworn_impact,5.211586415163497,0.17065054735556634,3.5155094390560593,0.9361211066478473
476,29,36,unworn_impact,5.210559025722371,0.09624211365557678,3.4008829335066366,0.9141263304317842
477,29,37,unworn_impact,5.335566438563923,0.21589640367258417,3.0066645316697334,5.08563439747218
478,29,38,unworn_impact,5.189025030027385,0.19864815960159551,3.618990224312938,4.609421520246939
479,29,39,unworn_impact,5.605025097934622,0.17294341741942335,3.2742356182406804,6.185129999751718
480,43,0,quiet,5.03855183933738,0.19139589162192844,3.001506509953505,2.9061758676387672
481,43,1,quiet,5.671646764117767,0.20687220346484708,3.4344649198526973,3.1307367532427257
482,43,2,quiet,5.019157108024348,0.14918221423223044,3.3213245531492968,5.35508741754094
483,43,3,quiet,5.546983904291006,0.20085069412079454,3.407695394393128,1.1070225081413863
484,43,4,quiet,5.850875251794639,0.21123519793099377,3.3262015999470282,0.6015717237727356
485,43,5,quiet,5.512430346269225,0.1593563582047275,3.881221387845222,3.752424570044756
486,43,6,quiet,5.506676012813568,0.1720254280350681,3.3276952601145524,0.30737180199709924
487,43,7,quiet,5.061210678418125,0.23070457823444468,3.9747374820114416,1.860826800683081
488,43,8,quiet,5.888752274789251,0.16356043651523833,2.944256994005471,5.3764462961277735
489,43,9,quiet,5.584377062722948,0.22924596148699689,3.750952350239865,0.5912396218380753
490,43,10,quiet,5.62274766309128,0.20590178089993527,4.0584785462376045,2.081462141806449
491,43,11,quiet,5.528891419351922,0.19218482308243423,3.0335456399386618,5.330401278052394
492,43,12,quiet,5.7808652767504904,0.08801555976436902,3.6279716713382144,2.312539691212671
493,43,13,quiet,5.1860079889884725,0.17671685823243988,4.156844222476233,3.4681286863289813
494,43,14,quiet,5.11330186796938,0.15918849813862618,3.8907853619754764,6.001879800156069
495,43,15,quiet,5.7151781129389505,0.08661488231785634,4.153176919973597,3.7816060544870824
496,43,16,quiet,5.083648103163549,0.10034507709141373,2.92071891444116,4.177084023157819
497,43,17,quiet,5.154104520187456,0.20919505990448367,2.9525170785642807,3.362690340953105
498,43,18,quiet,5.443076652192632,0.08607584255524557,2.803527253479201,5.677047965980752
499,43,19,quiet,5.976607656688177,0.09989117160562763,3.828427003501898,6.2152196674270215
500,43,20,quiet,5.903818054658998,0.2216062388189275,3.2726974335756718,4.5067969586915115
501,43,21,quiet,5.498111354254082,0.22997507304458392,3.7842272210026406,5.301028235854557
502,43,22,quiet,5.85721144043079,0.14169518719571425,3.7973099697140804,0.5840407481653923
503,43,23,quiet,5.206093794461031,0.2298514576820182,3.366524379488704,4.304277807917434
504,43,24,quiet,5.575630876447725,0.12165131997376888,3.620853341908632,5.733116068995975
505,43,25,quiet,5.327349859460528,0.1355195105693835,3.060126255099595,1.1173418492032297
506,43,26,quiet,5.827367255000421,0.19299371568877294,4.150997272666815,4.207549444410046
507,43,27,quiet,5.958819890766703,0.11550963442969317,3.06289843385841,1.3604534235297796
508,43,28,quiet,5.383777475526441,0.2383344869484315,3.114809536076853,2.879694949959383
509,43,29,quiet,5.061220832884221,0.08435290697067221,3.564137418607594,3.8531579663384874
510,43,30,quiet,5.510836868643582,0.22634814680058907,4.005389284399798,5.97606380184304
511,43,31,quiet,5.578938792240285,0.1221587898965113,2.9819209115834586,4.801722594447655
512,43,32,quiet,5.154609801241737,0.08097850693273902,3.7789496340405044,0.7823640744020005
513,43,33,quiet,5.622445556636864,0.11216235086528464,3.3951363798059675,0.09259677786519045
514,43,34,quiet,5.376135789725143,0.13254103936268136,3.1655939247719536,0.8410836387568552
515,43,35,quiet,5.575646267469253,0.1908108296901451,3.0795693079463993,0.27551490052619293
516,43,36,quiet,5.268234010628423,0.19189542405123972,3.1825942126817632,4.068457560360486
517,43,37,quiet,5.073555711520782,0.19253412167984413,2.999104214072197,1.402963904962853
518,43,38,quiet,5.729609327074137,0.156008145773874,3.696523587483603,1.7974207147775916
519,43,39,quiet,5.6684535923920585,0.12784433451017935,3.473318032681869,2.790088376341782
520,43,0,walking,5.912229329077996,0.20035548537569578,3.5679145684955005,5.311628620271523
521,43,1,walking,5.6100576626343575,0.19580832175449908,3.52525366351997,3.613456859950501
522,43,2,walking,5.213698287411926,0.22891476476135592,3.694920972114736,5.149563587707951
523,43,3,walking,5.606369292330585,0.08397111373704305,2.9514354982861932,5.5404621558877585
524,43,4,walking,5.699645408155079,0.22470347973110288,4.050900466096374,1.4537333968252533
525,43,5,walking,5.985166193525811,0.1777105424328769,3.822048934802809,3.245825358900756
526,43,6,walking,5.256233894600508,0.15776425599817395,3.4468848659606146,1.8675189037028805
527,43,7,walking,5.3418145511927015,0.15085308992148616,3.1734218738837328,0.8755289495331589
528,43,8,walking,5.804349916587484,0.13730725685692302,3.3107568930177704,4.922387588467546
529,43,9,walking,5.698252364922955,0.15159797230544508,3.2334895489408693,5.001384173385686
530,43,10,walking,5.236629328066805,0.15408240101594656,3.3242237107598602,6.25077113564877
531,43,11,walking,5.239910198958932,0.17494993721681137,3.5380118600459687,0.3055852803138434
532,43,12,walking,5.181517990700396,0.22174713150364256,3.904191954571099,1.3416638984627778
533,43,13,walking,5.178568025586067,0.23014260249377783,3.6241448380841033,4.5011183170183875
534,43,14,walking,5.907103823049039,0.12175103176325291,3.499733455060536,5.741132004806348
535,43,15,walking,5.186232298559813,0.1207506177819238,4.034331468853221,5.28793642543962
536,43,16,walking,5.515396620054799,0.10139562857558009,3.9665624187133606,1.9373653743859904
537,43,17,walking,5.75738157321543,0.12077222001037019,3.015719813101834,4.355255123314553
538,43,18,walking,5.3931372094995025,0.14016759106597024,3.4149854606702705,2.8849516270656084
539,43,19,walking,5.470787410011218,0.1837257182045387,2.949180296156723,4.243387168134377
540,43,20,walking,5.486652832340592,0.21092955717595036,3.2021415900492136,4.190211524011113
541,43,21,walking,5.205585103094767,0.19184287439305348,3.753139364309756,3.4172313443964693
542,43,22,walking,5.479471312070982,0.23207007907177568,3.302191796972552,0.5171262922689284
543,43,23,walking,5.3310402923949365,0.08686557303497336,4.047649681409118,5.246745079703887
544,43,24,walking,5.185180574822997,0.1805829421954238,3.087052363568625,5.372418393889105
545,43,25,walking,5.414456907397804,0.08944517613824664,3.688588540080991,0.5238096020999289
546,43,26,walking,5.894280739906494,0.2285347762121286,3.659614970505914,1.5368022790174067
547,43,27,walking,5.774632561184481,0.08629377710088285,2.955305228674559,1.9111038894473
548,43,28,walking,5.072224621592341,0.2197809976360638,3.735588094541183,5.077555419451624
549,43,29,walking,5.657170814849872,0.1159195152033507,3.1894981127752215,3.8201354973145545
550,43,30,walking,5.791270257296005,0.18002782668076048,3.249620025513904,5.0248718667720516
551,43,31,walking,5.410382717452741,0.18046140635704505,3.9896346983974635,4.169900538205647
552,43,32,walking,5.459516148065776,0.17450354187273925,3.0855579630987635,2.7447682663208877
553,43,33,walking,5.832806534401014,0.15758282878972218,2.823537291075701,5.117437656940467
554,43,34,walking,5.154578718843861,0.08520877707425834,3.6100125852969485,4.825887167794803
555,43,35,walking,5.112325810458563,0.15100074777298766,3.4461077358342633,0.7723879774152361
556,43,36,walking,5.629129997063524,0.12022784586934598,3.767949407677635,3.1585478419908104
557,43,37,walking,5.524406659562157,0.11698876916920814,3.868551555022224,0.06932744162262296
558,43,38,walking,5.31312994931648,0.09637609170845003,2.920462360837151,0.06833676155884329
559,43,39,walking,5.522984203690226,0.09152967054326173,2.959740574785357,2.717349595692382
560,43,0,impact_immobile,5.679931082309225,0.11238615838960503,3.7196460913420513,3.5063283513773107
561,43,1,impact_immobile,5.924406896757802,0.20964439333608592,4.188112680847321,2.24473308583575
562,43,2,impact_immobile,5.885297466651997,0.13132758304384806,3.196131111181871,2.6737431912925778
563,43,3,impact_immobile,5.023016254889728,0.1957169636861778,2.923897737564092,3.849032264129747
564,43,4,impact_immobile,5.058898389487838,0.14835369976867382,3.1537802814126907,5.93884615600545
565,43,5,impact_immobile,5.298462681663385,0.13703114086457113,3.229775973002258,0.7850796423308304
566,43,6,impact_immobile,5.64413916615915,0.12842766020612814,3.1795405287767595,1.9641551532367587
567,43,7,impact_immobile,5.353036918073676,0.2069571062802557,3.102967627042917,0.7782702842470341
568,43,8,impact_immobile,5.330607647896468,0.17118667536802967,3.195438956404083,0.6887746242924929
569,43,9,impact_immobile,5.3573100827875715,0.23371619604445,4.054226554580777,2.7935745272832135
570,43,10,impact_immobile,5.43294657378578,0.10776338007670196,3.7395437273313137,4.532358268075704
571,43,11,impact_immobile,5.258478481280819,0.18013733554720246,2.9428343978287113,1.9779913265954367
572,43,12,impact_immobile,5.288748458834855,0.20748401397641097,3.6656620913144753,3.211561413428461
573,43,13,impact_immobile,5.43759494091488,0.168303341749144,3.474459807763707,1.618966627484568
574,43,14,impact_immobile,5.830809687532959,0.2075062141848008,3.3411895893018144,2.5298674834209383
575,43,15,impact_immobile,5.926257506275807,0.08329449013629464,3.8721765027977018,1.0616369485655015
576,43,16,impact_immobile,5.190217597379641,0.13596959216439186,3.67340812914816,2.01065834978948
577,43,17,impact_immobile,5.517660771302629,0.16203089885727007,4.088123111268,3.640111973426747
578,43,18,impact_immobile,5.270372725324319,0.1812874594328761,3.5786569583294625,1.9054351913286165
579,43,19,impact_immobile,5.724385453083666,0.08144951887698262,4.180888169275468,5.489384758959704
580,43,20,impact_immobile,5.060624653896079,0.193800383652667,2.9825304616049815,6.223923788776921
581,43,21,impact_immobile,5.452450558245816,0.19932718436274444,3.1581119299450013,4.111670355072606
582,43,22,impact_immobile,5.028789257118807,0.20785398136548178,3.172637839376142,1.0819623944817334
583,43,23,impact_immobile,5.441196188292304,0.16027844174501438,2.864480937326817,1.0486866266734596
584,43,24,impact_immobile,5.381450550998287,0.16707992877490996,3.7797608631552237,0.8504208005098788
585,43,25,impact_immobile,5.822352086307194,0.13750816792682474,4.18728199226117,2.332575109775099
586,43,26,impact_immobile,5.447535825329209,0.13751417615477501,2.912926625740496,5.82523762055228
587,43,27,impact_immobile,5.591311678792358,0.20109027160374943,3.01563814564531,3.0522377303910617
588,43,28,impact_immobile,5.285112532585966,0.12346981651925568,3.352687937099107,3.9334743759987427
589,43,29,impact_immobile,5.457440313653942,0.19173302971236167,4.183905996315647,3.7070556154406304
590,43,30,impact_immobile,5.799368113270962,0.2322819907262188,4.15947199392994,2.1875892873989646
591,43,31,impact_immobile,5.837581909710688,0.19159499118377504,2.827152012363644,5.149985520914511
592,43,32,impact_immobile,5.897494757052943,0.22340159135818827,3.271996670434857,4.562175969031709
593,43,33,impact_immobile,5.827657684272821,0.1511362966356677,3.6927135021861255,2.396334075497801
594,43,34,impact_immobile,5.920973616066832,0.16386672754386145,3.138488087641024,2.690484545276866
595,43,35,impact_immobile,5.58711720645262,0.14020372137467052,3.259726687672874,3.954914446700699
596,43,36,impact_immobile,5.319196404741144,0.15804024563817734,2.9175105050374874,2.0007201401273975
597,43,37,impact_immobile,5.113745844938309,0.15711914860767023,3.259072361690598,2.3704376965811553
598,43,38,impact_immobile,5.030374409925837,0.23836789766226374,3.0954516708560913,0.06370230619403598
599,43,39,impact_immobile,5.58441180625759,0.08618018596249234,3.5999025839816126,5.738861290195577
600,43,0,impact_recovery,5.058169752599036,0.1559124331464286,3.969301609502776,1.4951385421770635
601,43,1,impact_recovery,5.131758242464265,0.08928882351785385,3.774273099181693,4.795112975080008
602,43,2,impact_recovery,5.426786965198401,0.135746182301055,4.177195766088182,1.5619755683538374
603,43,3,impact_recovery,5.799965800910187,0.20927395943163318,3.4342175374529242,4.929251639407747
604,43,4,impact_recovery,5.326746416974023,0.2243842634997672,3.8441913774489582,3.917495632332069
605,43,5,impact_recovery,5.839607473859672,0.1879305072361474,4.012257070506548,2.2166634543663988
606,43,6,impact_recovery,5.374919511039791,0.2311929536967533,3.409470891607135,1.9599296447407437
607,43,7,impact_recovery,5.807686715636984,0.13634587241719281,3.3851912502709225,3.5718712629449723
608,43,8,impact_recovery,5.087965158795127,0.21458364802258056,3.6556142601924497,0.29468081812174246
609,43,9,impact_recovery,5.094042989490592,0.12700954460739644,3.401697427317917,5.035882298644274
610,43,10,impact_recovery,5.800691970912603,0.19844815353718617,3.8229936304160637,3.2177562773592663
611,43,11,impact_recovery,5.087425514277095,0.1361081205981234,3.8427584099018404,0.16282205448336393
612,43,12,impact_recovery,5.241540861521614,0.08266356534295975,3.2567684484003974,2.0404250117649156
613,43,13,impact_recovery,5.479060429455201,0.10824836309930859,3.564701831905851,0.7376504111276716
614,43,14,impact_recovery,5.789066796337074,0.21360168224067927,3.3786275625984974,5.565743724340519
615,43,15,impact_recovery,5.664394529777143,0.16951663464529929,3.691528694499282,2.7936999330916805
616,43,16,impact_recovery,5.138694240175164,0.2238207260731433,3.1176637840074117,5.490292785565735
617,43,17,impact_recovery,5.382955549140728,0.16805745705118494,3.6639176220288157,2.2657928811602774
618,43,18,impact_recovery,5.991203595181776,0.21564636183760694,3.3384639586638603,2.1223071267957883
619,43,19,impact_recovery,5.887184607128432,0.23038586247931525,3.3028890199608347,0.8203112240345715
620,43,20,impact_recovery,5.535370526937862,0.15403086656549542,3.4190483339813516,3.7854514954799785
621,43,21,impact_recovery,5.014076478728457,0.17049781937553182,3.753884399226367,3.4662910633679185
622,43,22,impact_recovery,5.001748681251181,0.17092337763637672,4.084434105112761,4.299249968101341
623,43,23,impact_recovery,5.515733942627658,0.1402262209495919,3.102279118863318,2.863726953298328
624,43,24,impact_recovery,5.958666869614803,0.10408110131283037,3.6678044648130808,3.2923781815150206
625,43,25,impact_recovery,5.090990477621339,0.1189567846753791,3.1624294188095914,0.5596248201775584
626,43,26,impact_recovery,5.0935493646255114,0.21243845810407708,3.232926946656413,4.22085931660517
627,43,27,impact_recovery,5.488371165913938,0.16250641585889752,3.435734263944526,0.20684932993780716
628,43,28,impact_recovery,5.072227059491257,0.09997780561594423,3.939666253458702,4.395033132980218
629,43,29,impact_recovery,5.960869043923838,0.19057789395482277,3.1165243325380243,3.6594202454384073
630,43,30,impact_recovery,5.6636047204778155,0.124616924212895,3.377847796035131,4.999005340300975
631,43,31,impact_recovery,5.206668204832203,0.0848572613266127,4.051358968785529,2.1331493306896743
632,43,32,impact_recovery,5.606857565126759,0.23558875853494532,3.073843837752658,1.6583331701970696
633,43,33,impact_recovery,5.335877314527212,0.12472370157218024,3.494074199969981,0.13550896639827473
634,43,34,impact_recovery,5.806785630686869,0.23971117926921964,3.0982905938194762,2.49179687590326
635,43,35,impact_recovery,5.375080128954542,0.1927767176725022,3.381616731334652,5.417847135055765
636,43,36,impact_recovery,5.947829473398922,0.12213531306829409,2.964603406971443,3.81608136127547
637,43,37,impact_recovery,5.062106456341866,0.1462862352326156,3.0738464184411205,5.193208685552651
638,43,38,impact_recovery,5.404351811332215,0.2134140421398089,3.6292144284307284,4.684801564859917
639,43,39,impact_recovery,5.665969220313912,0.20564954109896882,3.8290610776270615,5.057310111078076
640,43,0,impact_hr_drop,5.389409558556404,0.10800882342391585,3.1253076799809034,5.124925086103348
641,43,1,impact_hr_drop,5.116257357436323,0.2020352789645372,2.866845526025975,0.09630235031365787
642,43,2,impact_hr_drop,5.7339680325521245,0.19645134920624713,3.900588179302941,2.3202000529253306
643,43,3,impact_hr_drop,5.684380778232587,0.1978123113058833,3.1225087511159657,0.7685087099178698
644,43,4,impact_hr_drop,5.060625426802187,0.12881218955489698,3.885793379717517,1.425773475746696
645,43,5,impact_hr_drop,5.834282425928307,0.18409883753385628,4.135087618870381,1.723842305774575
646,43,6,impact_hr_drop,5.971653254587338,0.20440136487820273,2.86543495070617,1.7175113028481932
647,43,7,impact_hr_drop,5.1153791100587815,0.133095983492592,3.6175739700785257,6.0926119853690865
648,43,8,impact_hr_drop,5.858186687921581,0.13043574637070648,3.6165781559340857,3.153071708085523
649,43,9,impact_hr_drop,5.018847893930988,0.12510191763608097,3.5039910178825657,3.1941138647229548
650,43,10,impact_hr_drop,5.717379767281802,0.12839427066784956,4.174722094084464,5.76666871305293
651,43,11,impact_hr_drop,5.297839498629065,0.10127506612339071,3.112122463018256,2.2119395493335543
652,43,12,impact_hr_drop,5.480357511273108,0.14956536783704838,3.649262772819188,4.524617028958517
653,43,13,impact_hr_drop,5.010408294790664,0.10069449602564433,3.414118416326682,3.1440461387342373
654,43,14,impact_hr_drop,5.745826798318355,0.2002788577662319,3.3366422936608076,4.024428810903065
655,43,15,impact_hr_drop,5.294452928258297,0.1616387420731965,3.9746507653459826,4.601435689443274
656,43,16,impact_hr_drop,5.020099912455244,0.1959088044388882,3.606332163068932,5.605728476543624
657,43,17,impact_hr_drop,5.0561765812294,0.08011475225986928,3.2219307549028464,6.14554123605644
658,43,18,impact_hr_drop,5.3453931557241665,0.1687008729221739,3.100740747978886,3.19208288954502
659,43,19,impact_hr_drop,5.763012143586376,0.13074366197454862,2.913721912755967,3.7346821044533964
660,43,20,impact_hr_drop,5.07287876092368,0.08498397457309279,3.0189828521018645,2.1806957402152602
661,43,21,impact_hr_drop,5.1640450193166565,0.234136931329751,3.7592186558113525,4.7945549667864045
662,43,22,impact_hr_drop,5.682709104030162,0.13094440917784653,2.832047504675714,0.08212836593574169
663,43,23,impact_hr_drop,5.142451783293442,0.1386818403798433,3.536885180444303,4.719629141677242
664,43,24,impact_hr_drop,5.930092714300411,0.2141656354418962,3.6424699789872053,4.492315801153675
665,43,25,impact_hr_drop,5.9578476834373255,0.2305007507636465,3.67630056419246,4.370293527182785
666,43,26,impact_hr_drop,5.837882496508877,0.2186830765983367,3.5483113989024817,3.577408410944915
667,43,27,impact_hr_drop,5.964649653638259,0.12654184228492407,3.276264610597871,6.253615696219702
668,43,28,impact_hr_drop,5.5130219166684435,0.17538350036406608,3.3313557044201403,0.04395776324833351
669,43,29,impact_hr_drop,5.577884166512341,0.20759854807834965,3.4148623304766454,0.7717998407341172
670,43,30,impact_hr_drop,5.0835252667086035,0.08801460559195101,4.005623347508772,3.8994491600353927
671,43,31,impact_hr_drop,5.79886521242331,0.21203992737797872,2.8378619421591083,3.4378899500979734
672,43,32,impact_hr_drop,5.160789139967967,0.1260893698288944,3.054129536631716,3.255538642780285
673,43,33,impact_hr_drop,5.324884438618214,0.09373292853299343,3.926067143280661,5.3079125887238865
674,43,34,impact_hr_drop,5.547122070695823,0.22178054551381016,3.5495833865544744,1.0224050124678628
675,43,35,impact_hr_drop,5.807730001697053,0.16715519098896103,3.3353467339843963,0.5968872885512445
676,43,36,impact_hr_drop,5.836310806456544,0.12417477901918968,4.165693302676864,1.430485227524392
677,43,37,impact_hr_drop,5.276054642461812,0.18092995929946667,3.779708926071835,5.846316177360622
678,43,38,impact_hr_drop,5.298024692363164,0.09732167736058979,3.948470862739401,2.218858458197536
679,43,39,impact_hr_drop,5.10960750621994,0.1280961322500984,3.2822996409418126,0.21581035171082658
680,43,0,unworn_impact,5.988662478224489,0.2147439861675407,3.585631961814098,2.824384609246956
681,43,1,unworn_impact,5.034107531093028,0.16708571774101383,3.2771620933999563,5.079319330081069
682,43,2,unworn_impact,5.156851057123575,0.12602958866044783,3.858225078262232,6.219898014129266
683,43,3,unworn_impact,5.534776442044918,0.13234367292599136,3.761425650182427,6.086159340319886
684,43,4,unworn_impact,5.02944620644565,0.1116873819642488,2.981825559071977,3.61124389057425
685,43,5,unworn_impact,5.839350144769666,0.13367255031219993,3.948327586948556,0.09654647863766758
686,43,6,unworn_impact,5.088787361125876,0.1143421721484536,3.9739873495952986,3.8152991526209576
687,43,7,unworn_impact,5.061310334266744,0.19216618962057602,4.025664016823402,2.791063812315202
688,43,8,unworn_impact,5.484129491596353,0.22131738535921092,3.0685135515922615,1.754084120060327
689,43,9,unworn_impact,5.833358236202492,0.12066902794391683,3.8659241367327564,0.4912268566221728
690,43,10,unworn_impact,5.203797184208191,0.15041542562964128,3.5271677410982543,1.8026765508619491
691,43,11,unworn_impact,5.081448728542427,0.09358339122635632,3.975905688075851,1.88553396777988
692,43,12,unworn_impact,5.346440012924192,0.20251998203772759,3.7602881826305055,2.7901889441525944
693,43,13,unworn_impact,5.250592450347806,0.15335268269742644,3.981512414480072,3.825219588608614
694,43,14,unworn_impact,5.267601006703655,0.13307599632027656,3.820967086982104,5.668784196375447
695,43,15,unworn_impact,5.309933297587069,0.1487466207029286,3.1308461369510434,3.5296849096770657
696,43,16,unworn_impact,5.538599663562371,0.20216222424905017,4.038297339736896,5.286287833476736
697,43,17,unworn_impact,5.92631788462692,0.1620266107552878,2.9379699255528,5.003344212125588
698,43,18,unworn_impact,5.050017655727384,0.09684810555221686,3.7294876555242995,4.384023019878294
699,43,19,unworn_impact,5.801546321708034,0.12190048828717573,3.8337608801589247,2.8124413014154865
700,43,20,unworn_impact,5.018500821692417,0.19696894690235117,3.724477924633546,2.327121670611769
701,43,21,unworn_impact,5.417898019414005,0.1015445999461769,3.930622317848095,1.5396449100557075
702,43,22,unworn_impact,5.215647439952615,0.20608516287695489,3.332697757969906,3.9013035449793327
703,43,23,unworn_impact,5.521624241166731,0.15919267226251632,3.6601692644015302,3.0374408130538715
704,43,24,unworn_impact,5.077011780896934,0.16047620973976695,3.5496372496436983,0.10894984753741455
705,43,25,unworn_impact,5.002617135833657,0.23617984808400339,3.2619350027948086,0.7060181794253995
706,43,26,unworn_impact,5.097587142437467,0.15075785171745454,4.028634098074798,5.186920975041747
707,43,27,unworn_impact,5.495363736564717,0.19924553885883692,3.7525764297680078,4.645993669199641
708,43,28,unworn_impact,5.890694606755269,0.13822853201480723,3.49411399990656,4.616982727806548
709,43,29,unworn_impact,5.746547613120139,0.21234322196587369,2.912829909312058,4.256260981154228
710,43,30,unworn_impact,5.770347094938406,0.18000396335205204,3.6356058073883686,1.9273459246651825
711,43,31,unworn_impact,5.3557467680713975,0.1165044764121937,2.8107322609056324,0.42454378568999884
712,43,32,unworn_impact,5.070615471065778,0.23956974523289698,3.545059077501785,5.8347452529433825
713,43,33,unworn_impact,5.464354231165421,0.18689650282643985,3.828013895055883,0.295562951988135
714,43,34,unworn_impact,5.604486142531056,0.09450675904070863,2.9145193068041735,1.6645606170287695
715,43,35,unworn_impact,5.883123100891322,0.20224683555435563,2.996728940505732,1.790401202215723
716,43,36,unworn_impact,5.362732103160202,0.11602072747655076,3.264070760842091,2.4169819730452766
717,43,37,unworn_impact,5.780118105697902,0.23306616011798154,3.0805178642761653,4.277897000414447
718,43,38,unworn_impact,5.199012159818131,0.23565835911631589,3.9871089163853908,4.185956590093858
719,43,39,unworn_impact,5.744343574407417,0.13272775147129953,2.871340272164633,4.085462477818371
720,71,0,quiet,5.323753345820766,0.17920471763448714,2.811871999285395,6.175477608035887
721,71,1,quiet,5.822158506189751,0.23984316611202788,3.1686904215920104,1.2534241615315
722,71,2,quiet,5.054737974662062,0.11100838006109401,2.8338600124236457,4.346318215696508
723,71,3,quiet,5.365669697009161,0.2104898625101005,3.864940836892265,2.1948695322864675
724,71,4,quiet,5.16679970202499,0.1356279380398652,2.8424132432332443,4.073551595076419
725,71,5,quiet,5.18979074780354,0.1037972382560873,4.043764394256541,2.7459920059375937
726,71,6,quiet,5.946056180427826,0.2368434642741004,3.7295523064530864,1.5690728737269501
727,71,7,quiet,5.147709326118075,0.11945433593726065,3.831280434295553,3.2157853213038305
728,71,8,quiet,5.297901359039283,0.08278894454391299,3.291506046740088,2.4677159902747987
729,71,9,quiet,5.0693258724925485,0.11991860997462575,3.213634896239429,2.613686773039977
730,71,10,quiet,5.493905110442362,0.17050085734593606,3.989363945286847,1.8530965393325853
731,71,11,quiet,5.094888912175673,0.128506004359115,3.1024160834020535,3.6168035189301935
732,71,12,quiet,5.476246748463184,0.1313696375612531,2.9326877589645686,4.718860496923044
733,71,13,quiet,5.623985430340361,0.1797158649657693,3.784115395284522,5.371531837529812
734,71,14,quiet,5.035083039444331,0.1102026584401853,3.4603801046045928,4.404211727052307
735,71,15,quiet,5.504191643135128,0.16081342204430538,3.2301675970298964,1.5317479896207804
736,71,16,quiet,5.873965026007455,0.23724986917206692,3.4996012773580105,2.936999053879608
737,71,17,quiet,5.1284236901476925,0.17619440208853376,3.0964511691904124,3.930399787836017
738,71,18,quiet,5.278495139047585,0.15476400426063455,4.011336148993785,1.9588273364251847
739,71,19,quiet,5.5349093729239796,0.13098118260306552,3.4798257810668085,5.449343531312183
740,71,20,quiet,5.492426715835489,0.23433954220792658,3.3710095353609715,2.852985942052669
741,71,21,quiet,5.644979190585424,0.16017573832635496,3.7407217974407434,1.8256994649915101
742,71,22,quiet,5.013571426646485,0.14760759046703031,2.890123843046075,1.5591217883783213
743,71,23,quiet,5.597896984501319,0.19044880050620913,4.073815854084475,4.262877209378018
744,71,24,quiet,5.5552995415846755,0.13509119104506123,3.4677428474232244,1.8103946124961472
745,71,25,quiet,5.102521885689641,0.16557091085193326,3.683229111118892,1.9315624053058675
746,71,26,quiet,5.739705045148538,0.1647871658406478,3.233069853532724,5.349082042816433
747,71,27,quiet,5.02209035180302,0.12300052449363191,3.249375317780352,4.227103188314135
748,71,28,quiet,5.252640108494463,0.23717467376618745,2.947201138671662,2.827451318048975
749,71,29,quiet,5.469688483138604,0.19910462485635216,3.155910593991187,1.0195232208437401
750,71,30,quiet,5.744132108314009,0.2059494706223885,3.605285983694884,5.67399754282601
751,71,31,quiet,5.394924276941217,0.1518699034004012,3.498063107069062,0.797920209187513
752,71,32,quiet,5.8278422812252,0.08988350220674177,2.9081520970795576,5.720147262261548
753,71,33,quiet,5.451869496977821,0.10335673767292711,4.042727762742363,1.1918266250090572
754,71,34,quiet,5.453331006691632,0.08231822653012062,3.000550046677547,3.0281474011639546
755,71,35,quiet,5.700855472240237,0.10069384065036337,3.8662875280994253,4.048905810352924
756,71,36,quiet,5.672676689988717,0.2344271361556246,3.472593649517093,0.030334040678781465
757,71,37,quiet,5.0561580238571615,0.21937889861911258,2.9516858360303226,1.7172732288626782
758,71,38,quiet,5.653032838299288,0.19793397303240384,3.855520646032259,3.5141717633820617
759,71,39,quiet,5.326837098668429,0.2242279896614427,2.8258397176332237,1.6172468718053996
760,71,0,walking,5.987049484842475,0.11010325776075185,3.978233761214623,3.7803285638715245
761,71,1,walking,5.632131508515556,0.1812866515342,3.4293293059475607,5.2811875427806125
762,71,2,walking,5.059535211740587,0.12569363520871063,3.880006387748452,4.6343411373201135
763,71,3,walking,5.641625975659685,0.19035486052896144,3.2110627060673917,3.7766894457132762
764,71,4,walking,5.570047060090227,0.2102998288804352,3.12165166195713,1.78025995365228
765,71,5,walking,5.320768097837492,0.11303929249398731,3.8194561975753816,3.086989277839737
766,71,6,walking,5.067661905763173,0.22280031471049688,3.5325368183650214,5.172278237539214
767,71,7,walking,5.744401057635355,0.1436967820536402,3.2486410063168614,3.4503377593904507
768,71,8,walking,5.940495732743397,0.20827072249042877,4.140210252975817,3.5942645819883223
769,71,9,walking,5.544950966727625,0.12805773554416572,3.5682624364200275,3.49934077070713
770,71,10,walking,5.7621664683507605,0.2140354936464947,4.061678364916902,1.5902509966934175
771,71,11,walking,5.646937226806098,0.09060045976933387,3.1933009158642864,3.795501262990599
772,71,12,walking,5.001159741414181,0.21814536952004537,3.5546226108665118,1.502038854659479
773,71,13,walking,5.421739860866965,0.2004072149646885,2.9279248960961954,5.726696940539946
774,71,14,walking,5.657556274274523,0.1646139690647465,3.0691958744475327,3.928683336097138
775,71,15,walking,5.222022299568665,0.09112440490285706,3.992704049386405,2.200047071561864
776,71,16,walking,5.770742942591532,0.15743416672431193,3.5881293033026864,2.4302953305075756
777,71,17,walking,5.819484547233056,0.2048155276810984,3.3434362554385024,3.5007256346163036
778,71,18,walking,5.275089794735073,0.225648671660081,3.440785618339783,3.777774272080262
779,71,19,walking,5.574632401018281,0.09569127225811995,3.266401953374075,4.8869808893918165
780,71,20,walking,5.5890493778192365,0.11922163686711268,3.031575852405986,5.452297864930749
781,71,21,walking,5.812221301327,0.2215456024311811,3.0475729008348806,3.4473998002786677
782,71,22,walking,5.4380492852528075,0.14810768704661625,3.3053186821014804,4.02686367292047
783,71,23,walking,5.57276197144314,0.09174745911623484,2.855568787637973,1.1115426726371502
784,71,24,walking,5.810323240394402,0.21775537887318092,3.7395571594973758,2.308940029005047
785,71,25,walking,5.5317812584182295,0.18250488138673188,3.0405331077443867,6.0305559123068
786,71,26,walking,5.917325230554178,0.08566307990160166,3.1568744898654515,1.7257052932319523
787,71,27,walking,5.8601109108130185,0.22543143818231842,4.121069560292756,2.6892790270433995
788,71,28,walking,5.544100384751509,0.11158022823120012,2.841908637598155,4.007085410737401
789,71,29,walking,5.5474787355716035,0.2203446869346457,4.0909788151491275,3.3795555363092986
790,71,30,walking,5.055773544875469,0.1712282829836582,4.1038054059397915,2.9872461167735262
791,71,31,walking,5.644982643439203,0.16222637435514703,3.4265977115327555,2.6486749148911017
792,71,32,walking,5.232414499493151,0.151578511935497,3.9148799100473037,4.654062031591432
793,71,33,walking,5.031449670537677,0.11467671988488295,2.901186750407984,0.5730022564426785
794,71,34,walking,5.009109974506412,0.196262585051376,3.0840036870748477,4.156751411593101
795,71,35,walking,5.830913796010026,0.10479245296361099,3.145073113679965,0.7360649368336436
796,71,36,walking,5.13222504588215,0.23705853584217124,4.028280079119118,6.095870286885285
797,71,37,walking,5.184367763028706,0.14804684005061558,3.5749122436920366,0.41655825675655217
798,71,38,walking,5.646931713617723,0.21979476092138206,4.098661305903209,5.435812399172788
799,71,39,walking,5.303914010384876,0.20818453544789423,3.087362693845387,2.8984871520812163
800,71,0,impact_immobile,5.073259977628266,0.09528483649216232,2.9120436893653108,2.238767886968917
801,71,1,impact_immobile,5.743754517454504,0.16942910175397063,3.034205099226828,1.819195598053025
802,71,2,impact_immobile,5.362761672632021,0.09855183654997253,3.0278330784104917,5.947983368158145
803,71,3,impact_immobile,5.781270397955605,0.1890992873807233,2.9272694770246153,3.2055430086492755
804,71,4,impact_immobile,5.788494959116104,0.2113118196157313,3.107954665386221,2.3804184018694152
805,71,5,impact_immobile,5.610218625625824,0.10413463464279077,3.6434677470669095,0.4762285763899199
806,71,6,impact_immobile,5.81615354618424,0.11570824979914968,3.309720964185295,4.399598837623462
807,71,7,impact_immobile,5.598571517917907,0.23819376271258297,3.7242233070362043,1.6650349531662432
808,71,8,impact_immobile,5.139996463695132,0.20451452920603305,3.814424533699916,1.219602396792674
809,71,9,impact_immobile,5.8188011110249,0.14047527006614763,3.05441733765775,0.9552360098615214
810,71,10,impact_immobile,5.443291100947593,0.20590342973795916,3.5303423184156726,1.9034306062534934
811,71,11,impact_immobile,5.642884405854059,0.08308819711529111,3.8275347144763563,4.3000888264764505
812,71,12,impact_immobile,5.4576684863398315,0.09071737054968627,3.3674165219538277,5.676168908618148
813,71,13,impact_immobile,5.9317199313805,0.20123107582408684,3.786882741294823,6.171836513503082
814,71,14,impact_immobile,5.270930248126629,0.22070026626342115,4.0805277027496585,5.248822895539452
815,71,15,impact_immobile,5.23260745457768,0.1835512734162093,2.8444608142767316,1.4805093400755
816,71,16,impact_immobile,5.837720215502147,0.10308848959203284,3.7029819855467236,1.2404149317099689
817,71,17,impact_immobile,5.970437403076212,0.22925819869075692,4.151026839317682,3.6989115667790573
818,71,18,impact_immobile,5.9983803221039595,0.1045174855373928,3.613272962273225,0.638722716486597
819,71,19,impact_immobile,5.598276667804238,0.23814271672421594,3.8246027190056155,4.9695025556095755
820,71,20,impact_immobile,5.905063990038395,0.21906214729010354,3.6606477463058473,4.859657664528071
821,71,21,impact_immobile,5.155330516483064,0.12000647643735556,3.8113556471588232,4.554634337890586
822,71,22,impact_immobile,5.400368499236692,0.15499508581479712,3.2703905821732278,4.998311299582395
823,71,23,impact_immobile,5.448236474225238,0.13268944722083445,3.1113497864189155,2.8763645367425528
824,71,24,impact_immobile,5.8845368803913916,0.11900762473155344,2.847641926585335,2.2608506570775777
825,71,25,impact_immobile,5.355304450269806,0.2237826467939027,3.5492566962515513,3.575377656289709
826,71,26,impact_immobile,5.3019897881712374,0.1447752599182954,3.5236136623337275,3.106967327159074
827,71,27,impact_immobile,5.471584970395519,0.23418640171561128,3.6363132467852193,2.2090344330726106
828,71,28,impact_immobile,5.7318872654193775,0.1034488511934676,2.9604218840641043,2.442511401878748
829,71,29,impact_immobile,5.531105732877735,0.17989291257336865,2.961071494161487,4.066567385094471
830,71,30,impact_immobile,5.933710800360766,0.11946073631865561,3.350196626048496,3.1954206769431246
831,71,31,impact_immobile,5.7904065618665665,0.21597359697066015,3.7059085926411277,3.5491850590973026
832,71,32,impact_immobile,5.1880304894786375,0.16358619558582355,2.91253139727194,0.21418704104986286
833,71,33,impact_immobile,5.131942331562383,0.21655071166412748,3.168616618539761,0.9772132134806933
834,71,34,impact_immobile,5.763501225650201,0.14978131423054264,2.9711817176635518,4.094485210663967
835,71,35,impact_immobile,5.969152875004493,0.08336606464781467,4.162377107297575,3.510968296455655
836,71,36,impact_immobile,5.741578324105388,0.17707055973328562,3.3730892653860574,2.1874367599737123
837,71,37,impact_immobile,5.745849752048507,0.15078024691539554,3.8210306168510337,3.6639230074295264
838,71,38,impact_immobile,5.825945222631273,0.1492314459817988,3.2366276479961513,2.3546473636726484
839,71,39,impact_immobile,5.555059691082678,0.19401772298934633,3.6277469947827026,0.31654673634122754
840,71,0,impact_recovery,5.991121641390267,0.1497587864190229,2.9531469318297696,4.8880291137803304
841,71,1,impact_recovery,5.142989025253009,0.08080293047397868,4.039809968774764,3.422393378597642
842,71,2,impact_recovery,5.6116785087211465,0.14208089091684942,2.926753539499057,5.7509224612878995
843,71,3,impact_recovery,5.025590170360595,0.13955396436883435,3.8580013818060657,4.36269272788818
844,71,4,impact_recovery,5.149304985902033,0.14161850700514617,3.1194662785321348,2.047125562866977
845,71,5,impact_recovery,5.20181158385411,0.09571396424448386,3.9980766240745735,5.343114709918492
846,71,6,impact_recovery,5.393143058966673,0.1162359465220614,3.863408680860625,3.472627943200116
847,71,7,impact_recovery,5.8741005358424,0.16477703934583832,3.4098070479722544,4.031018381405674
848,71,8,impact_recovery,5.7743061413724455,0.23606923565119553,3.703171282391983,3.20785917173339
849,71,9,impact_recovery,5.502244032182849,0.11504354176534574,3.0409711559561217,4.532050864760899
850,71,10,impact_recovery,5.455966305698295,0.13664318306557308,3.491845411927663,1.1721734783918085
851,71,11,impact_recovery,5.066338865026492,0.1248104472381047,3.495065873701456,3.0998109534122764
852,71,12,impact_recovery,5.78997386411724,0.132212864607738,3.7463933463669794,1.8086178229617726
853,71,13,impact_recovery,5.98711253699936,0.18993583394348873,3.4573453714547364,2.5027834755912335
854,71,14,impact_recovery,5.561349933859012,0.10635643571195019,3.719723887149611,5.63417481373883
855,71,15,impact_recovery,5.788297141911889,0.10502193916574853,3.733459198752993,1.209686846144473
856,71,16,impact_recovery,5.814110365585311,0.14184754903593794,3.4342317110311775,2.6089938158229193
857,71,17,impact_recovery,5.728643628150232,0.21588976016013162,3.146135687341827,5.913698383298017
858,71,18,impact_recovery,5.226300083153893,0.0859400043420065,3.9306426073004683,5.758048782195626
859,71,19,impact_recovery,5.166294746047237,0.08143581644771024,3.2448398583729876,0.29357454142996536
860,71,20,impact_recovery,5.910406240412681,0.13063346882783533,2.800025266496768,3.4158234553348126
861,71,21,impact_recovery,5.35377575564282,0.09606270935921052,2.8507032286626006,2.7403949740841265
862,71,22,impact_recovery,5.541716966597013,0.2327037629622552,3.620023977934549,5.653629554956524
863,71,23,impact_recovery,5.396874526633518,0.21829531128526586,3.0430458416195694,5.155407101624409
864,71,24,impact_recovery,5.423638232781909,0.16660433955970588,3.951792169432262,0.727263322444801
865,71,25,impact_recovery,5.60020078622958,0.1633935492038256,3.5032411172735274,1.442581095891256
866,71,26,impact_recovery,5.919092529119744,0.1359168236715074,3.582216136531584,1.3764366929982301
867,71,27,impact_recovery,5.131793202575743,0.13506599048331336,2.869094394573383,6.24558652795728
868,71,28,impact_recovery,5.149530902794611,0.11543704385647664,3.4403290169411154,2.2756157544232196
869,71,29,impact_recovery,5.2764559331304755,0.0826651635069602,3.0589027908874744,4.996897662127923
870,71,30,impact_recovery,5.310720827548885,0.20397954983671363,3.7146821657893714,5.907372072893839
871,71,31,impact_recovery,5.171777970428543,0.17248495531152813,2.889351144618668,2.278920664020096
872,71,32,impact_recovery,5.7835647523999665,0.15438361015808583,4.140244294117831,4.784424011061845
873,71,33,impact_recovery,5.074295850314997,0.1683804605097179,3.185097314684049,0.11382119799367792
874,71,34,impact_recovery,5.694222784016262,0.20391693583538084,3.0288346072589225,5.392494532832933
875,71,35,impact_recovery,5.811535780390117,0.17635040945167016,3.5429533783956497,3.2512901540014885
876,71,36,impact_recovery,5.860077434966233,0.21110570381349508,3.2619507884949166,4.509419935735389
877,71,37,impact_recovery,5.17543931515802,0.22878612294356326,3.9074900485311663,5.2308781198223855
878,71,38,impact_recovery,5.879209045436488,0.10820352995349518,3.717851944627314,4.484283573821349
879,71,39,impact_recovery,5.658319509110968,0.19268077541648998,3.975472144199077,3.5470481991667353
880,71,0,impact_hr_drop,5.721595646119376,0.08744294555498584,3.7444816694050003,4.004752980047487
881,71,1,impact_hr_drop,5.902846052887854,0.1625460263979957,3.204206831577091,5.997808699029808
882,71,2,impact_hr_drop,5.230704786657082,0.17282283225204756,3.85175847338318,6.276983392401914
883,71,3,impact_hr_drop,5.366346573635804,0.2030744927823575,3.855111401149699,0.7177394410586216
884,71,4,impact_hr_drop,5.925931044252163,0.09256813974941423,4.040336765755122,5.4201418497362
885,71,5,impact_hr_drop,5.504291357910629,0.20770692352541126,2.9311856853875855,0.21996110467240146
886,71,6,impact_hr_drop,5.293256254893671,0.11748742171062543,3.4712297867039084,5.808298897098816
887,71,7,impact_hr_drop,5.608103443333725,0.18494296695403475,3.707470791179452,0.10955226512961641
888,71,8,impact_hr_drop,5.56015549467764,0.14624898505661324,3.2840925381236405,1.809633974349936
889,71,9,impact_hr_drop,5.382296083685285,0.1677125374239773,3.576319963333221,0.9028128738373358
890,71,10,impact_hr_drop,5.111505080113693,0.19941002736650065,3.287073838423684,5.102560735488277
891,71,11,impact_hr_drop,5.324702834035433,0.15084577607688526,3.7819263614693623,2.2231332974091043
892,71,12,impact_hr_drop,5.575954031517021,0.2372957647481792,2.902658793203867,4.322136994601922
893,71,13,impact_hr_drop,5.766777705993769,0.23275514576881456,4.1341317876196815,1.8641457528660008
894,71,14,impact_hr_drop,5.346580730103826,0.1538491008366899,3.7234942891257097,1.510944938743148
895,71,15,impact_hr_drop,5.2595830514635145,0.14121155579587746,3.274327479611571,2.9194653093879066
896,71,16,impact_hr_drop,5.460412075218901,0.1886480383590253,3.8858067580981164,4.253438911156261
897,71,17,impact_hr_drop,5.779501804233185,0.08999681337852866,3.8396877966919094,2.7472541922229117
898,71,18,impact_hr_drop,5.534897632707665,0.19402384597943056,3.4918214193527453,1.3762368425631146
899,71,19,impact_hr_drop,5.576677067127681,0.12766862127311449,3.351374830016775,3.840965246860245
900,71,20,impact_hr_drop,5.531306324339116,0.1095831402074417,3.367040887242866,0.15621680970218177
901,71,21,impact_hr_drop,5.411164264989238,0.2321362511954893,3.757384472264016,1.2603298228655329
902,71,22,impact_hr_drop,5.573154149808701,0.18454539385433333,3.7647134333206984,4.001322761739022
903,71,23,impact_hr_drop,5.11012188770127,0.21846619392197536,4.031495752160681,0.8546357784914561
904,71,24,impact_hr_drop,5.62364687135055,0.08861844129122926,2.9889906770203,4.050319673391093
905,71,25,impact_hr_drop,5.6578098917427475,0.17282121308333112,3.424319052141228,6.047268693585237
906,71,26,impact_hr_drop,5.999417429203865,0.11569731495184905,3.499841759528748,2.157646613888869
907,71,27,impact_hr_drop,5.224009254544383,0.2231272161829863,4.179394790526761,0.6331861086140061
908,71,28,impact_hr_drop,5.344346678334911,0.22951121731724694,4.070059393086636,4.6025492845754545
909,71,29,impact_hr_drop,5.505194470258403,0.1981645949958709,3.9227866075912745,3.9596361953795656
910,71,30,impact_hr_drop,5.8501100554950884,0.2354233346249615,2.9991137525861515,0.9286683684316935
911,71,31,impact_hr_drop,5.6083515298756375,0.14317500517938814,3.8595517556467893,5.48239493143113
912,71,32,impact_hr_drop,5.240660942452604,0.1002215021774602,3.114206359062119,0.30249678480276737
913,71,33,impact_hr_drop,5.704038491546889,0.16979275748533773,3.5563660368855188,6.193245277705051
914,71,34,impact_hr_drop,5.20670245787448,0.22805526636825318,3.9137514000456513,2.6847762824805095
915,71,35,impact_hr_drop,5.198824014562686,0.23855908918923402,4.093219720199329,1.196151531116956
916,71,36,impact_hr_drop,5.730662829750838,0.15838794970431835,3.6391850410689015,4.404868095790271
917,71,37,impact_hr_drop,5.8968372258307555,0.10279448590078746,3.853298929094253,1.4107518429909898
918,71,38,impact_hr_drop,5.140756556534752,0.08837966600028577,2.9500632336729664,2.9061503114390854
919,71,39,impact_hr_drop,5.57588485531315,0.18163687048616572,3.265955467707622,4.039267157790793
920,71,0,unworn_impact,5.900313402955657,0.16625559140005275,3.3950704812775516,0.1294449899841013
921,71,1,unworn_impact,5.1902682884867675,0.2278688943461214,3.707456870349046,3.613682005158201
922,71,2,unworn_impact,5.473275714192376,0.14971211343941915,3.1855256257696034,5.475486123466535
923,71,3,unworn_impact,5.043095571458447,0.10900246051026156,3.4576138038834263,3.809309896034535
924,71,4,unworn_impact,5.576814247051306,0.2183388318587654,3.7493443191530624,3.45346173699411
925,71,5,unworn_impact,5.671152482236481,0.11233212547733401,3.6352440071807743,3.4632469252971263
926,71,6,unworn_impact,5.826849111365215,0.2158613694470088,3.9912614439743064,2.0503653975634832
927,71,7,unworn_impact,5.744818273993249,0.22205929707016536,3.5218501923390333,1.876940494898099
928,71,8,unworn_impact,5.801313093647416,0.17564921604375988,3.002988031679648,5.181587941619391
929,71,9,unworn_impact,5.641281331213179,0.13420635200728118,2.8325792012890214,5.629161300036981
930,71,10,unworn_impact,5.430816606371893,0.09069799311634774,2.859014288602679,1.570306857206045
931,71,11,unworn_impact,5.456136872492558,0.18966241075311058,3.2698839693061603,4.466236126980107
932,71,12,unworn_impact,5.474504396658304,0.1306935636951941,3.651469564727525,1.1486172762982065
933,71,13,unworn_impact,5.899493742013198,0.08337363600128395,3.818614950961301,6.235597408883205
934,71,14,unworn_impact,5.644670539743329,0.20577695995399298,4.1134641149518565,1.1014143363794326
935,71,15,unworn_impact,5.029216550664945,0.18675551970506102,3.9551583994270443,1.921683898773199
936,71,16,unworn_impact,5.712848685672504,0.1305057597374817,2.8683236116463076,3.023567882144648
937,71,17,unworn_impact,5.561921963904925,0.137744658200093,2.97148796034142,4.849018081181685
938,71,18,unworn_impact,5.787050979913855,0.16597275232371358,3.5105502985168586,0.8362193367301386
939,71,19,unworn_impact,5.432433656089951,0.1807546142845744,3.995936100558918,4.767164093498887
940,71,20,unworn_impact,5.855951449074108,0.11270873329833937,3.6114399695674577,0.3723579123786035
941,71,21,unworn_impact,5.476948347346203,0.12380592950379803,2.830755254337226,0.7950499957458247
942,71,22,unworn_impact,5.712501147499538,0.1389260456901198,3.541699675493469,0.8473889104166735
943,71,23,unworn_impact,5.497755664149754,0.11907770232872147,4.045743251475195,2.3514293766425354
944,71,24,unworn_impact,5.647459374700129,0.12272906894273442,3.822369977841072,4.538701651987112
945,71,25,unworn_impact,5.664641269820733,0.08072614332905806,3.7575716595626716,5.616440007323064
946,71,26,unworn_impact,5.995523219585097,0.18766670993394746,2.834584459610258,5.315774290031164
947,71,27,unworn_impact,5.836821273940518,0.16092713128594105,3.241146590256767,2.6199521057484736
948,71,28,unworn_impact,5.714938617640369,0.2247875924879657,3.970238688402561,5.799307584495026
949,71,29,unworn_impact,5.320423146229152,0.22103726200646173,2.8386714319474273,1.632869127418498
950,71,30,unworn_impact,5.932159729535966,0.20313812382310964,3.1763396109250865,1.527643057770936
951,71,31,unworn_impact,5.7167283872840144,0.22036447581418006,3.4548772381107993,4.716155950863317
952,71,32,unworn_impact,5.296872122249601,0.229916750765651,2.978721860471774,1.874087912133622
953,71,33,unworn_impact,5.713211905374962,0.09354352866792598,3.4653700566103787,3.0838306800971673
954,71,34,unworn_impact,5.541475903377087,0.16870084823247256,3.5699985334290405,5.464142973048492
955,71,35,unworn_impact,5.727676367815851,0.20096595994158806,3.5947318036698985,4.768247307246903
956,71,36,unworn_impact,5.381636744667816,0.1841264886872183,4.0572827965573275,3.054442578690968
957,71,37,unworn_impact,5.643214544333299,0.13799983069717475,3.7815008530009417,0.48130107645528203
958,71,38,unworn_impact,5.434032912953701,0.1828616160118635,3.6785763893324916,1.6901196513367776
959,71,39,unworn_impact,5.306246958675842,0.1575704874471292,3.5592826334051764,5.618292759684478
960,101,0,quiet,5.581152132504565,0.11116071928546187,4.151351549885556,5.805514951196297
961,101,1,quiet,5.467138678196974,0.18615530312480966,3.1003321576331553,1.3929586176800948
962,101,2,quiet,5.288522433381257,0.1907876393592508,3.0973274757016633,6.101638645260684
963,101,3,quiet,5.070355484301164,0.11092586059697457,2.924408997768882,4.837373704224634
964,101,4,quiet,5.366514974770034,0.1554691622093653,3.256439573573682,4.005071449847404
965,101,5,quiet,5.403894330727324,0.1133228326593625,3.4022156510859887,1.9119092754877625
966,101,6,quiet,5.1107991460880475,0.21174263909448854,3.7522057925160537,4.177005757169453
967,101,7,quiet,5.88244656672566,0.14314286921299355,3.3309896671828962,2.657580241955572
968,101,8,quiet,5.404554432216801,0.18702962686829036,2.8091260419827715,2.916060271279128
969,101,9,quiet,5.535083570291846,0.13528226947260527,2.8306126245801613,4.42710358707978
970,101,10,quiet,5.0094438587283,0.170305673860765,3.014713390021557,0.21728689142667135
971,101,11,quiet,5.180841947181104,0.09051824660731214,3.0110622343908586,4.303150731622632
972,101,12,quiet,5.728276370675299,0.1380454992013167,3.71334417459888,2.985355772499891
973,101,13,quiet,5.498451716034524,0.22014414013676192,3.2358117715682417,5.466311615443125
974,101,14,quiet,5.6910802836014005,0.18935304626588012,2.8083268130954675,0.5281729763202153
975,101,15,quiet,5.0319929314827565,0.13532246534131698,4.124537791185068,5.502229847736065
976,101,16,quiet,5.838575637468871,0.09901953062513608,3.788014316959827,4.866193895775535
977,101,17,quiet,5.80925684020386,0.20675746755312951,2.9964421701436894,1.1236369444503964
978,101,18,quiet,5.792560116953113,0.198114662090444,4.049429177986607,2.8052930652251646
979,101,19,quiet,5.889572225277954,0.10230543623116112,4.139972874596566,5.55732029363041
980,101,20,quiet,5.337556603364781,0.09080843455741225,3.5679514942353032,4.330405808659209
981,101,21,quiet,5.35037461268168,0.0891989328772011,3.1901387136480968,5.1804963315261885
982,101,22,quiet,5.090629020930198,0.22996151823287525,3.1500255081993926,1.2845224720623132
983,101,23,quiet,5.112192642125413,0.23696501946480197,4.0614705230523676,2.0053113298699916
984,101,24,quiet,5.095624955598973,0.18452954766418775,4.042604606199733,0.07609687956831804
985,101,25,quiet,5.633045743372172,0.21707485152839778,3.442347736048073,3.5774890164812434
986,101,26,quiet,5.804268653217523,0.11816368912559622,3.1825449024122836,4.14946644542886
987,101,27,quiet,5.552337084659351,0.1656555715982468,3.268096849515514,5.887183032939308
988,101,28,quiet,5.288151423227372,0.18862167163412663,4.05182416412635,2.5182801788402296
989,101,29,quiet,5.054332068152929,0.1152637022928637,2.8928085975543145,0.9307040190728317
990,101,30,quiet,5.120445096089347,0.13479971900156007,3.3179066720105297,2.810993010002642
991,101,31,quiet,5.665093944984682,0.18827230652723864,3.7621404063145563,2.2892905657056355
992,101,32,quiet,5.662861150699939,0.16796888495555412,2.978529958737985,3.4296244434279615
993,101,33,quiet,5.318348886819235,0.18814451968803703,3.8286845636203024,1.5125035064952037
994,101,34,quiet,5.435125330117016,0.15278426524896896,3.2156511787466266,0.25450576571165034
995,101,35,quiet,5.049614165560673,0.23885103862597484,3.835904528427131,2.756819425099454
996,101,36,quiet,5.666664682713335,0.1230377692612937,3.794533487306895,5.974252541769821
997,101,37,quiet,5.773215188830025,0.15442548033567405,4.176984970762105,5.793705081842955
998,101,38,quiet,5.058245956996397,0.14589079371387492,3.432901466892686,1.722434071345307
999,101,39,quiet,5.616453520613979,0.10295189796375766,3.846002472396152,5.389020033586208
1000,101,0,walking,5.061581649151483,0.19073762639766756,3.1723708349931306,4.010366666981647
1001,101,1,walking,5.691207044468214,0.23626939132771213,3.9172970848500186,2.129762883912489
1002,101,2,walking,5.730033770744204,0.10348834093756583,3.7990788993630704,2.6210147816039537
1003,101,3,walking,5.265179693746523,0.11816137356400844,3.1034875519718774,5.003726683056649
1004,101,4,walking,5.096098586778216,0.11717420784656392,3.069203785894377,0.993088206436491
1005,101,5,walking,5.729998438925671,0.1739734086778804,3.730711114667235,5.656403659300081
1006,101,6,walking,5.448732012040752,0.0860504245586828,3.0649919096727944,3.2456112289630785
1007,101,7,walking,5.715303859073222,0.22696504912782656,3.5156778650908533,1.424933334331618
1008,101,8,walking,5.5926686490141115,0.22955791474860715,3.2661727805607943,5.850005925039024
1009,101,9,walking,5.903810166777095,0.17230205972167242,3.473423299719834,0.8098970607350351
1010,101,10,walking,5.110485806974097,0.0865485458950424,3.6559356719180744,4.478018450202296
1011,101,11,walking,5.993374672630646,0.17639771472371496,4.191295228790548,2.5315870275375407
1012,101,12,walking,5.13391189798731,0.08953364147714186,3.2035284560799098,3.3348481607052882
1013,101,13,walking,5.986206703605479,0.1275562432864008,3.129270899534908,4.544233678157294
1014,101,14,walking,5.388419387160084,0.16934201524140002,3.0119868465920403,5.3612070932081295
1015,101,15,walking,5.919364420388512,0.20081802214195998,4.109977304093812,2.0893877107811805
1016,101,16,walking,5.032420607210301,0.12878507302915534,4.056947370902741,2.9495433542641853
1017,101,17,walking,5.200387577771955,0.10418855619226494,3.0299405671187136,2.758513088587297
1018,101,18,walking,5.9257300510533994,0.22142344507426737,3.860848546311902,4.75082898602445
1019,101,19,walking,5.190860609182787,0.2044031882744735,3.1136251929134064,3.3029719108318663
1020,101,20,walking,5.033483898312416,0.22278258010760893,2.9798642870503262,3.7237905511883023
1021,101,21,walking,5.6622167283505025,0.18303472632008883,3.755233964796565,2.3204695520270056
1022,101,22,walking,5.792258924998594,0.2301538830496213,3.66392654409421,6.155391677691907
1023,101,23,walking,5.849842466266333,0.08888537580168146,3.7403032334338713,0.5747695672734067
1024,101,24,walking,5.661264971055422,0.1394096213369463,3.996256497195161,0.28087277415896095
1025,101,25,walking,5.946495170774259,0.08695581120726786,2.8793784463740497,0.016262938674029982
1026,101,26,walking,5.125467542476081,0.23778379486974283,3.969305781617394,5.760405456775213
1027,101,27,walking,5.1863399104838335,0.19002819140090407,3.9133033070230416,4.567425663040562
1028,101,28,walking,5.269651281602312,0.23533788302109498,3.8196251206122414,4.299784363090482
1029,101,29,walking,5.284543364149857,0.1435739673830165,3.861012134179426,3.2442262421348547
1030,101,30,walking,5.487927379438447,0.22715401200199026,3.3886675523917993,5.39691267042105
1031,101,31,walking,5.04675440530374,0.16487258685510625,3.798200778597587,0.06725850143693987
1032,101,32,walking,5.696334194316748,0.12576384002792654,3.675926698163623,3.9161146314614035
1033,101,33,walking,5.136427688337494,0.23100338635439938,3.1396332404185183,0.8573172652037854
1034,101,34,walking,5.442695638110917,0.09023467110227937,2.9417834793770985,4.784802839278856
1035,101,35,walking,5.09753472356124,0.16660753495841354,4.0396257590337425,2.851216628960793
1036,101,36,walking,5.814456756008703,0.21284563467767037,3.030378841362521,0.4806490872064562
1037,101,37,walking,5.78421251649922,0.2186173138090225,3.99413856267906,4.48764719748844
1038,101,38,walking,5.509895941362261,0.23326228549151,3.8358168735054283,4.793561139820274
1039,101,39,walking,5.911609021534437,0.08872007414678551,3.8376724985896753,3.6709282419098646
1040,101,0,impact_immobile,5.012701475398869,0.12085769274259771,3.802425283354758,3.3244973512199896
1041,101,1,impact_immobile,5.562402916863715,0.12596627894534537,3.5936771021383302,5.522167395761951
1042,101,2,impact_immobile,5.979921551395623,0.16837619848631616,3.823793174072013,0.5485551059604101
1043,101,3,impact_immobile,5.140361890577571,0.16950927041496217,3.9570613463732824,0.7499656136877575
1044,101,4,impact_immobile,5.14744150252818,0.15997629281332396,3.2270034019461886,0.882878746923088
1045,101,5,impact_immobile,5.158558432005827,0.14794028339500914,3.909749511505569,1.076421974259114
1046,101,6,impact_immobile,5.805899179626903,0.0919443208807276,3.1511364493580754,4.201266656977899
1047,101,7,impact_immobile,5.007084607962751,0.13153373365100013,3.016249549193139,1.4474055269769186
1048,101,8,impact_immobile,5.886743758869145,0.10549062728202868,3.8079686105919084,5.719065436443348
1049,101,9,impact_immobile,5.246068586693182,0.21800264739799258,3.2487261116919037,4.854983464205422
1050,101,10,impact_immobile,5.580897631752713,0.13607290976023112,4.040561112724719,4.37180327187605
1051,101,11,impact_immobile,5.319197105065116,0.17173727309901343,3.2121939818552843,1.7955343203886822
1052,101,12,impact_immobile,5.938346947895353,0.23607460235432087,3.0210572609645614,5.758469368327426
1053,101,13,impact_immobile,5.713838875129422,0.08177567884642677,2.951506748340091,2.73805561112491
1054,101,14,impact_immobile,5.887420913429326,0.21977011463714252,3.1511847860846833,2.799126597203836
1055,101,15,impact_immobile,5.925287742746658,0.11354414477983768,2.9464718946261104,2.6070139202389147
1056,101,16,impact_immobile,5.680677956362952,0.21963787841366328,4.027528687507739,0.07300486944737547
1057,101,17,impact_immobile,5.175472360984559,0.10054559886621073,3.6341257620335883,2.5497322819418087
1058,101,18,impact_immobile,5.9224035345757615,0.1784580163408992,3.6606891133984116,4.316562773287734
1059,101,19,impact_immobile,5.204885511016826,0.22318306989204967,4.005614247480689,5.168167091095259
1060,101,20,impact_immobile,5.782474279407088,0.10759984482607676,2.8745595793452376,2.2931784863533475
1061,101,21,impact_immobile,5.716917429150001,0.11211931681122024,4.01648685706898,5.386828661787547
1062,101,22,impact_immobile,5.69668649530732,0.15745710694715515,3.0106307411476108,5.085794694111525
1063,101,23,impact_immobile,5.172677524479329,0.1593530183611545,3.8617831770113575,3.993098969352617
1064,101,24,impact_immobile,5.235921429912751,0.22064710669640963,3.248837553686072,2.6404293925855553
1065,101,25,impact_immobile,5.438465262612305,0.19221715201877695,2.854374770627052,4.01051325027807
1066,101,26,impact_immobile,5.487687677438492,0.2081306184199756,3.3121898806591346,3.5895200680046244
1067,101,27,impact_immobile,5.967599764981531,0.08932775387994303,3.908932223511009,2.9422634588762118
1068,101,28,impact_immobile,5.299849407546835,0.12393342828566076,3.1045897814928853,5.298615530342045
1069,101,29,impact_immobile,5.202593415266916,0.23395169631868107,3.523171711866465,1.7916987950262384
1070,101,30,impact_immobile,5.7831370746008695,0.17299895537210375,4.038185796101696,0.9056663372664856
1071,101,31,impact_immobile,5.691992376867105,0.08445499769922804,3.056992088670162,2.6056216795400347
1072,101,32,impact_immobile,5.313159321216028,0.1252237240946873,3.5970320662256032,4.692878903119172
1073,101,33,impact_immobile,5.415962917146221,0.16137856425993363,3.8946331236451077,1.420799494359641
1074,101,34,impact_immobile,5.997889318029648,0.08378365434235262,3.319303837369307,5.185307102191384
1075,101,35,impact_immobile,5.235228737900294,0.13292129132994598,3.039145598592306,6.121675765767038
1076,101,36,impact_immobile,5.876085104861848,0.0930079428048618,3.5541236548327646,0.9558334725818021
1077,101,37,impact_immobile,5.018077527978928,0.11536738782072747,3.783786264415887,3.3213533590897057
1078,101,38,impact_immobile,5.287380513790847,0.17279573726516945,2.915493813485342,2.151344471143417
1079,101,39,impact_immobile,5.098135340220116,0.2118830286210281,3.33577969627256,4.495884545606792
1080,101,0,impact_recovery,5.335537975479782,0.14645824798312645,3.605346256132476,1.628653323393852
1081,101,1,impact_recovery,5.547220770042809,0.2035781809406264,2.9036035626101446,1.2487257668497955
1082,101,2,impact_recovery,5.020360702464997,0.158180612515807,2.9542119333095465,3.271883311291032
1083,101,3,impact_recovery,5.16104556554462,0.16413485478476403,3.194749263413391,4.706996190614844
1084,101,4,impact_recovery,5.8154544749221655,0.2335091124141449,3.448594493464101,5.588976101672749
1085,101,5,impact_recovery,5.861810120074875,0.13374871596003685,4.172324463378859,6.0203868863883265
1086,101,6,impact_recovery,5.157368079468184,0.2002747418875126,3.762359086409145,3.8728098432733327
1087,101,7,impact_recovery,5.710975303170564,0.1245195973407594,3.9679052033298055,4.535814988413964
1088,101,8,impact_recovery,5.1833761732987,0.23453681660560238,3.8266193398224924,0.35038069593515914
1089,101,9,impact_recovery,5.032320482059003,0.10708456924159382,3.7270299638995796,4.539456373254097
1090,101,10,impact_recovery,5.931235269043364,0.22133660977629643,3.0861670045705787,1.2204208687639795
1091,101,11,impact_recovery,5.084887428058033,0.14240288990831368,3.3928017038607825,2.3892500180409124
1092,101,12,impact_recovery,5.820978965806406,0.1780772165425985,3.9253402434313394,5.418719912851922
1093,101,13,impact_recovery,5.765230440333608,0.16220548752346237,3.3728905752958096,3.3684845838717594
1094,101,14,impact_recovery,5.459959333127452,0.18700288612855134,3.9930075095672786,4.247569149052515
1095,101,15,impact_recovery,5.254365418300939,0.1702922934889569,3.437953798412975,0.7729025108482224
1096,101,16,impact_recovery,5.105533880515182,0.15214072606925078,4.1172568178143045,4.416917410889809
1097,101,17,impact_recovery,5.055880341834329,0.22666588282515215,3.8146762467535393,3.7922572188773986
1098,101,18,impact_recovery,5.006331936490295,0.1296338095710169,3.267065484319073,3.032019672003002
1099,101,19,impact_recovery,5.122733258069005,0.1807602062380408,3.656453448939807,4.025041309527949
1100,101,20,impact_recovery,5.4943556476285575,0.1691953890889006,2.9583924138636664,5.195209760842879
1101,101,21,impact_recovery,5.868190450211298,0.21621601505236,3.8742890349881516,1.5220915622249878
1102,101,22,impact_recovery,5.293925018445636,0.088157593734341,3.8996072919862925,5.4019750062157454
1103,101,23,impact_recovery,5.936576346110609,0.1760865152767821,3.918607691041199,5.312768782994187
1104,101,24,impact_recovery,5.120726098946886,0.09093715438023263,4.027069735502491,6.098217626039052
1105,101,25,impact_recovery,5.716169951173953,0.17911900137464676,3.3544118767548716,5.393361281418446
1106,101,26,impact_recovery,5.285030891258686,0.08867216781008329,3.92505955307343,0.38398219162682706
1107,101,27,impact_recovery,5.716021039551664,0.18401941365777358,2.9543724782406517,2.7438311563919364
1108,101,28,impact_recovery,5.272290980562142,0.20915076865241766,3.8880762583343706,2.0682487113580743
1109,101,29,impact_recovery,5.1541463786209425,0.1348015210785114,3.415489570863854,3.805531480472545
1110,101,30,impact_recovery,5.947837227863725,0.1313506669616503,3.007229210848052,3.934630219432054
1111,101,31,impact_recovery,5.425421692026543,0.19856374770540883,3.7270388353724258,3.4379469293882847
1112,101,32,impact_recovery,5.815865257593299,0.11132847285442471,3.8960585791846687,1.147180680888688
1113,101,33,impact_recovery,5.479506651515045,0.16891704784759523,3.5610276744140776,0.7043012791540655
1114,101,34,impact_recovery,5.459171950596716,0.12487004083951558,3.187376191872879,2.6477697573265058
1115,101,35,impact_recovery,5.41364725933764,0.11304122280642309,3.759873702185479,5.851040618179477
1116,101,36,impact_recovery,5.947968397473603,0.10884952344823065,3.124573194567413,2.5565244675361702
1117,101,37,impact_recovery,5.594593968434628,0.19087140414768983,3.625115592048863,3.097723049059026
1118,101,38,impact_recovery,5.998673794030967,0.23379507420926715,3.925242035604203,1.5828372069902221
1119,101,39,impact_recovery,5.767239529826863,0.0857685721157135,4.126917238343136,4.406055824270114
1120,101,0,impact_hr_drop,5.925305777920726,0.14779690208352142,3.795443094911479,1.573998080006432
1121,101,1,impact_hr_drop,5.925334966534025,0.10855539734594394,2.8124993966842045,1.7598443446890877
1122,101,2,impact_hr_drop,5.664541146118247,0.1659665970740437,3.9300877764020212,4.295690364235106
1123,101,3,impact_hr_drop,5.780484387916655,0.23078779284393475,2.8927828577868864,0.6651293887957436
1124,101,4,impact_hr_drop,5.288477262224349,0.10138615080477584,3.5725279761057203,4.52242323971334
1125,101,5,impact_hr_drop,5.18161164883639,0.15941243896401797,3.145545093704849,0.10707354250997499
1126,101,6,impact_hr_drop,5.264899892883861,0.12245626662570885,3.763015793008943,6.087843072854957
1127,101,7,impact_hr_drop,5.067483903659035,0.15845120046532352,3.449994119282009,3.9451506352556915
1128,101,8,impact_hr_drop,5.148445831207908,0.23300840006724544,3.185579456116775,3.635029490633145
1129,101,9,impact_hr_drop,5.408243839733251,0.16994781093636652,4.032668480086829,3.881291017977385
1130,101,10,impact_hr_drop,5.341023442803043,0.23238500474100438,3.0461396185652143,6.026680223232115
1131,101,11,impact_hr_drop,5.673589878631529,0.11914421664028747,4.180307369776386,5.441125512042413
1132,101,12,impact_hr_drop,5.508510205635542,0.20941285116902902,2.9314821797368715,1.727933316743731
1133,101,13,impact_hr_drop,5.478602687403402,0.23102280362716543,3.3172530321588916,6.233289389598809
1134,101,14,impact_hr_drop,5.579878900116751,0.19489460012770807,3.8943463433446484,0.8311644534940507
1135,101,15,impact_hr_drop,5.918826510533146,0.17492871852343678,2.9711106242953997,0.9494368114168498
1136,101,16,impact_hr_drop,5.799137658994621,0.16986533827663852,4.098358015069616,5.405259096358655
1137,101,17,impact_hr_drop,5.54910290647805,0.14701141923289698,3.8668276389367886,6.144160539080654
1138,101,18,impact_hr_drop,5.306627764446207,0.163108951860425,2.965652839552315,0.27740936226470636
1139,101,19,impact_hr_drop,5.061174603050238,0.13992856660409217,3.6644833283536946,5.42646500602574
1140,101,20,impact_hr_drop,5.750094509444224,0.23422051007189398,3.1571784113051824,5.366227893126835
1141,101,21,impact_hr_drop,5.320771332475058,0.13998891915132775,3.5608569916343833,6.261344330436631
1142,101,22,impact_hr_drop,5.464397689872433,0.08934881867991956,3.3128276329139563,3.5646421301616
1143,101,23,impact_hr_drop,5.683172374725882,0.1045681433951437,3.1984129318130723,1.045314869166289
1144,101,24,impact_hr_drop,5.512872074873195,0.14292998492219117,3.2464516556093725,3.193956319829232
1145,101,25,impact_hr_drop,5.753312340054007,0.17856924023200207,3.827207396504875,2.536050604774885
1146,101,26,impact_hr_drop,5.926163239055317,0.09868673325298519,2.9010844847279387,0.606656268224273
1147,101,27,impact_hr_drop,5.480552704794363,0.13195795390914306,3.078078127520122,0.04622918233701536
1148,101,28,impact_hr_drop,5.787229211796084,0.08928585677414365,3.683841441456908,6.069232180303544
1149,101,29,impact_hr_drop,5.252134344559228,0.17423597246882494,4.037420301234857,2.754367978609081
1150,101,30,impact_hr_drop,5.919453988671123,0.08556174652146785,3.601196267807437,4.88691791822054
1151,101,31,impact_hr_drop,5.49371472854977,0.21267879204385826,4.173851924350947,5.264823053231305
1152,101,32,impact_hr_drop,5.478597025604364,0.19060318680000593,4.019739022767378,3.9157004848473895
1153,101,33,impact_hr_drop,5.046416467049315,0.11297049521770157,3.6548420804605817,0.7252754933538053
1154,101,34,impact_hr_drop,5.158990491476285,0.23551003850316282,3.5027251181469086,6.212907293705204
1155,101,35,impact_hr_drop,5.837599618900853,0.20525961911266816,3.3874938956787095,1.4708239776311085
1156,101,36,impact_hr_drop,5.066464307983022,0.11544000102698027,3.4958712229687676,3.8254901260291234
1157,101,37,impact_hr_drop,5.150148626259088,0.15306460246851422,3.3158335823272296,5.520218980959038
1158,101,38,impact_hr_drop,5.298416804890532,0.2140186299881517,3.7019444765255614,5.880938960415706
1159,101,39,impact_hr_drop,5.279429177531974,0.12349897340474261,3.481914905628009,1.638170164694804
1160,101,0,unworn_impact,5.602134698610996,0.23243382663416656,3.5446403270763085,1.2131597361325586
1161,101,1,unworn_impact,5.052947673277842,0.18075330623437996,3.4254138373873557,0.05921372357502204
1162,101,2,unworn_impact,5.368027775146753,0.20766602128751993,3.6771448301077436,2.104439040846401
1163,101,3,unworn_impact,5.960042597529316,0.23708581242638677,2.83762208819959,1.4289785210843104
1164,101,4,unworn_impact,5.6100652067788666,0.13439391517824625,3.097363500026549,5.048826897528232
1165,101,5,unworn_impact,5.903148902931324,0.15880585264626368,4.149981861088875,3.6170947227608417
1166,101,6,unworn_impact,5.629444630610699,0.16238153885980774,3.914085600498166,5.665312764793766
1167,101,7,unworn_impact,5.501181821188488,0.1564155122318729,3.9109090287669885,5.2867292226840075
1168,101,8,unworn_impact,5.658111614112149,0.10563077232197685,2.9805561398487908,2.2886411932147848
1169,101,9,unworn_impact,5.045279365046853,0.13647110501226273,3.30661352125869,0.7822770731503406
1170,101,10,unworn_impact,5.143827351641876,0.1820486027994998,4.047142363936541,1.380897599842012
1171,101,11,unworn_impact,5.722518639168783,0.1461523991011924,2.8148284611232937,5.860169068869412
1172,101,12,unworn_impact,5.110858521912803,0.1570215141286044,2.8240455150419486,1.7803825358614098
1173,101,13,unworn_impact,5.353407127782208,0.1406891534324507,3.5295486311810533,6.077526390726496
1174,101,14,unworn_impact,5.612879324150852,0.1521228160897719,3.9662574363421355,2.8603351094430707
1175,101,15,unworn_impact,5.699502079983148,0.15141360014162294,3.8467514391082007,0.5947263631364188
1176,101,16,unworn_impact,5.172957155458068,0.19161990159548303,3.836715879510451,2.2657523032121003
1177,101,17,unworn_impact,5.041184247932441,0.17797523656454736,2.9467573897886776,2.4319016138361094
1178,101,18,unworn_impact,5.8078407987719,0.20812096442521888,3.9505883397980774,0.6588189866018979
1179,101,19,unworn_impact,5.732039325280264,0.08480434384457843,4.176269766163703,4.669714359545975
1180,101,20,unworn_impact,5.7729946981022815,0.2173654549197767,3.948589212667813,4.78509963210528
1181,101,21,unworn_impact,5.930869882760337,0.09043271211081595,2.91127282355087,4.431842995555288
1182,101,22,unworn_impact,5.118077154078909,0.2084764161657538,3.3813969601048033,4.734747007775552
1183,101,23,unworn_impact,5.105619969476733,0.16806750263374393,3.8056879913875923,4.638323961987534
1184,101,24,unworn_impact,5.180568948976777,0.1185752853948697,3.987802605708308,4.960663534691414
1185,101,25,unworn_impact,5.509000545019503,0.0830018025785801,3.8059636030826285,4.744216761185975
1186,101,26,unworn_impact,5.648004345682104,0.23570407335866245,3.6865028792103742,5.126779073338452
1187,101,27,unworn_impact,5.247668663321642,0.1261343495297762,4.17195504813905,6.277608932022286
1188,101,28,unworn_impact,5.107465340026623,0.1797276010873673,3.7602158408279482,3.83332648769304
1189,101,29,unworn_impact,5.388230301527876,0.1365403583778875,4.0908716078533445,0.8781394545998757
1190,101,30,unworn_impact,5.089443218312631,0.19959947043847048,2.820148079894042,2.4195443979052023
1191,101,31,unworn_impact,5.5595831804717575,0.18855422219483564,3.159747920288692,4.001115840969619
1192,101,32,unworn_impact,5.656600892316646,0.21120072494303999,3.460249844704488,5.855623148511537
1193,101,33,unworn_impact,5.450982788690784,0.22659592937832096,3.3562612471432383,4.570658036494562
1194,101,34,unworn_impact,5.291637192251731,0.18041860998776088,3.850306295427436,0.3874145271572953
1195,101,35,unworn_impact,5.774259350154048,0.09337231806991024,3.905600945641624,0.9014287729327142
1196,101,36,unworn_impact,5.239794954672671,0.130384835355002,3.1677961927158176,3.8183010232932393
1197,101,37,unworn_impact,5.349098166928467,0.2115612187283875,3.3319081452849004,4.888356777307246
1198,101,38,unworn_impact,5.3161448190111145,0.16488231522840668,3.622514653268455,2.2069828694313034
1199,101,39,unworn_impact,5.786099686498452,0.18022552599313296,3.576062774607136,4.162942126870487
