seed,repeat,scenario,heart_rate,hrv,gsr,ecg_mv,spo2,temperature,quality,quality_reliable,baseline_n,baseline_ready,risk_score,risk_category,stress_score,ecg_score,fall_score
17,0,normal,74,51.48391193871403,29.854230382152068,0.5942878606360444,99,36.73627964015935,0.9160965635761474,True,120,True,6.201329256441525,normal,9.32063229635718,11.36,0.0
17,1,normal,73,53.60618048482928,35.73365037410138,0.6121447568768104,99,36.50454132382834,0.9000466449350555,True,120,True,6.313243479003786,normal,11.329083354678668,11.36,0.0
17,2,normal,68,53.60617873640311,31.522098869646417,0.5886338540066712,98,36.59162527315214,0.8618092878294978,True,120,True,5.104893498455052,normal,8.067340789068954,11.36,0.0
17,3,normal,73,51.15564495178167,32.27471880633806,0.6209116191837946,98,36.59568674194139,0.854439259463534,True,120,True,5.985085691879888,normal,8.632883582859856,11.36,0.0
17,4,normal,74,51.441119379058165,33.27406445556656,0.687241438384088,97,36.69681546592526,0.9025371464372236,True,120,True,6.382623028800003,normal,10.128828403099199,11.36,0.0
17,5,normal,74,50.24598238389775,34.26220797025957,0.5965575074420633,98,36.60366261306704,0.925073036400066,True,120,True,6.396093531863512,normal,9.965869287613593,11.36,0.0
17,6,normal,76,47.22885834965898,32.962331852038744,0.6490886880843351,97,36.520047121133935,0.9044279194289497,True,120,True,7.177851797173501,normal,11.789455392882271,11.36,0.0
17,7,normal,71,45.90686362996269,34.254808401735986,0.6581801885353953,97,36.76205198353837,0.9132814353228614,True,120,True,6.682673792660502,normal,11.963578263054753,11.36,0.0
17,8,normal,68,54.192402198546574,29.512553386085994,0.5807296324125673,99,36.63298638072152,0.876038806044382,True,120,True,5.267888769984705,normal,9.193233389135358,11.36,0.0
17,9,normal,75,50.454082165333574,28.668110390555878,0.6060191607940119,98,36.733076084621395,0.8855442393381743,True,120,True,6.434461637763869,normal,9.552008741861075,11.36,0.0
17,10,normal,76,51.4832854477077,35.61731111922168,0.5624587140099389,98,36.728137469163485,0.8818078469364486,True,120,True,6.944382649814365,normal,12.14960487776186,11.36,0.0
17,11,normal,69,52.485820611412315,28.675390862328477,0.665467525166985,99,36.50364138291812,0.9180561358056947,True,120,True,5.317430887870481,normal,8.023784843117614,11.36,0.0
17,12,normal,69,52.41437402331823,31.021687380153736,0.5596552356408098,97,36.784669699826686,0.9255314405600619,True,120,True,5.3639992108212535,normal,8.467056479469923,11.36,0.0
17,13,normal,73,51.380346150623,28.720847642933435,0.6629048909113688,97,36.61868861673403,0.8714626543843579,True,120,True,5.931340153305346,normal,8.329617664734812,11.36,0.0
17,14,normal,73,48.186347911248596,28.617167635784945,0.5647923593037103,97,36.793653676352875,0.9296997075814796,True,120,True,6.3645179293316065,normal,9.815059212920424,11.36,0.0
17,15,normal,68,53.19062821142375,34.2922394796167,0.612804155017721,99,36.70666461759697,0.9205672129486876,True,120,True,5.396906337263237,normal,9.496664260262618,11.36,0.0
17,16,normal,69,54.28166105318651,31.215121165416264,0.5686202091346498,99,36.72540601723587,0.8939954518604445,True,120,True,5.236044044234456,normal,8.39051228197947,11.36,0.0
17,17,normal,74,50.86127247572656,33.91737882516849,0.6363894894820177,98,36.508237238856715,0.9289775068100109,True,120,True,6.555596722854638,normal,10.987994008684456,11.36,0.0
17,18,normal,71,46.96526319014758,34.08285981580913,0.6096159421111004,97,36.614354288703495,0.910493709233808,True,120,True,6.421046833196769,normal,10.975852209256777,11.36,0.0
17,19,normal,73,53.35999315206765,34.44321142884963,0.5596030519572923,97,36.755254762750965,0.9287372109129658,True,120,True,6.0053646323030225,normal,9.63670771349831,11.36,0.0
17,20,normal,68,52.34430104286733,34.24790270795535,0.6865652100699635,98,36.661240067833226,0.9207123638186785,True,120,True,5.558900240900719,normal,9.955040681812786,11.36,0.0
17,21,normal,75,54.57946136116415,28.59467172774002,0.6293333864488839,98,36.625009762998864,0.8568449031606947,True,120,True,6.144242519369449,normal,9.33412674760769,11.36,0.0
17,22,normal,73,53.91491557779287,30.766192332891322,0.5575747146101616,99,36.74095752903909,0.8719901764627647,True,120,True,5.912538514350073,normal,9.318805600531702,11.36,0.0
17,23,normal,76,46.15987978512604,31.129275303779842,0.5553854758276362,98,36.52838142381845,0.8926216856959476,True,120,True,7.116062493906586,normal,11.258419744211722,11.36,0.0
17,24,normal,70,49.40538284313821,29.20387901650316,0.6349018698318818,97,36.596759148756334,0.8646256406014121,True,120,True,5.709911903726958,normal,8.508094120803925,11.36,0.0
17,25,normal,72,54.886768638632006,31.93100821682687,0.6612491081137721,98,36.58698527281806,0.8613848796630871,True,120,True,5.674336404290843,normal,8.810514885802972,11.36,0.0
17,26,normal,72,45.78705701790643,31.938132074843672,0.5525443500224034,99,36.64190270350875,0.8981388839218732,True,120,True,6.4697768907672675,normal,10.26718704667762,11.36,0.0
17,27,normal,74,51.01505606301899,34.714029908437254,0.5933589939038032,99,36.5853784418461,0.8915098653839294,True,120,True,6.490193113146871,normal,10.763543207750196,11.36,0.0
17,28,normal,74,50.78968314637636,35.19365051500035,0.6294795465849927,98,36.51192195451052,0.9063562550409419,True,120,True,6.59795797440824,normal,11.212016533684952,11.36,0.0
17,29,normal,68,51.78389965662127,28.74979294730272,0.5531435830642424,99,36.69827492689366,0.9144067054063892,True,120,True,5.206712804205919,normal,8.06692291057629,11.36,0.0
17,30,normal,69,45.75385773118154,30.367671538042707,0.6244456588280246,97,36.68104592853054,0.8829842926463819,True,120,True,5.978791295103818,normal,9.428388442700358,11.36,0.0
17,31,normal,72,49.39799071498019,29.206086646044934,0.6568819225190223,97,36.70770313702435,0.8676124776136842,True,120,True,5.958153369950349,normal,8.479206733288308,11.36,0.0
17,32,normal,74,51.48652671107633,31.658542296264326,0.6648152320343556,99,36.725997307035705,0.8947052517524046,True,120,True,6.202549737294884,normal,9.188681645284488,11.36,0.0
17,33,normal,68,45.675432194491734,33.581573780722984,0.6864058769232586,98,36.74910785331604,0.9080814739355487,True,120,True,6.240262122321635,normal,11.411888603237824,11.36,0.0
17,34,normal,73,48.847184413675805,28.861166380843123,0.5679478779261011,99,36.690741620039404,0.9095999983303914,True,120,True,6.072639650491686,normal,8.41803359492787,11.36,0.0
17,35,normal,74,51.32374603506713,32.69781338855736,0.5548908667915647,98,36.791102147418734,0.9193340697269008,True,120,True,6.363262466973598,normal,10.242336341089787,11.36,0.0
17,36,normal,73,53.682276742155274,28.805927669031426,0.5954316162304495,97,36.50009190424378,0.9003198568726294,True,120,True,5.894581998569352,normal,9.062851555842904,11.36,0.0
17,37,normal,76,54.21288844723962,32.16381489384562,0.6194623785314006,97,36.5456740432684,0.8850887944568907,True,120,True,6.530904760307914,normal,10.692832934111662,11.36,0.0
17,38,normal,70,47.049690165477045,31.585962513733733,0.5710458357637676,99,36.77459180178968,0.887076780128164,True,120,True,6.140883541797097,normal,10.20619310660804,11.36,0.0
17,39,normal,73,52.399344492009476,30.60721730453059,0.6174344360956787,97,36.73903112524801,0.8679271129442613,True,120,True,5.9497754311355,normal,8.877908066080291,11.36,0.0
17,0,stationary,74,51.48391193871403,29.854230382152068,0.5942878606360444,99,36.73627964015935,0.9160965635761474,True,0,False,16.081329256441528,normal,9.32063229635718,11.36,38.0
17,1,stationary,73,53.60618048482928,35.73365037410138,0.6121447568768104,99,36.50454132382834,0.9000466449350555,True,0,False,16.193243479003787,normal,11.329083354678668,11.36,38.0
17,2,stationary,68,53.60617873640311,31.522098869646417,0.5886338540066712,98,36.59162527315214,0.8618092878294978,True,0,False,14.984893498455053,normal,8.067340789068954,11.36,38.0
17,3,stationary,73,51.15564495178167,32.27471880633806,0.6209116191837946,98,36.59568674194139,0.854439259463534,True,0,False,15.865085691879889,normal,8.632883582859856,11.36,38.0
17,4,stationary,74,51.441119379058165,33.27406445556656,0.687241438384088,97,36.69681546592526,0.9025371464372236,True,0,False,16.262623028800004,normal,10.128828403099199,11.36,38.0
17,5,stationary,74,50.24598238389775,34.26220797025957,0.5965575074420633,98,36.60366261306704,0.925073036400066,True,0,False,16.276093531863513,normal,9.965869287613593,11.36,38.0
17,6,stationary,76,47.22885834965898,32.962331852038744,0.6490886880843351,97,36.520047121133935,0.9044279194289497,True,0,False,17.0578517971735,normal,11.789455392882271,11.36,38.0
17,7,stationary,71,45.90686362996269,34.254808401735986,0.6581801885353953,97,36.76205198353837,0.9132814353228614,True,0,False,16.562673792660505,normal,11.963578263054753,11.36,38.0
17,8,stationary,68,54.192402198546574,29.512553386085994,0.5807296324125673,99,36.63298638072152,0.876038806044382,True,0,False,15.147888769984705,normal,9.193233389135358,11.36,38.0
17,9,stationary,75,50.454082165333574,28.668110390555878,0.6060191607940119,98,36.733076084621395,0.8855442393381743,True,0,False,16.31446163776387,normal,9.552008741861075,11.36,38.0
17,10,stationary,76,51.4832854477077,35.61731111922168,0.5624587140099389,98,36.728137469163485,0.8818078469364486,True,0,False,16.824382649814368,normal,12.14960487776186,11.36,38.0
17,11,stationary,69,52.485820611412315,28.675390862328477,0.665467525166985,99,36.50364138291812,0.9180561358056947,True,0,False,15.197430887870482,normal,8.023784843117614,11.36,38.0
17,12,stationary,69,52.41437402331823,31.021687380153736,0.5596552356408098,97,36.784669699826686,0.9255314405600619,True,0,False,15.243999210821254,normal,8.467056479469923,11.36,38.0
17,13,stationary,73,51.380346150623,28.720847642933435,0.6629048909113688,97,36.61868861673403,0.8714626543843579,True,0,False,15.811340153305347,normal,8.329617664734812,11.36,38.0
17,14,stationary,73,48.186347911248596,28.617167635784945,0.5647923593037103,97,36.793653676352875,0.9296997075814796,True,0,False,16.244517929331607,normal,9.815059212920424,11.36,38.0
17,15,stationary,68,53.19062821142375,34.2922394796167,0.612804155017721,99,36.70666461759697,0.9205672129486876,True,0,False,15.276906337263238,normal,9.496664260262618,11.36,38.0
17,16,stationary,69,54.28166105318651,31.215121165416264,0.5686202091346498,99,36.72540601723587,0.8939954518604445,True,0,False,15.116044044234457,normal,8.39051228197947,11.36,38.0
17,17,stationary,74,50.86127247572656,33.91737882516849,0.6363894894820177,98,36.508237238856715,0.9289775068100109,True,0,False,16.43559672285464,normal,10.987994008684456,11.36,38.0
17,18,stationary,71,46.96526319014758,34.08285981580913,0.6096159421111004,97,36.614354288703495,0.910493709233808,True,0,False,16.30104683319677,normal,10.975852209256777,11.36,38.0
17,19,stationary,73,53.35999315206765,34.44321142884963,0.5596030519572923,97,36.755254762750965,0.9287372109129658,True,0,False,15.885364632303023,normal,9.63670771349831,11.36,38.0
17,20,stationary,68,52.34430104286733,34.24790270795535,0.6865652100699635,98,36.661240067833226,0.9207123638186785,True,0,False,15.43890024090072,normal,9.955040681812786,11.36,38.0
17,21,stationary,75,54.57946136116415,28.59467172774002,0.6293333864488839,98,36.625009762998864,0.8568449031606947,True,0,False,16.02424251936945,normal,9.33412674760769,11.36,38.0
17,22,stationary,73,53.91491557779287,30.766192332891322,0.5575747146101616,99,36.74095752903909,0.8719901764627647,True,0,False,15.792538514350074,normal,9.318805600531702,11.36,38.0
17,23,stationary,76,46.15987978512604,31.129275303779842,0.5553854758276362,98,36.52838142381845,0.8926216856959476,True,0,False,16.996062493906585,normal,11.258419744211722,11.36,38.0
17,24,stationary,70,49.40538284313821,29.20387901650316,0.6349018698318818,97,36.596759148756334,0.8646256406014121,True,0,False,15.589911903726959,normal,8.508094120803925,11.36,38.0
17,25,stationary,72,54.886768638632006,31.93100821682687,0.6612491081137721,98,36.58698527281806,0.8613848796630871,True,0,False,15.554336404290844,normal,8.810514885802972,11.36,38.0
17,26,stationary,72,45.78705701790643,31.938132074843672,0.5525443500224034,99,36.64190270350875,0.8981388839218732,True,0,False,16.349776890767266,normal,10.26718704667762,11.36,38.0
17,27,stationary,74,51.01505606301899,34.714029908437254,0.5933589939038032,99,36.5853784418461,0.8915098653839294,True,0,False,16.370193113146872,normal,10.763543207750196,11.36,38.0
17,28,stationary,74,50.78968314637636,35.19365051500035,0.6294795465849927,98,36.51192195451052,0.9063562550409419,True,0,False,16.47795797440824,normal,11.212016533684952,11.36,38.0
17,29,stationary,68,51.78389965662127,28.74979294730272,0.5531435830642424,99,36.69827492689366,0.9144067054063892,True,0,False,15.08671280420592,normal,8.06692291057629,11.36,38.0
17,30,stationary,69,45.75385773118154,30.367671538042707,0.6244456588280246,97,36.68104592853054,0.8829842926463819,True,0,False,15.858791295103819,normal,9.428388442700358,11.36,38.0
17,31,stationary,72,49.39799071498019,29.206086646044934,0.6568819225190223,97,36.70770313702435,0.8676124776136842,True,0,False,15.83815336995035,normal,8.479206733288308,11.36,38.0
17,32,stationary,74,51.48652671107633,31.658542296264326,0.6648152320343556,99,36.725997307035705,0.8947052517524046,True,0,False,16.082549737294883,normal,9.188681645284488,11.36,38.0
17,33,stationary,68,45.675432194491734,33.581573780722984,0.6864058769232586,98,36.74910785331604,0.9080814739355487,True,0,False,16.120262122321634,normal,11.411888603237824,11.36,38.0
17,34,stationary,73,48.847184413675805,28.861166380843123,0.5679478779261011,99,36.690741620039404,0.9095999983303914,True,0,False,15.952639650491687,normal,8.41803359492787,11.36,38.0
17,35,stationary,74,51.32374603506713,32.69781338855736,0.5548908667915647,98,36.791102147418734,0.9193340697269008,True,0,False,16.243262466973597,normal,10.242336341089787,11.36,38.0
17,36,stationary,73,53.682276742155274,28.805927669031426,0.5954316162304495,97,36.50009190424378,0.9003198568726294,True,0,False,15.774581998569353,normal,9.062851555842904,11.36,38.0
17,37,stationary,76,54.21288844723962,32.16381489384562,0.6194623785314006,97,36.5456740432684,0.8850887944568907,True,0,False,16.410904760307915,normal,10.692832934111662,11.36,38.0
17,38,stationary,70,47.049690165477045,31.585962513733733,0.5710458357637676,99,36.77459180178968,0.887076780128164,True,0,False,16.020883541797097,normal,10.20619310660804,11.36,38.0
17,39,stationary,73,52.399344492009476,30.60721730453059,0.6174344360956787,97,36.73903112524801,0.8679271129442613,True,0,False,15.8297754311355,normal,8.877908066080291,11.36,38.0
17,0,stress_shift,107,22.630590415679222,87.02878861928315,0.5942878606360444,99,36.73627964015935,0.9160965635761474,True,120,True,23.41426272893306,normal,64.48442669993587,19.276422133965298,0.0
17,1,stress_shift,106,15.673914803939287,87.70213754094162,0.6121447568768104,99,36.50454132382834,0.9000466449350555,True,120,True,24.97818588577975,normal,66.93689672431104,23.728694525478858,0.0
17,2,stress_shift,97,21.159034917407624,86.87686829874126,0.5886338540066712,98,36.59162527315214,0.8618092878294978,True,120,True,21.73447789229422,normal,60.51733541915917,20.21821765285912,0.0
17,3,stress_shift,100,19.281308349111242,79.32116606888924,0.6209116191837946,98,36.59568674194139,0.854439259463534,True,120,True,22.791657796868456,normal,62.42633094989818,21.419962656568806,0.0
17,4,stress_shift,113,22.897876330553895,79.48139585810918,0.687241438384088,97,36.69681546592526,0.9025371464372236,True,120,True,24.044370129634167,normal,63.979661924889626,19.10535914844551,0.0
17,5,stress_shift,115,24.870061260080966,84.84344373731587,0.5965575074420633,98,36.60366261306704,0.925073036400066,True,120,True,23.76887261386733,normal,63.21766744608712,17.84316079354818,0.0
17,6,stress_shift,113,23.53762475005042,77.99737920570772,0.6490886880843351,97,36.520047121133935,0.9044279194289497,True,120,True,23.945138514694804,normal,64.13676081928068,18.695920159967734,0.0
17,7,stress_shift,114,23.17256225925406,78.76359056995594,0.6581801885353953,97,36.76205198353837,0.9132814353228614,True,120,True,24.18351940557298,normal,64.4010234163389,18.9295601540774,0.0
17,8,stress_shift,106,21.98686538567968,85.87977292960662,0.5807296324125673,99,36.63298638072152,0.876038806044382,True,120,True,24.196255125225267,normal,68.89984968757551,19.688406153165005,0.0
17,9,stress_shift,99,23.926756338152256,80.8805960428231,0.6060191607940119,98,36.733076084621395,0.8855442393381743,True,120,True,21.406560240206286,normal,60.037090618228625,18.446875943582555,0.0
17,10,stress_shift,112,17.427795755548594,85.03702244887144,0.5624587140099389,98,36.728137469163485,0.8818078469364486,True,120,True,25.314211002219018,normal,66.55131717899756,22.6062107164489,0.0
17,11,stress_shift,113,19.617961185273124,81.46387367585189,0.665467525166985,99,36.50364138291812,0.9180561358056947,True,120,True,24.925291686704455,normal,65.67227003688016,21.204504841425198,0.0
17,12,stress_shift,112,24.0067499565905,84.53050323187873,0.5596552356408098,97,36.784669699826686,0.9255314405600619,True,120,True,23.699632264267773,normal,64.09492945546995,18.395680027782078,0.0
17,13,stress_shift,112,16.32270238872078,89.71400349276323,0.6629048909113688,97,36.61868861673403,0.8714626543843579,True,120,True,25.533987374633362,normal,66.48024822054717,23.3134704712187,0.0
17,14,stress_shift,109,17.57917817530509,84.28881888524012,0.5647923593037103,97,36.793653676352875,0.9296997075814796,True,120,True,24.891560896805995,normal,66.39124601377088,22.50932596780474,0.0
17,15,stress_shift,112,17.917753999962635,81.35112499014791,0.612804155017721,99,36.70666461759697,0.9205672129486876,True,120,True,25.104867525236216,normal,65.77328369545138,22.292637440023913,0.0
17,16,stress_shift,103,17.65414527967241,88.67017638952416,0.5686202091346498,99,36.72540601723587,0.8939954518604445,True,120,True,23.794211162973212,normal,64.44715168225957,22.461347021009658,0.0
17,17,stress_shift,97,19.56269441250835,88.8174459009419,0.6363894894820177,98,36.508237238856715,0.9289775068100109,True,120,True,22.220566019870358,normal,61.544158695621555,21.239875575994656,0.0
17,18,stress_shift,102,17.041776400892125,76.79346916464029,0.6096159421111004,97,36.614354288703495,0.910493709233808,True,120,True,23.82767034713822,normal,64.62705768544501,22.85326310342904,0.0
17,19,stress_shift,103,20.46586647103417,88.43951871944563,0.5596030519572923,97,36.755254762750965,0.9287372109129658,True,120,True,23.020025824767416,normal,62.94534845146495,20.66184545853813,0.0
17,20,stress_shift,100,15.85762453484268,88.57225984619473,0.6865652100699635,98,36.661240067833226,0.9207123638186785,True,120,True,23.71825382549936,normal,64.05736278781025,23.611120297700687,0.0
17,21,stress_shift,111,23.64581242964766,76.3214527042196,0.6293333864488839,98,36.625009762998864,0.8568449031606947,True,120,True,23.551427830079124,normal,63.45751943678892,18.6266800450255,0.0
17,22,stress_shift,113,18.178695042789258,83.8980724486342,0.5575747146101616,99,36.74095752903909,0.8719901764627647,True,120,True,26.096326266214877,normal,70.96791425938669,22.125635172614874,0.0
17,23,stress_shift,95,16.10241299990485,82.52211594392928,0.5553854758276362,98,36.52838142381845,0.8926216856959476,True,120,True,22.533646474575214,normal,61.38285492064531,23.454455680060896,0.0
17,24,stress_shift,110,23.67360049543373,85.67228323486697,0.6349018698318818,97,36.596759148756334,0.8646256406014121,True,120,True,23.45240137418279,normal,63.60478737454886,18.608895682922416,0.0
17,25,stress_shift,108,21.857260457193078,78.66600260906405,0.6612491081137721,98,36.58698527281806,0.8613848796630871,True,120,True,24.569466772451953,normal,69.32370838578325,19.77135330739643,0.0
17,26,stress_shift,112,15.877351077468294,79.96757708251313,0.5525443500224034,99,36.64190270350875,0.8981388839218732,True,120,True,25.719823076176592,normal,67.29063831091804,23.59849531042029,0.0
17,27,stress_shift,113,24.383285405533584,77.44834182769766,0.5933589939038032,99,36.5853784418461,0.8915098653839294,True,120,True,23.73137251724724,normal,63.89604962872742,18.154697340458505,0.0
17,28,stress_shift,109,16.63591441380844,78.63129951573825,0.6294795465849927,98,36.51192195451052,0.9063562550409419,True,120,True,25.219505107634067,normal,67.15199516348338,23.113014775162597,0.0
17,29,stress_shift,110,16.681057546183347,85.75766134777452,0.5531435830642424,99,36.69827492689366,0.9144067054063892,True,120,True,25.187392238230398,normal,66.48843903345002,23.08412317044266,0.0
17,30,stress_shift,95,15.725262217990508,78.65645282236379,0.6244456588280246,97,36.68104592853054,0.8829842926463819,True,120,True,22.55084657845024,normal,60.9685919428658,23.695832180486075,0.0
17,31,stress_shift,113,19.597277479516116,75.02343857059651,0.6568819225190223,97,36.70770313702435,0.8676124776136842,True,120,True,24.65097901657809,normal,64.14484979858341,21.217742413109683,0.0
17,32,stress_shift,101,19.783147911753534,80.4538801818112,0.6648152320343556,99,36.725997307035705,0.8947052517524046,True,120,True,22.910764633560724,normal,62.816576945440765,21.09878533647774,0.0
17,33,stress_shift,105,24.39006217105757,86.94748330381087,0.6864058769232586,98,36.74910785331604,0.9080814739355487,True,120,True,22.68376803644935,normal,63.34611457412974,18.150360210523154,0.0
17,34,stress_shift,112,15.98508557584491,78.42257349944641,0.5679478779261011,99,36.690741620039404,0.9095999983303914,True,120,True,25.533636654051428,normal,66.33234196368497,23.52954523145926,0.0
17,35,stress_shift,113,18.855054404977594,89.81435509976255,0.5548908667915647,98,36.791102147418734,0.9193340697269008,True,120,True,25.132674935950593,normal,66.28866875202114,21.69276518081434,0.0
17,36,stress_shift,109,23.558536263492392,87.83882839741348,0.5954316162304495,97,36.50009190424378,0.9003198568726294,True,120,True,23.47601023333197,normal,64.38122891743569,18.682536791364868,0.0
17,37,stress_shift,103,16.482732916210292,79.68744866585457,0.6194623785314006,97,36.5456740432684,0.8850887944568907,True,120,True,24.164257340198404,normal,65.24352773507398,23.211050933625415,0.0
17,38,stress_shift,106,18.242078870658077,81.01718674228269,0.5710458357637676,99,36.77459180178968,0.887076780128164,True,120,True,24.35172960656414,normal,66.07840412640775,22.08506952277883,0.0
17,39,stress_shift,96,22.81645290690964,77.68140707645884,0.6174344360956787,97,36.73903112524801,0.8679271129442613,True,120,True,21.174558989859133,normal,59.67013047699572,19.157470139577832,0.0
17,0,exercise,140,31.44588562351883,62.028788619283155,0.5942878606360444,99,36.73627964015935,0.9160965635761474,True,0,False,19.79171469726526,normal,42.01263918039355,5.634633200947949,0.0
17,1,exercise,137,21.010872205908928,62.70213754094162,0.6121447568768104,99,36.50454132382834,0.9000466449350555,True,0,False,22.19202711558163,normal,44.98996998973017,12.313041788218285,0.0
17,2,exercise,126,29.238552376111432,61.87686829874126,0.5886338540066712,98,36.59162527315214,0.8618092878294978,True,0,False,19.030902066789846,normal,41.74216064296695,7.047326479288683,0.0
17,3,exercise,132,26.421962523666863,54.32116606888924,0.6209116191837946,98,36.59568674194139,0.854439259463534,True,0,False,19.80977894671881,normal,39.13344159443676,8.849943984853207,0.0
17,4,exercise,138,31.84681449583084,54.48139585810918,0.687241438384088,97,36.69681546592526,0.9025371464372236,True,0,False,18.94708010613448,normal,37.53277808735261,5.378038722668261,0.0
17,5,exercise,129,34.80509189012145,59.843443737315866,0.5965575074420633,98,36.60366261306704,0.925073036400066,True,0,False,17.885404019166696,normal,38.82619285432365,3.48474119032227,0.0
17,6,exercise,121,32.80643712507563,52.99737920570771,0.6490886880843351,97,36.520047121133935,0.9044279194289497,True,0,False,16.954320802564126,normal,37.02003364413521,4.763880239951595,0.0
17,7,exercise,132,32.25884338888109,53.76359056995593,0.6581801885353953,97,36.76205198353837,0.9132814353228614,True,0,False,18.510669498902082,normal,37.61625472845859,5.114340231116103,0.0
17,8,exercise,126,30.480298078519517,60.87977292960662,0.5807296324125673,99,36.63298638072152,0.876038806044382,True,0,False,18.84463706635163,normal,41.951348176654975,6.252609229747509,0.0
17,9,exercise,130,33.39013450722838,55.88059604282311,0.6060191607940119,98,36.733076084621395,0.8855442393381743,True,0,False,18.043063641001357,normal,37.60270836069052,4.390313915373835,0.0
17,10,exercise,120,23.641693633322888,60.03702244887143,0.5624587140099389,98,36.728137469163485,0.8818078469364486,True,0,False,19.49566452194057,normal,42.925267141623515,10.629316074673351,0.0
17,11,exercise,130,26.92694177790969,56.46387367585188,0.665467525166985,99,36.50364138291812,0.9180561358056947,True,0,False,19.68725995689266,normal,40.22599329241956,8.5267572621378,0.0
17,12,exercise,122,33.51012493488575,59.530503231878726,0.5596552356408098,97,36.784669699826686,0.9255314405600619,True,0,False,17.467951926898923,normal,40.0657581946487,4.313520041673119,0.0
17,13,exercise,138,21.98405358308117,64.71400349276323,0.6629048909113688,97,36.61868861673403,0.8714626543843579,True,0,False,22.107067344877635,normal,45.380143395436605,11.690205706828051,0.0
17,14,exercise,132,23.86876726295763,59.28881888524012,0.5647923593037103,97,36.793653676352875,0.9296997075814796,True,0,False,20.908819628566953,normal,42.8247023321652,10.483988951707117,0.0
17,15,exercise,125,24.37663099994395,56.351124990147916,0.612804155017721,99,36.70666461759697,0.9205672129486876,True,0,False,19.602695046470533,normal,40.74243999816322,10.158956160035872,0.0
17,16,exercise,140,23.981217919508616,63.67017638952416,0.5686202091346498,99,36.72540601723587,0.8939954518604445,True,0,False,21.563337041834437,normal,44.52171080156148,10.412020531514486,0.0
17,17,exercise,144,26.844041618762528,63.817445900941905,0.6363894894820177,98,36.508237238856715,0.9289775068100109,True,0,False,21.04807591738663,normal,44.356889203946274,8.579813363991981,0.0
17,18,exercise,144,23.06266460133819,51.793469164640285,0.6096159421111004,97,36.614354288703495,0.910493709233808,True,0,False,20.85553459875787,normal,39.59966468097957,10.999894655143557,0.0
17,19,exercise,129,28.19879970655125,63.43951871944563,0.5596030519572923,97,36.755254762750965,0.9287372109129658,True,0,False,19.727579036284837,normal,42.598682154139894,7.712768187807201,0.0
17,20,exercise,132,21.28643680226402,63.57225984619473,0.6865652100699635,98,36.661240067833226,0.9207123638186785,True,0,False,21.92530125040483,normal,45.676254521502464,12.136680446551026,0.0
17,21,exercise,123,32.96871864447149,51.321452704219595,0.6293333864488839,98,36.625009762998864,0.8568449031606947,True,0,False,16.96663298990474,normal,35.926175329595054,4.660020067538248,0.0
17,22,exercise,131,24.768042564183887,58.8980724486342,0.5575747146101616,99,36.74095752903909,0.8719901764627647,True,0,False,20.633369501790504,normal,42.87923600517689,9.908452758922312,0.0
17,23,exercise,127,21.653619499857275,57.52211594392928,0.5553854758276362,98,36.52838142381845,0.8926216856959476,True,0,False,20.648108656615552,normal,42.60845734590172,11.901683520091344,0.0
17,24,exercise,131,33.01040074315059,60.67228323486696,0.6349018698318818,97,36.596759148756334,0.8646256406014121,True,0,False,18.647794797883577,normal,39.84855070364392,4.633343524383622,0.0
17,25,exercise,129,30.285890685789617,53.666002609064044,0.6612491081137721,98,36.58698527281806,0.8613848796630871,True,0,False,18.653403355904477,normal,38.49434394220419,6.377029961094645,0.0
17,26,exercise,134,21.31602661620244,54.967577082513124,0.5525443500224034,99,36.64190270350875,0.8981388839218732,True,0,False,21.3996092030352,normal,41.68847012003589,12.117742965630438,0.0
17,27,exercise,128,34.074928108300384,52.44834182769766,0.5933589939038032,99,36.5853784418461,0.8915098653839294,True,0,False,17.44653060704558,normal,36.353010020248774,3.9520460106877544,0.0
17,28,exercise,138,22.453871620712658,53.631299515738256,0.6294795465849927,98,36.51192195451052,0.9063562550409419,True,0,False,21.182116714133876,normal,40.77245794775647,11.389522162743898,0.0
17,29,exercise,124,22.521586319275016,60.757661347774516,0.5531435830642424,99,36.69827492689366,0.9144067054063892,True,0,False,20.287968583656422,normal,43.5135735419926,11.34618475566399,0.0
17,30,exercise,122,21.08789332698576,53.65645282236379,0.6244456588280246,97,36.68104592853054,0.8829842926463819,True,0,False,19.639003865948645,normal,39.71072244027891,12.263748270729113,0.0
17,31,exercise,141,26.895916219274174,50.02343857059651,0.6568819225190223,97,36.70770313702435,0.8676124776136842,True,0,False,19.732176119751244,normal,37.05707443941396,8.546613619664528,0.0
17,32,exercise,131,27.174721867630304,55.45388018181121,0.6648152320343556,99,36.725997307035705,0.8947052517524046,True,0,False,19.699935578917845,normal,39.861858212190505,8.368178004716606,0.0
17,33,exercise,121,34.085093256586354,61.94748330381087,0.6864058769232586,98,36.74910785331604,0.9080814739355487,True,0,False,17.44689974805599,normal,40.94755007115319,3.945540315784733,0.0
17,34,exercise,123,21.477628363767362,53.42257349944641,0.5679478779261011,99,36.690741620039404,0.9095999983303914,True,0,False,19.679482624118492,normal,39.75204602823733,12.014317847188888,0.0
17,35,exercise,133,25.78258160746639,64.81435509976255,0.5548908667915647,98,36.791102147418734,0.9193340697269008,True,0,False,21.108256379237805,normal,45.164494155348535,9.25914777122151,0.0
17,36,exercise,144,32.83780439523859,62.83882839741348,0.5954316162304495,97,36.50009190424378,0.9003198568726294,True,0,False,19.53766624994297,normal,41.975889167979716,4.7438051870473,0.0
17,37,exercise,136,22.22409937431544,54.687448665854575,0.6194623785314006,97,36.5456740432684,0.8850887944568907,True,0,False,21.258655447055652,normal,40.990214958393814,11.536576400438118,0.0
17,38,exercise,130,24.863118305987115,56.01718674228269,0.5710458357637676,99,36.77459180178968,0.887076780128164,True,0,False,20.21820702953166,normal,41.3211069144766,9.847604284168247,0.0
17,39,exercise,126,31.724679360364462,52.68140707645885,0.6174344360956787,97,36.73903112524801,0.8679271129442613,True,0,False,17.860561431674235,normal,37.642535670878104,5.456205209366744,0.0
17,0,ecg_scalar_shift,74,51.48391193871403,29.854230382152068,1.9643000506253812,99,36.73627964015935,0.9160965635761474,True,120,True,17.727055321100284,normal,9.32063229635718,74.5885014343858,0.0
17,1,ecg_scalar_shift,73,53.60618048482928,35.73365037410138,1.7729393692832933,99,36.50454132382834,0.9000466449350555,True,120,True,16.856665870997688,normal,11.329083354678668,69.16661546302666,0.0
17,2,ecg_scalar_shift,68,53.60617873640311,31.522098869646417,1.6380627650496469,98,36.59162527315214,0.8618092878294978,True,120,True,14.968824494640273,normal,8.067340789068954,65.34511167640666,0.0
17,3,ecg_scalar_shift,73,51.15564495178167,32.27471880633806,1.7105954421404923,98,36.59568674194139,0.854439259463534,True,120,True,16.207429545719293,normal,8.632883582859856,67.40020419398061,0.0
17,4,ecg_scalar_shift,74,51.441119379058165,33.27406445556656,1.6623565727167953,97,36.69681546592526,0.9025371464372236,True,120,True,16.33530870101557,normal,10.128828403099199,66.03343622697588,0.0
17,5,ecg_scalar_shift,74,50.24598238389775,34.26220797025957,1.8443592190355247,98,36.60366261306704,0.925073036400066,True,120,True,17.309312453292335,normal,9.965869287613593,71.1901778726732,0.0
17,6,ecg_scalar_shift,76,47.22885834965898,32.962331852038744,1.6932827438526228,97,36.520047121133935,0.9044279194289497,True,120,True,17.30185858238862,normal,11.789455392882271,66.90967774249098,0.0
17,7,ecg_scalar_shift,71,45.90686362996269,34.254808401735986,1.9328793669261224,97,36.76205198353837,0.9132814353228614,True,120,True,18.025383144789707,normal,11.963578263054753,73.69824872957346,0.0
17,8,ecg_scalar_shift,68,54.192402198546574,29.512553386085994,1.9363073518833118,99,36.63298638072152,0.876038806044382,True,120,True,16.655684223597756,normal,9.193233389135358,73.79537497002717,0.0
17,9,ecg_scalar_shift,75,50.454082165333574,28.668110390555878,1.9082546141525378,98,36.733076084621395,0.8855442393381743,True,120,True,17.670174941034826,normal,9.552008741861075,73.00054740098858,0.0
17,10,ecg_scalar_shift,76,51.4832854477077,35.61731111922168,1.6983246572100508,98,36.728137469163485,0.8818078469364486,True,120,True,17.12497811591248,normal,12.14960487776186,67.05253195428477,0.0
17,11,ecg_scalar_shift,69,52.485820611412315,28.675390862328477,1.754517365878213,99,36.50364138291812,0.9180561358056947,True,120,True,15.747896827879856,normal,8.023784843117614,68.64465869988271,0.0
17,12,ecg_scalar_shift,69,52.41437402331823,31.021687380153736,1.9938202050348373,97,36.784669699826686,0.9255314405600619,True,120,True,17.052621130516542,normal,8.467056479469923,75.42490580932039,0.0
17,13,ecg_scalar_shift,73,51.380346150623,28.720847642933435,1.9352308873303838,97,36.61868861673403,0.8714626543843579,True,120,True,17.284358375569493,normal,8.329617664734812,73.76487514102755,0.0
17,14,ecg_scalar_shift,73,48.186347911248596,28.617167635784945,1.7944747217235502,97,36.793653676352875,0.9296997075814796,True,120,True,17.03464701326587,normal,9.815059212920424,69.77678378216726,0.0
17,15,ecg_scalar_shift,68,53.19062821142375,34.2922394796167,1.745070050036238,99,36.70666461759697,0.9205672129486876,True,120,True,15.797960191599737,normal,9.496664260262618,68.37698475102675,0.0
17,16,ecg_scalar_shift,69,54.28166105318651,31.215121165416264,1.6517255790991026,99,36.72540601723587,0.8939954518604445,True,120,True,15.17678825510429,normal,8.39051228197947,65.73222474114124,0.0
17,17,ecg_scalar_shift,74,50.86127247572656,33.91737882516849,1.6366081638821048,98,36.508237238856715,0.9289775068100109,True,120,True,16.395089144601982,normal,10.987994008684456,65.30389797665964,0.0
17,18,ecg_scalar_shift,71,46.96526319014758,34.08285981580913,1.75841517509275,97,36.614354288703495,0.910493709233808,True,120,True,16.891297104401396,normal,10.975852209256777,68.75509662762792,0.0
17,19,ecg_scalar_shift,73,53.35999315206765,34.44321142884963,1.6421026216345629,97,36.755254762750965,0.9287372109129658,True,120,True,15.900245474921714,normal,9.63670771349831,65.45957427964595,0.0
17,20,ecg_scalar_shift,68,52.34430104286733,34.24790270795535,1.8530113103561474,98,36.661240067833226,0.9207123638186785,True,120,True,16.484166082848137,normal,9.955040681812786,71.43532046009085,0.0
17,21,ecg_scalar_shift,75,54.57946136116415,28.59467172774002,1.9536836471098105,98,36.625009762998864,0.8568449031606947,True,120,True,17.6033347006991,normal,9.33412674760769,74.28770333477797,0.0
17,22,ecg_scalar_shift,73,53.91491557779287,30.766192332891322,1.6264363596375868,99,36.74095752903909,0.8719901764627647,True,120,True,15.728244320214706,normal,9.318805600531702,65.0156968563983,0.0
17,23,ecg_scalar_shift,76,46.15987978512604,31.129275303779842,1.8201810929484408,98,36.52838142381845,0.8926216856959476,True,120,True,17.920646684358662,normal,11.258419744211722,70.50513096687249,0.0
17,24,ecg_scalar_shift,70,49.40538284313821,29.20387901650316,1.9009067978482248,97,36.596759148756334,0.8646256406014121,True,120,True,16.897857546344824,normal,8.508094120803925,72.79235927236637,0.0
17,25,ecg_scalar_shift,72,54.886768638632006,31.93100821682687,1.6457123240403118,98,36.58698527281806,0.8613848796630871,True,120,True,15.551400074764683,normal,8.810514885802972,65.56184918114216,0.0
17,26,ecg_scalar_shift,72,45.78705701790643,31.938132074843672,1.9217554959289287,99,36.64190270350875,0.8981388839218732,True,120,True,17.79340311365682,normal,10.26718704667762,73.38307238465298,0.0
17,27,ecg_scalar_shift,74,51.01505606301899,34.714029908437254,1.9491487650225419,99,36.5853784418461,0.8915098653839294,True,120,True,17.93897866933452,normal,10.763543207750196,74.15921500897203,0.0
17,28,ecg_scalar_shift,74,50.78968314637636,35.19365051500035,1.6525807743179544,98,36.51192195451052,0.9063562550409419,True,120,True,16.521373413026915,normal,11.212016533684952,65.75645527234204,0.0
17,29,ecg_scalar_shift,68,51.78389965662127,28.74979294730272,1.7900727634671503,99,36.69827492689366,0.9144067054063892,True,120,True,15.858543524884292,normal,8.06692291057629,69.65206163156927,0.0
17,30,ecg_scalar_shift,69,45.75385773118154,30.367671538042707,1.684143328882832,97,36.68104592853054,0.8829842926463819,True,120,True,16.064969839599954,normal,9.428388442700358,66.65072765168024,0.0
17,31,ecg_scalar_shift,72,49.39799071498019,29.206086646044934,1.7866249545208448,97,36.70770313702435,0.8676124776136842,True,120,True,16.55542792082088,normal,8.479206733288308,69.55437371142395,0.0
17,32,ecg_scalar_shift,74,51.48652671107633,31.658542296264326,1.6760801657388056,99,36.725997307035705,0.8947052517524046,True,120,True,16.233218433865748,normal,9.188681645284488,66.4222713625995,0.0
17,33,ecg_scalar_shift,68,45.675432194491734,33.581573780722984,1.8426847664684243,98,36.74910785331604,0.9080814739355487,True,120,True,17.11291937677515,normal,11.411888603237824,71.1427350499387,0.0
17,34,ecg_scalar_shift,73,48.847184413675805,28.861166380843123,1.8094179364994425,99,36.690741620039404,0.9095999983303914,True,120,True,16.81785450294598,normal,8.41803359492787,70.20017486748421,0.0
17,35,ecg_scalar_shift,74,51.32374603506713,32.69781338855736,1.663287768916802,98,36.791102147418734,0.9193340697269008,True,120,True,16.367866983524777,normal,10.242336341089787,66.05982011930939,0.0
17,36,ecg_scalar_shift,73,53.682276742155274,28.805927669031426,1.982171251940291,97,36.50009190424378,0.9003198568726294,True,120,True,17.511043555440306,normal,9.062851555842904,75.09485213830826,0.0
17,37,ecg_scalar_shift,76,54.21288844723962,32.16381489384562,1.7378477846034566,97,36.5456740432684,0.8850887944568907,True,120,True,16.892752070076952,normal,10.692832934111662,68.17235389709793,0.0
17,38,ecg_scalar_shift,70,47.049690165477045,31.585962513733733,1.7791446486836908,99,36.77459180178968,0.887076780128164,True,120,True,16.730600514217713,normal,10.20619310660804,69.34243171270458,0.0
17,39,ecg_scalar_shift,73,52.399344492009476,30.60721730453059,1.6176775270153443,97,36.73903112524801,0.8679271129442613,True,120,True,15.699477185889256,normal,8.877908066080291,64.76752993210143,0.0
17,0,poor_contact,169,12.233806362925177,92.99018907084938,1.936088912153804,85,39.0,0.3212900151876143,False,120,True,22.68852123850297,normal,77.6213058526464,0.0,0.0
17,1,poor_contact,151,13.36138925990323,89.76311623930637,1.9903990377759402,81,39.0,0.26388181078498796,False,120,True,22.573899645018894,normal,76.73687997699764,0.0,0.0
17,2,poor_contact,156,12.11239603204399,91.5835975154976,1.827645572702866,81,39.0,0.22341882951489406,False,120,True,22.618740055682252,normal,77.08287080001739,0.0,0.0
17,3,poor_contact,154,11.302602571630754,92.48502705612711,1.898346831884299,89,39.0,0.24517863264214768,False,120,True,19.80463253880338,normal,77.59130045372977,0.0,0.0
17,4,poor_contact,142,10.493878376100977,90.57387589503544,1.8245664654381784,81,39.0,0.23070697181503858,False,120,True,22.73378132191766,normal,77.97053489133998,0.0,0.0
17,5,poor_contact,147,12.25523680007812,91.04154083507925,1.8451659329008674,89,39.0,0.28530776571065736,False,120,True,19.75959243109392,normal,77.24376875844075,0.0,0.0
17,6,poor_contact,169,8.907449042479362,91.87912332981603,1.8198287480214541,85,39.0,0.2399848231557868,False,120,True,22.829168373782128,normal,78.7065460939979,0.0,0.0
17,7,poor_contact,173,10.530131452233341,93.15640656026652,1.9745999915207764,85,39.0,0.3118638100778367,False,120,True,23.310653087456284,normal,82.42170592173056,0.0,0.0
17,8,poor_contact,162,9.758261809183788,86.02495547188423,1.889369661923817,84,39.0,0.3128922055649935,False,120,True,23.383887878980023,normal,82.98678918966064,0.0,0.0
17,9,poor_contact,146,12.738303654947948,90.35593002042805,1.9139724217726666,85,39.0,0.3044763842457613,False,120,True,22.626358012425513,normal,77.14165133044378,0.0,0.0
17,10,poor_contact,145,12.187176093398321,90.41752123076449,1.9826693976726193,88,39.0,0.24149739716301521,False,120,True,20.488626992149026,normal,77.31347987769311,0.0,0.0
17,11,poor_contact,147,12.130862442259204,85.9180916652324,1.808353231087895,81,39.0,0.2583552097634638,False,120,True,22.631380476349094,normal,77.18040491010105,0.0,0.0
17,12,poor_contact,165,10.557062472240894,88.95482410427468,1.858229068772107,87,39.0,0.3301460615104511,False,120,True,21.327444797486454,normal,78.23028393122264,0.0,0.0
17,13,poor_contact,169,12.005281053522449,91.62923937037297,1.95848539591081,85,39.0,0.3125692661991152,False,120,True,22.61385166568649,normal,77.0451517414081,0.0,0.0
17,14,poor_contact,178,11.070863245804684,90.48888386830538,1.951277967416471,84,39.0,0.270342416517065,False,120,True,22.697212317087327,normal,77.68836664419237,0.0,0.0
17,15,poor_contact,156,10.996781930002745,91.68593340047128,1.8305307996963218,86,39.0,0.2555210150108714,False,120,True,21.940455405091743,normal,77.40474849607827,0.0,0.0
17,16,poor_contact,160,13.301881990984024,88.43319362181418,1.926025545612322,85,39.0,0.2275176737297307,False,120,True,22.582893688958812,normal,76.80627846418837,0.0,0.0
17,17,poor_contact,151,8.274090146173332,86.27605802125774,1.8087479629855998,84,39.0,0.22298244916463145,False,120,True,22.870896414437997,normal,79.02852171634258,0.0,0.0
17,18,poor_contact,180,11.040836107314353,86.20631803263257,1.969488498330049,87,39.0,0.2595245525278249,False,120,True,21.835817210666697,normal,82.15291057613194,0.0,0.0
17,19,poor_contact,178,14.03748194339142,91.08808776333086,1.9943931843968257,88,39.0,0.2246307864903688,False,120,True,20.364646179696635,normal,76.3568378063012,0.0,0.0
17,20,poor_contact,161,10.511546988965227,93.97864364408888,1.9122408123117731,88,39.0,0.28790339310684426,False,120,True,20.60372619494426,normal,78.2015910103724,0.0,0.0
17,21,poor_contact,178,12.489244652545677,93.27677467219736,1.8371897508122919,89,39.0,0.318105094132943,False,120,True,19.738311199998574,normal,77.07956172838406,0.0,0.0
17,22,poor_contact,178,11.563037123844879,94.22872827760243,1.862935004442507,88,39.0,0.21993090789127603,False,120,True,21.147556611926085,normal,82.39781336362721,0.0,0.0
17,23,poor_contact,167,8.815156442962003,88.22859253773254,1.9069142506263292,89,39.0,0.27805432788453216,False,120,True,19.925101069968147,normal,78.52084158926039,0.0,0.0
17,24,poor_contact,164,14.232955942911985,91.6448217948257,1.941300660510657,80,39.0,0.30227203935446745,False,120,True,22.527161700802388,normal,76.37624769137646,0.0,0.0
17,25,poor_contact,158,8.480969395446254,88.7017964794509,1.882621317609471,88,39.0,0.2257136972120935,False,120,True,21.281289453532253,normal,83.42970257355135,0.0,0.0
17,26,poor_contact,166,10.183897437164994,94.11874490506784,1.8949326721642183,81,39.0,0.3085266487786786,False,120,True,22.77427438893286,normal,78.28298139608688,0.0,0.0
17,27,poor_contact,146,13.824442103060814,89.53743596064318,1.8884186502668703,83,39.0,0.3167446295067625,False,120,True,22.58549944942499,normal,76.82638464062492,0.0,0.0
17,28,poor_contact,171,8.321948252700267,86.97797255977483,1.8579093749463262,89,39.0,0.22777423229538626,False,120,True,20.547357141409012,normal,83.322200165193,0.0,0.0
17,29,poor_contact,164,10.189466172993033,88.9298444607414,1.925269991330729,84,39.0,0.26902182904014504,False,120,True,22.73117503206565,normal,77.9504246301362,0.0,0.0
17,30,poor_contact,176,8.166532731270571,92.53658880514884,1.9626708197838143,81,39.0,0.23724299866484957,False,120,True,22.77876106150185,normal,78.3176007831933,0.0,0.0
17,31,poor_contact,166,13.456748113551651,93.71649953982943,1.8792080002629694,80,39.0,0.26798748635625336,False,120,True,22.578170971587433,normal,76.7698377437302,0.0,0.0
17,32,poor_contact,170,13.500565980329693,93.89331647883431,1.8023973610587762,84,39.0,0.23482404972164167,False,120,True,22.590733867466735,normal,76.86677366872482,0.0,0.0
17,33,poor_contact,177,14.6991999043609,94.66806697391293,1.9289836334171058,85,39.0,0.28480542994052727,False,120,True,22.550588813724577,normal,76.55701245157854,0.0,0.0
17,34,poor_contact,176,9.870729741449894,93.19713828768357,1.8353548231659746,84,39.0,0.2748253809498327,False,120,True,22.68648906963096,normal,77.60562553727593,0.0,0.0
17,35,poor_contact,147,11.861826730225884,87.49671973846932,1.9643021242413001,84,39.0,0.23098633067504054,False,120,True,22.707630683126162,normal,77.76875527103522,0.0,0.0
17,36,poor_contact,168,13.918601788114536,90.91590665993397,1.8954727077594253,83,39.0,0.32665137558208734,False,120,True,22.593541868007296,normal,76.88844033956246,0.0,0.0
17,37,poor_contact,155,12.688895340532817,91.57039494177923,1.945955605242498,84,39.0,0.2533543353810369,False,120,True,22.669548631611278,normal,77.47491228095123,0.0,0.0
17,38,poor_contact,150,11.9670883698708,90.28308936288705,1.9464946413954496,83,39.0,0.2657433946051072,False,120,True,23.249529748083937,normal,81.95007521669704,0.0,0.0
17,39,poor_contact,156,10.634533368498035,87.63014162687897,1.9358307233740844,84,39.0,0.21730325810460327,False,120,True,22.774514775438583,normal,78.284836230236,0.0,0.0
17,0,missing,0,,,,,0.0,0.172,False,120,True,0.9856675818777343,normal,7.605459736710913,0.0,0.0
17,1,missing,0,,,,,0.0,0.172,False,120,True,0.918128602474311,normal,7.0843256363758575,0.0,0.0
17,2,missing,0,,,,,0.0,0.172,False,120,True,0.9094247044712164,normal,7.017165929561855,0.0,0.0
17,3,missing,0,,,,,0.0,0.172,False,120,True,0.9317847050369201,normal,7.189696798124384,0.0,0.0
17,4,missing,0,,,,,0.0,0.172,False,120,True,0.9410413235552084,normal,7.26112132372846,0.0,0.0
17,5,missing,0,,,,,0.0,0.172,False,120,True,0.9319636500151859,normal,7.191077546413472,0.0,0.0
17,6,missing,0,,,,,0.0,0.172,False,120,True,0.9520393851690043,normal,7.345982910254663,0.0,0.0
17,7,missing,0,,,,,0.0,0.172,False,120,True,0.9983197579402361,normal,7.7030845520079945,0.0,0.0
17,8,missing,0,,,,,0.0,0.172,False,120,True,1.0332695390767166,normal,7.972758789172197,0.0,0.0
17,9,missing,0,,,,,0.0,0.172,False,120,True,0.9481792296608242,normal,7.316197759728582,0.0,0.0
17,10,missing,0,,,,,0.0,0.172,False,120,True,0.9500108173571615,normal,7.330330380842296,0.0,0.0
17,11,missing,0,,,,,0.0,0.172,False,120,True,0.9197948318068635,normal,7.097182344188763,0.0,0.0
17,12,missing,0,,,,,0.0,0.172,False,120,True,0.9710801800926347,normal,7.492902624171565,0.0,0.0
17,13,missing,0,,,,,0.0,0.172,False,120,True,0.890042599767512,normal,6.867612652527098,0.0,0.0
17,14,missing,0,,,,,0.0,0.172,False,120,True,0.9239323991021867,normal,7.129108017763787,0.0,0.0
17,15,missing,0,,,,,0.0,0.172,False,120,True,0.8890474380271597,normal,6.859933935394752,0.0,0.0
17,16,missing,0,,,,,0.0,0.172,False,120,True,0.9307621631310591,normal,7.181806814282864,0.0,0.0
17,17,missing,0,,,,,0.0,0.172,False,120,True,0.9600339466039588,normal,7.40766934107993,0.0,0.0
17,18,missing,0,,,,,0.0,0.172,False,120,True,0.991077997492459,normal,7.6472067707751465,0.0,0.0
17,19,missing,0,,,,,0.0,0.172,False,120,True,0.9164815125180481,normal,7.071616608935557,0.0,0.0
17,20,missing,0,,,,,0.0,0.172,False,120,True,0.9744520668529126,normal,7.518920268926795,0.0,0.0
17,21,missing,0,,,,,0.0,0.172,False,120,True,0.9257458131201095,normal,7.143100409877389,0.0,0.0
17,22,missing,0,,,,,0.0,0.172,False,120,True,1.0394668715182505,normal,8.02057771233218,0.0,0.0
17,23,missing,0,,,,,0.0,0.172,False,120,True,0.9204050058469513,normal,7.1018904772141305,0.0,0.0
17,24,missing,0,,,,,0.0,0.172,False,120,True,0.9260487740425926,normal,7.145438071316302,0.0,0.0
17,25,missing,0,,,,,0.0,0.172,False,120,True,1.0192469031184912,normal,7.864559437642679,0.0,0.0
17,26,missing,0,,,,,0.0,0.172,False,120,True,0.9659341203743127,normal,7.453195373258586,0.0,0.0
17,27,missing,0,,,,,0.0,0.172,False,120,True,0.9586898623516329,normal,7.397298320614452,0.0,0.0
17,28,missing,0,,,,,0.0,0.172,False,120,True,0.9955130946927774,normal,7.6814281997899485,0.0,0.0
17,29,missing,0,,,,,0.0,0.172,False,120,True,0.9231431726542304,normal,7.12301830751721,0.0,0.0
17,30,missing,0,,,,,0.0,0.172,False,120,True,0.8598290940159988,normal,6.634483750123448,0.0,0.0
17,31,missing,0,,,,,0.0,0.172,False,120,True,0.9401984189389838,normal,7.254617430084752,0.0,0.0
17,32,missing,0,,,,,0.0,0.172,False,120,True,0.9492114280359516,normal,7.324162253363825,0.0,0.0
17,33,missing,0,,,,,0.0,0.172,False,120,True,0.9621873656263285,normal,7.424285228598214,0.0,0.0
17,34,missing,0,,,,,0.0,0.172,False,120,True,0.8594270766848661,normal,6.63138176454372,0.0,0.0
17,35,missing,0,,,,,0.0,0.172,False,120,True,0.9862950950730729,normal,7.610301659514452,0.0,0.0
17,36,missing,0,,,,,0.0,0.172,False,120,True,0.9754255151739372,normal,7.526431444243342,0.0,0.0
17,37,missing,0,,,,,0.0,0.172,False,120,True,0.9928218191434538,normal,7.660662184748873,0.0,0.0
17,38,missing,0,,,,,0.0,0.172,False,120,True,1.0049495790646514,normal,7.754240579202557,0.0,0.0
17,39,missing,0,,,,,0.0,0.172,False,120,True,0.9767653420666154,normal,7.536769614711539,0.0,0.0
17,0,fall_inactive,74,51.48391193871403,29.854230382152068,0.5942878606360444,99,36.73627964015935,0.8880965635761475,True,0,False,82.0,criticalReview,9.27537515350004,3.36,92.0
17,1,fall_inactive,73,53.60618048482928,35.73365037410138,0.6121447568768104,99,36.50454132382834,0.8720466449350553,True,0,False,82.0,criticalReview,11.189099768067795,3.36,92.0
17,2,fall_inactive,68,53.60617873640311,31.522098869646417,0.5886338540066712,98,36.59162527315214,0.8338092878294978,True,0,False,82.0,criticalReview,8.067340789068954,3.36,92.0
17,3,fall_inactive,73,51.15564495178167,32.27471880633806,0.6209116191837946,98,36.59568674194139,0.8264392594635341,True,0,False,82.0,criticalReview,8.587626440002715,3.36,92.0
17,4,fall_inactive,74,51.441119379058165,33.27406445556656,0.687241438384088,97,36.69681546592526,0.8745371464372236,True,0,False,82.0,criticalReview,10.262189654677949,3.36,92.0
17,5,fall_inactive,74,50.24598238389775,34.26220797025957,0.5965575074420633,98,36.60366261306704,0.8970730364000659,True,0,False,82.0,criticalReview,9.968261584860322,3.36,92.0
17,6,fall_inactive,76,47.22885834965898,32.962331852038744,0.6490886880843351,97,36.520047121133935,0.8764279194289497,True,0,False,82.0,criticalReview,11.748657660392656,3.36,92.0
17,7,fall_inactive,71,45.90686362996269,34.254808401735986,0.6581801885353953,97,36.76205198353837,0.8852814353228613,True,0,False,82.0,criticalReview,11.934546248154138,3.36,92.0
17,8,fall_inactive,68,54.192402198546574,29.512553386085994,0.5807296324125673,99,36.63298638072152,0.848038806044382,True,0,False,82.0,criticalReview,9.193233389135358,3.36,92.0
17,9,fall_inactive,75,50.454082165333574,28.668110390555878,0.6060191607940119,98,36.733076084621395,0.8575442393381744,True,0,False,82.0,criticalReview,9.597265884718215,3.36,92.0
17,10,fall_inactive,76,51.4832854477077,35.61731111922168,0.5624587140099389,98,36.728137469163485,0.8538078469364487,True,0,False,82.0,criticalReview,12.162346067301783,3.36,92.0
17,11,fall_inactive,69,52.485820611412315,28.675390862328477,0.665467525166985,99,36.50364138291812,0.8900561358056945,True,0,False,82.0,criticalReview,8.023784843117614,3.36,92.0
17,12,fall_inactive,69,52.41437402331823,31.021687380153736,0.5596552356408098,97,36.784669699826686,0.8975314405600618,True,0,False,82.0,criticalReview,8.467056479469923,3.36,92.0
17,13,fall_inactive,73,51.380346150623,28.720847642933435,0.6629048909113688,97,36.61868861673403,0.843462654384358,True,0,False,82.0,criticalReview,8.37487480759195,3.36,92.0
17,14,fall_inactive,73,48.186347911248596,28.617167635784945,0.5647923593037103,97,36.793653676352875,0.9016997075814797,True,0,False,82.0,criticalReview,9.799719472101952,3.36,92.0
17,15,fall_inactive,68,53.19062821142375,34.2922394796167,0.612804155017721,99,36.70666461759697,0.8925672129486877,True,0,False,82.0,criticalReview,9.500106414165838,3.36,92.0
17,16,fall_inactive,69,54.28166105318651,31.215121165416264,0.5686202091346498,99,36.72540601723587,0.8659954518604444,True,0,False,82.0,criticalReview,8.39051228197947,3.36,92.0
17,17,fall_inactive,74,50.86127247572656,33.91737882516849,0.6363894894820177,98,36.508237238856715,0.9009775068100108,True,0,False,82.0,criticalReview,10.932651249559168,3.36,92.0
17,18,fall_inactive,71,46.96526319014758,34.08285981580913,0.6096159421111004,97,36.614354288703495,0.8824937092338079,True,0,False,82.0,criticalReview,10.974750950330447,3.36,92.0
17,19,fall_inactive,73,53.35999315206765,34.44321142884963,0.5596030519572923,97,36.755254762750965,0.9007372109129657,True,0,False,82.0,criticalReview,9.710884842505518,3.36,92.0
17,20,fall_inactive,68,52.34430104286733,34.24790270795535,0.6865652100699635,98,36.661240067833226,0.8927123638186784,True,0,False,82.0,criticalReview,9.943928698042894,3.36,92.0
17,21,fall_inactive,75,54.57946136116415,28.59467172774002,0.6293333864488839,98,36.625009762998864,0.8288449031606946,True,0,False,82.0,criticalReview,9.368069604750549,3.36,92.0
17,22,fall_inactive,73,53.91491557779287,30.766192332891322,0.5575747146101616,99,36.74095752903909,0.8439901764627648,True,0,False,82.0,criticalReview,9.36406274338884,3.36,92.0
17,23,fall_inactive,76,46.15987978512604,31.129275303779842,0.5553854758276362,98,36.52838142381845,0.8646216856959474,True,0,False,82.0,criticalReview,11.188593463827036,3.36,92.0
17,24,fall_inactive,70,49.40538284313821,29.20387901650316,0.6349018698318818,97,36.596759148756334,0.836625640601412,True,0,False,82.0,criticalReview,8.4336039820212,3.36,92.0
17,25,fall_inactive,72,54.886768638632006,31.93100821682687,0.6612491081137721,98,36.58698527281806,0.8333848796630869,True,0,False,82.0,criticalReview,8.810514885802972,3.36,92.0
17,26,fall_inactive,72,45.78705701790643,31.938132074843672,0.5525443500224034,99,36.64190270350875,0.8701388839218733,True,0,False,82.0,criticalReview,10.119883102706687,3.36,92.0
17,27,fall_inactive,74,51.01505606301899,34.714029908437254,0.5933589939038032,99,36.5853784418461,0.8635098653839293,True,0,False,82.0,criticalReview,10.827630230390353,3.36,92.0
17,28,fall_inactive,74,50.78968314637636,35.19365051500035,0.6294795465849927,98,36.51192195451052,0.878356255040942,True,0,False,82.0,criticalReview,11.309732008137196,3.36,92.0
17,29,fall_inactive,68,51.78389965662127,28.74979294730272,0.5531435830642424,99,36.69827492689366,0.8864067054063891,True,0,False,82.0,criticalReview,8.06692291057629,3.36,92.0
17,30,fall_inactive,69,45.75385773118154,30.367671538042707,0.6244456588280246,97,36.68104592853054,0.8549842926463818,True,0,False,82.0,criticalReview,9.479502611497749,3.36,92.0
17,31,fall_inactive,72,49.39799071498019,29.206086646044934,0.6568819225190223,97,36.70770313702435,0.8396124776136842,True,0,False,82.0,criticalReview,8.427758533348715,3.36,92.0
17,32,fall_inactive,74,51.48652671107633,31.658542296264326,0.6648152320343556,99,36.725997307035705,0.8667052517524045,True,0,False,82.0,criticalReview,9.256567359570203,3.36,92.0
17,33,fall_inactive,68,45.675432194491734,33.581573780722984,0.6864058769232586,98,36.74910785331604,0.8800814739355486,True,0,False,82.0,criticalReview,11.382781445553656,3.36,92.0
17,34,fall_inactive,73,48.847184413675805,28.861166380843123,0.5679478779261011,99,36.690741620039404,0.8815999983303915,True,0,False,82.0,criticalReview,8.392539288408393,3.36,92.0
17,35,fall_inactive,74,51.32374603506713,32.69781338855736,0.5548908667915647,98,36.791102147418734,0.8913340697269009,True,0,False,82.0,criticalReview,10.301276663513574,3.36,92.0
17,36,fall_inactive,73,53.682276742155274,28.805927669031426,0.5954316162304495,97,36.50009190424378,0.8723198568726295,True,0,False,82.0,criticalReview,9.062851555842904,3.36,92.0
17,37,fall_inactive,76,54.21288844723962,32.16381489384562,0.6194623785314006,97,36.5456740432684,0.8570887944568906,True,0,False,82.0,criticalReview,10.600491264140091,3.36,92.0
17,38,fall_inactive,70,47.049690165477045,31.585962513733733,0.5710458357637676,99,36.77459180178968,0.859076780128164,True,0,False,82.0,criticalReview,10.170546037973576,3.36,92.0
17,39,fall_inactive,73,52.399344492009476,30.60721730453059,0.6174344360956787,97,36.73903112524801,0.8399271129442611,True,0,False,82.0,criticalReview,8.83265092322315,3.36,92.0
29,0,normal,69,50.10700506363402,34.768730696850305,0.6013016860636139,98,36.62910797214742,0.9257547917737702,True,120,True,5.870519001779391,normal,10.392847455605716,11.36,0.0
29,1,normal,71,53.35552970101406,28.668515650119605,0.6876688570964951,97,36.63582190683073,0.9247962408142645,True,120,True,5.6213874470520295,normal,8.610276931052429,11.36,0.0
29,2,normal,71,50.075364440024316,34.45037090486528,0.5972768066094077,97,36.658411823429354,0.8751060224856108,True,120,True,6.006251206017,normal,9.781930649682975,11.36,0.0
29,3,normal,71,51.41808166200602,29.50811513049582,0.6743416481256025,98,36.63006373047954,0.8722105095682713,True,120,True,5.740381893227028,normal,8.621175904863566,11.36,0.0
29,4,normal,76,52.400773551130236,35.86170605636203,0.6566405379327567,98,36.7581180417819,0.9146043782688047,True,120,True,7.020144409952724,normal,12.70441620486646,11.36,0.0
29,5,normal,73,46.462128617216884,29.079055849093596,0.6683298599198071,97,36.68393888195408,0.916946447872337,True,120,True,6.65451199126297,normal,10.619024758641496,11.36,0.0
29,6,normal,74,51.184008075551546,35.35007588928062,0.633097313816085,97,36.501528846237534,0.8631738815611,True,120,True,6.624250658325185,normal,11.488624589690946,11.36,0.0
29,7,normal,76,54.57712268900668,35.70246571323939,0.5755208020632607,97,36.602123026993404,0.8969596957307873,True,120,True,6.755516104074456,normal,12.154870964045008,11.36,0.0
29,8,normal,76,53.097104104291645,29.696538698984195,0.6576176342613326,98,36.56832503323096,0.8945451862289293,True,120,True,6.4713503353015405,normal,9.896788634161851,11.36,0.0
29,9,normal,70,51.54304642020073,34.94732521537775,0.5714442695434587,98,36.74275802122016,0.8687137369088841,True,120,True,5.810244218170845,normal,9.937627609862869,11.36,0.0
29,10,normal,74,45.10914499074425,33.114271362105406,0.6719938948917571,97,36.682366758067445,0.87914583346937,True,120,True,7.125194990847831,normal,12.073252668957403,11.36,0.0
29,11,normal,70,49.65624243406002,34.45478965590957,0.6705660534590262,97,36.594184065430106,0.9213078342043841,True,120,True,5.951233291046968,normal,9.865755173131435,11.36,0.0
29,12,normal,76,54.68297674443815,32.95204086622068,0.5519530433842006,97,36.76074649482878,0.9180650795894179,True,120,True,6.429669474193178,normal,10.428240979579463,11.36,0.0
29,13,normal,69,48.17330141516942,35.93636853841571,0.6654332945747465,98,36.713550708179504,0.8970285449451193,True,120,True,6.2002756393464455,normal,11.422586599043322,11.36,0.0
29,14,normal,76,47.21621170399467,29.09070908370318,0.5792043554597883,99,36.759761331904265,0.8945247355818673,True,120,True,7.131064783083161,normal,11.663482226459287,11.36,0.0
29,15,normal,69,47.07541334435979,31.136983086974542,0.6366360031519415,98,36.79271528295592,0.8697823498323134,True,120,True,5.8659582879360315,normal,9.238897132069093,11.36,0.0
29,16,normal,69,46.4764583575488,31.79074126750387,0.6657397171639444,98,36.74889098051772,0.89755276947921,True,120,True,5.975631184548644,normal,9.581406764112199,11.36,0.0
29,17,normal,73,53.362170387280074,34.141640918546486,0.685108552496218,97,36.578736196653,0.8907239116591361,True,120,True,6.195923673825865,normal,10.447628468584698,11.36,0.0
29,18,normal,71,47.72871075150305,33.969577915541564,0.624906446877902,97,36.59046205421369,0.8829870683588357,True,120,True,6.310078324882104,normal,10.595686032670699,11.36,0.0
29,19,normal,75,48.30903711795375,32.67865418608321,0.5647899855623022,97,36.790938631423984,0.9198057707047417,True,120,True,6.779160715444373,normal,10.799574034943987,11.36,0.0
29,20,normal,72,45.76180777615708,32.21696598464323,0.571130485674507,99,36.624608102203695,0.8871238032279087,True,120,True,6.490652617109918,normal,10.337545560014114,11.36,0.0
29,21,normal,74,47.21615732911939,31.932333178694822,0.6278694331400142,99,36.74506317805638,0.9160646748611212,True,120,True,6.782157704088409,normal,10.990638485423553,11.36,0.0
29,22,normal,69,47.71951429566969,28.079616794237694,0.600249599424752,98,36.775294026326065,0.8774996910409003,True,120,True,5.818908766149383,normal,9.274480121028152,11.36,0.0
29,23,normal,69,50.35770500797541,33.60918006866132,0.6808338107379514,98,36.621671029442815,0.9234269843062608,True,120,True,5.724961954867279,normal,9.514269600437375,11.36,0.0
29,24,normal,71,47.30710980971524,32.69971792803557,0.5605771708917174,97,36.6145527630861,0.8660010059730752,True,120,True,6.18262915513087,normal,9.867781330357255,11.36,0.0
29,25,normal,68,48.975432653267504,35.15962317958035,0.5733237711152788,97,36.58089995658826,0.9185936632428182,True,120,True,5.8280213847101,normal,10.49794596526191,11.36,0.0
29,26,normal,74,49.325575682344265,28.169585041907755,0.6363505917819244,97,36.7778413279543,0.8843647013983787,True,120,True,6.4569594825369965,normal,9.903811286994369,11.36,0.0
29,27,normal,76,47.505628032639585,35.823879850025186,0.5899463844645902,98,36.62549009589616,0.9129829103040625,True,120,True,7.4716438303119475,normal,13.63538484649428,11.36,0.0
29,28,normal,75,52.33931928313697,34.37592554732811,0.5534136913551715,99,36.71923960286653,0.8657148929531633,True,120,True,6.675589060946482,normal,11.65410113810536,11.36,0.0
29,29,normal,70,49.19328724919294,34.69156968178462,0.6365002434432636,97,36.653112446319064,0.858501758112191,True,120,True,5.983310907884611,normal,9.949747569440415,11.36,0.0
29,30,normal,69,49.827877748702996,34.33196510998666,0.6311517767376128,99,36.66185144049207,0.9208684696865902,True,120,True,5.731606064323829,normal,9.464532704040577,11.36,0.0
29,31,normal,69,46.8140796925973,29.264619411912452,0.5892517795452171,97,36.67265204880332,0.9318227152195799,True,120,True,5.903149346003012,normal,9.448075513614674,11.36,0.0
29,32,normal,68,47.502248112537494,29.085642497408433,0.5831996320876148,99,36.68339060171834,0.9067413238596347,True,120,True,5.715304465126632,normal,9.337741256564085,11.36,0.0
29,33,normal,70,53.33157716664974,30.520772701569012,0.600723467442787,98,36.52860324329773,0.8792930335594671,True,120,True,5.395518995625043,normal,8.200192076289621,11.36,0.0
29,34,normal,69,51.94813845715536,31.430708623562897,0.6840795915196386,98,36.61821316299411,0.8672154818346964,True,120,True,5.445260205705445,normal,8.509333806478788,11.36,0.0
29,35,normal,71,48.684323145262596,35.239719179898096,0.6752156678763581,97,36.660893403669206,0.885510917631008,True,120,True,6.367459142072853,normal,11.148562008101244,11.36,0.0
29,36,normal,71,52.65053637225,28.136588010281393,0.6213318786016447,99,36.76374120888671,0.8953046737462337,True,120,True,5.779182923216876,normal,9.37207753616885,11.36,0.0
29,37,normal,75,49.32347778054218,30.6277434826845,0.5518877874236009,99,36.76774600430434,0.9048274611688101,True,120,True,6.467345901846235,normal,9.447064987537942,11.36,0.0
29,38,normal,73,52.94656626410117,31.258571447387844,0.6583350378917947,98,36.60109306109652,0.916651716948981,True,120,True,5.959054405701995,normal,9.039568050465107,11.36,0.0
29,39,normal,75,47.0302089969847,33.282283704558346,0.6539837210524044,97,36.7081963059722,0.8834149189527881,True,120,True,7.191224478715522,normal,12.465638668571739,11.36,0.0
29,0,stationary,69,50.10700506363402,34.768730696850305,0.6013016860636139,98,36.62910797214742,0.9257547917737702,True,0,False,15.750519001779391,normal,10.392847455605716,11.36,38.0
29,1,stationary,71,53.35552970101406,28.668515650119605,0.6876688570964951,97,36.63582190683073,0.9247962408142645,True,0,False,15.50138744705203,normal,8.610276931052429,11.36,38.0
29,2,stationary,71,50.075364440024316,34.45037090486528,0.5972768066094077,97,36.658411823429354,0.8751060224856108,True,0,False,15.886251206017,normal,9.781930649682975,11.36,38.0
29,3,stationary,71,51.41808166200602,29.50811513049582,0.6743416481256025,98,36.63006373047954,0.8722105095682713,True,0,False,15.620381893227028,normal,8.621175904863566,11.36,38.0
29,4,stationary,76,52.400773551130236,35.86170605636203,0.6566405379327567,98,36.7581180417819,0.9146043782688047,True,0,False,16.900144409952723,normal,12.70441620486646,11.36,38.0
29,5,stationary,73,46.462128617216884,29.079055849093596,0.6683298599198071,97,36.68393888195408,0.916946447872337,True,0,False,16.53451199126297,normal,10.619024758641496,11.36,38.0
29,6,stationary,74,51.184008075551546,35.35007588928062,0.633097313816085,97,36.501528846237534,0.8631738815611,True,0,False,16.504250658325184,normal,11.488624589690946,11.36,38.0
29,7,stationary,76,54.57712268900668,35.70246571323939,0.5755208020632607,97,36.602123026993404,0.8969596957307873,True,0,False,16.635516104074455,normal,12.154870964045008,11.36,38.0
29,8,stationary,76,53.097104104291645,29.696538698984195,0.6576176342613326,98,36.56832503323096,0.8945451862289293,True,0,False,16.35135033530154,normal,9.896788634161851,11.36,38.0
29,9,stationary,70,51.54304642020073,34.94732521537775,0.5714442695434587,98,36.74275802122016,0.8687137369088841,True,0,False,15.690244218170847,normal,9.937627609862869,11.36,38.0
29,10,stationary,74,45.10914499074425,33.114271362105406,0.6719938948917571,97,36.682366758067445,0.87914583346937,True,0,False,17.005194990847833,normal,12.073252668957403,11.36,38.0
29,11,stationary,70,49.65624243406002,34.45478965590957,0.6705660534590262,97,36.594184065430106,0.9213078342043841,True,0,False,15.831233291046969,normal,9.865755173131435,11.36,38.0
29,12,stationary,76,54.68297674443815,32.95204086622068,0.5519530433842006,97,36.76074649482878,0.9180650795894179,True,0,False,16.30966947419318,normal,10.428240979579463,11.36,38.0
29,13,stationary,69,48.17330141516942,35.93636853841571,0.6654332945747465,98,36.713550708179504,0.8970285449451193,True,0,False,16.080275639346446,normal,11.422586599043322,11.36,38.0
29,14,stationary,76,47.21621170399467,29.09070908370318,0.5792043554597883,99,36.759761331904265,0.8945247355818673,True,0,False,17.011064783083164,normal,11.663482226459287,11.36,38.0
29,15,stationary,69,47.07541334435979,31.136983086974542,0.6366360031519415,98,36.79271528295592,0.8697823498323134,True,0,False,15.745958287936032,normal,9.238897132069093,11.36,38.0
29,16,stationary,69,46.4764583575488,31.79074126750387,0.6657397171639444,98,36.74889098051772,0.89755276947921,True,0,False,15.855631184548646,normal,9.581406764112199,11.36,38.0
29,17,stationary,73,53.362170387280074,34.141640918546486,0.685108552496218,97,36.578736196653,0.8907239116591361,True,0,False,16.075923673825866,normal,10.447628468584698,11.36,38.0
29,18,stationary,71,47.72871075150305,33.969577915541564,0.624906446877902,97,36.59046205421369,0.8829870683588357,True,0,False,16.190078324882105,normal,10.595686032670699,11.36,38.0
29,19,stationary,75,48.30903711795375,32.67865418608321,0.5647899855623022,97,36.790938631423984,0.9198057707047417,True,0,False,16.659160715444372,normal,10.799574034943987,11.36,38.0
29,20,stationary,72,45.76180777615708,32.21696598464323,0.571130485674507,99,36.624608102203695,0.8871238032279087,True,0,False,16.37065261710992,normal,10.337545560014114,11.36,38.0
29,21,stationary,74,47.21615732911939,31.932333178694822,0.6278694331400142,99,36.74506317805638,0.9160646748611212,True,0,False,16.662157704088408,normal,10.990638485423553,11.36,38.0
29,22,stationary,69,47.71951429566969,28.079616794237694,0.600249599424752,98,36.775294026326065,0.8774996910409003,True,0,False,15.698908766149383,normal,9.274480121028152,11.36,38.0
29,23,stationary,69,50.35770500797541,33.60918006866132,0.6808338107379514,98,36.621671029442815,0.9234269843062608,True,0,False,15.60496195486728,normal,9.514269600437375,11.36,38.0
29,24,stationary,71,47.30710980971524,32.69971792803557,0.5605771708917174,97,36.6145527630861,0.8660010059730752,True,0,False,16.06262915513087,normal,9.867781330357255,11.36,38.0
29,25,stationary,68,48.975432653267504,35.15962317958035,0.5733237711152788,97,36.58089995658826,0.9185936632428182,True,0,False,15.7080213847101,normal,10.49794596526191,11.36,38.0
29,26,stationary,74,49.325575682344265,28.169585041907755,0.6363505917819244,97,36.7778413279543,0.8843647013983787,True,0,False,16.336959482536997,normal,9.903811286994369,11.36,38.0
29,27,stationary,76,47.505628032639585,35.823879850025186,0.5899463844645902,98,36.62549009589616,0.9129829103040625,True,0,False,17.35164383031195,normal,13.63538484649428,11.36,38.0
29,28,stationary,75,52.33931928313697,34.37592554732811,0.5534136913551715,99,36.71923960286653,0.8657148929531633,True,0,False,16.55558906094648,normal,11.65410113810536,11.36,38.0
29,29,stationary,70,49.19328724919294,34.69156968178462,0.6365002434432636,97,36.653112446319064,0.858501758112191,True,0,False,15.863310907884612,normal,9.949747569440415,11.36,38.0
29,30,stationary,69,49.827877748702996,34.33196510998666,0.6311517767376128,99,36.66185144049207,0.9208684696865902,True,0,False,15.61160606432383,normal,9.464532704040577,11.36,38.0
29,31,stationary,69,46.8140796925973,29.264619411912452,0.5892517795452171,97,36.67265204880332,0.9318227152195799,True,0,False,15.783149346003013,normal,9.448075513614674,11.36,38.0
29,32,stationary,68,47.502248112537494,29.085642497408433,0.5831996320876148,99,36.68339060171834,0.9067413238596347,True,0,False,15.595304465126633,normal,9.337741256564085,11.36,38.0
29,33,stationary,70,53.33157716664974,30.520772701569012,0.600723467442787,98,36.52860324329773,0.8792930335594671,True,0,False,15.275518995625044,normal,8.200192076289621,11.36,38.0
29,34,stationary,69,51.94813845715536,31.430708623562897,0.6840795915196386,98,36.61821316299411,0.8672154818346964,True,0,False,15.325260205705446,normal,8.509333806478788,11.36,38.0
29,35,stationary,71,48.684323145262596,35.239719179898096,0.6752156678763581,97,36.660893403669206,0.885510917631008,True,0,False,16.247459142072856,normal,11.148562008101244,11.36,38.0
29,36,stationary,71,52.65053637225,28.136588010281393,0.6213318786016447,99,36.76374120888671,0.8953046737462337,True,0,False,15.659182923216877,normal,9.37207753616885,11.36,38.0
29,37,stationary,75,49.32347778054218,30.6277434826845,0.5518877874236009,99,36.76774600430434,0.9048274611688101,True,0,False,16.347345901846236,normal,9.447064987537942,11.36,38.0
29,38,stationary,73,52.94656626410117,31.258571447387844,0.6583350378917947,98,36.60109306109652,0.916651716948981,True,0,False,15.839054405701996,normal,9.039568050465107,11.36,38.0
29,39,stationary,75,47.0302089969847,33.282283704558346,0.6539837210524044,97,36.7081963059722,0.8834149189527881,True,0,False,17.07122447871552,normal,12.465638668571739,11.36,38.0
29,0,stress_shift,115,22.03317117085647,84.98088879019959,0.6013016860636139,98,36.62910797214742,0.9257547917737702,True,120,True,24.565271287685583,normal,64.82644136092308,19.658770450651858,0.0
29,1,stress_shift,104,21.048508347383287,81.54304803286583,0.6876688570964951,97,36.63582190683073,0.9247962408142645,True,120,True,23.23931411872373,normal,63.80544711949233,20.288954657674694,0.0
29,2,stress_shift,109,15.122796618372337,79.05177397320037,0.5972768066094077,97,36.658411823429354,0.8751060224856108,True,120,True,25.541420594397096,normal,67.50739022919825,24.081410164241703,0.0
29,3,stress_shift,107,21.447087827731558,87.50338979462474,0.6743416481256025,98,36.63006373047954,0.8722105095682713,True,120,True,23.798666752863493,normal,65.29076983713121,20.0338637902518,0.0
29,4,stress_shift,105,23.5434102774517,86.68697910697418,0.6566405379327567,98,36.7581180417819,0.9146043782688047,True,120,True,22.81862116511127,normal,63.31672056473022,18.692217422430915,0.0
29,5,stress_shift,96,15.478684062522724,88.00834620424543,0.6683298599198071,97,36.68393888195408,0.916946447872337,True,120,True,23.024370318170252,normal,62.58751960967632,23.853642199985458,0.0
29,6,stress_shift,108,22.96294796578116,83.07946587270148,0.633097313816085,97,36.501528846237534,0.8631738815611,True,120,True,24.27702997067336,normal,68.84855314345617,19.06371330190006,0.0
29,7,stress_shift,101,16.357213568246063,78.4504484090525,0.5755208020632607,97,36.602123026993404,0.8969596957307873,True,120,True,23.71486430733093,normal,64.07164432205633,23.29138331632252,0.0
29,8,stress_shift,96,18.808524251508196,81.68293412600572,0.6576176342613326,98,36.56832503323096,0.8945451862289293,True,120,True,22.103298731531748,normal,60.78556450305308,21.722544479034752,0.0
29,9,stress_shift,98,22.685735282710667,80.54496797096307,0.5714442695434587,98,36.74275802122016,0.8687137369088841,True,120,True,21.590476630418333,normal,60.58063309971578,19.241129419065174,0.0
29,10,stress_shift,104,23.944297511248386,76.72598326824017,0.6719938948917571,97,36.682366758067445,0.87914583346937,True,120,True,22.486636962811694,normal,62.5194768164491,18.435649592801035,0.0
29,11,stress_shift,105,17.258132410859723,82.86357256393633,0.6705660534590262,97,36.594184065430106,0.9213078342043841,True,120,True,24.320823098833753,normal,65.41727757028751,22.71479525704978,0.0
29,12,stress_shift,96,23.182432771083676,80.6965053530655,0.5519530433842006,97,36.76074649482878,0.9180650795894179,True,120,True,20.924082940773054,normal,58.77027963385329,18.923243026506448,0.0
29,13,stress_shift,102,19.07111767621969,78.20692290744671,0.6654332945747465,98,36.713550708179504,0.8970285449451193,True,120,True,23.249807889773667,normal,63.3136296164689,21.5544846872194,0.0
29,14,stress_shift,106,23.6614842532516,79.98595626373135,0.5792043554597883,99,36.759761331904265,0.8945247355818673,True,120,True,22.96553836908803,normal,63.722098040371364,18.616650077918976,0.0
29,15,stress_shift,104,18.603994408014813,75.3472323161176,0.6366360031519415,98,36.79271528295592,0.8697823498323134,True,120,True,23.575945698817527,normal,63.358538905721346,21.853443578870518,0.0
29,16,stress_shift,99,15.08922886901873,80.26934292216333,0.6657397171639444,98,36.74889098051772,0.89755276947921,True,120,True,23.69037783921471,normal,63.86458118291058,24.102893523828016,0.0
29,17,stress_shift,115,21.280888772580624,82.35301114220303,0.685108552496218,97,36.578736196653,0.8907239116591361,True,120,True,24.80957586056241,normal,65.27358886770936,20.1402311855484,0.0
29,18,stress_shift,96,18.606180231770914,76.20490775803414,0.624906446877902,97,36.59046205421369,0.8829870683588357,True,120,True,22.055597047021987,normal,60.38516330663664,21.852044651666617,0.0
29,19,stress_shift,99,22.192608604077765,78.47894342351597,0.5647899855623022,97,36.790938631423984,0.9198057707047417,True,120,True,21.85194027359348,normal,60.87762795499688,19.55673049339023,0.0
29,20,stress_shift,113,21.74076127223477,86.68515149303677,0.571130485674507,99,36.624608102203695,0.8871238032279087,True,120,True,24.376685055744435,normal,64.91113008274897,19.845912785769748,0.0
29,21,stress_shift,115,23.627811148182367,88.1932870323589,0.6278694331400142,99,36.74506317805638,0.9160646748611212,True,120,True,24.17251968741953,normal,64.16931187716946,18.638200865163284,0.0
29,22,stress_shift,101,18.589319588444766,86.72646647499788,0.600249599424752,98,36.775294026326065,0.8774996910409003,True,120,True,23.186691070479995,normal,63.29639899027987,21.86283546339535,0.0
29,23,stress_shift,99,20.20095335702676,84.54382846437126,0.6808338107379514,98,36.621671029442815,0.9234269843062608,True,120,True,22.39626406863072,normal,61.7017242488763,20.831389851502873,0.0
29,24,stress_shift,104,22.541504059552384,76.60717507571161,0.5605771708917174,97,36.6145527630861,0.8660010059730752,True,120,True,22.73622279139745,normal,62.73901767751394,19.333437401886474,0.0
29,25,stress_shift,97,20.84768425911231,81.80375498543836,0.5733237711152788,97,36.58089995658826,0.9185936632428182,True,120,True,21.78485907164168,normal,60.519554776088064,20.41748207416812,0.0
29,26,stress_shift,108,23.66844632803684,88.80165311274878,0.6363505917819244,97,36.7778413279543,0.8843647013983787,True,120,True,23.337666223735845,normal,64.32130762939563,18.61219435005642,0.0
29,27,stress_shift,113,23.962759878733163,86.21545724741833,0.5899463844645902,98,36.62549009589616,0.9129829103040625,True,120,True,23.861873197717706,normal,64.2118238546942,18.423833677610777,0.0
29,28,stress_shift,98,24.462204507115064,85.88096489499078,0.5534136913551715,99,36.71923960286653,0.8657148929531633,True,120,True,21.128638515477405,normal,59.807860975251714,18.10418911544636,0.0
29,29,stress_shift,98,24.61003028556124,80.95883221846294,0.6365002434432636,97,36.653112446319064,0.858501758112191,True,120,True,20.9779813522215,normal,58.952595560422054,18.009580617240807,0.0
29,30,stress_shift,110,17.717384436122614,78.33303780996319,0.6311517767376128,99,36.66185144049207,0.9208684696865902,True,120,True,25.00251922901375,normal,66.33205167593214,22.420873960881526,0.0
29,31,stress_shift,107,19.635643252258298,80.48588021243198,0.5892517795452171,97,36.67265204880332,0.9318227152195799,True,120,True,24.08004597355884,normal,65.23057319437874,21.19318831855469,0.0
29,32,stress_shift,102,15.836835983113662,88.2769396255689,0.5831996320876148,99,36.68339060171834,0.9067413238596347,True,120,True,24.081620021159765,normal,64.89825878995161,23.624424970807254,0.0
29,33,stress_shift,112,21.216715990870032,76.07908383918142,0.600723467442787,98,36.52860324329773,0.8792930335594671,True,120,True,24.286236156962755,normal,64.51260555808211,20.18130176584318,0.0
29,34,stress_shift,104,17.399476504606156,76.92833643740694,0.6840795915196386,98,36.61821316299411,0.8672154818346964,True,120,True,24.93256557244217,normal,69.60986091866118,22.62433503705206,0.0
29,35,stress_shift,115,21.182077174573763,75.0164528606942,0.6752156678763581,97,36.660893403669206,0.885510917631008,True,120,True,25.365532294945222,normal,68.28407857681538,20.20347060827279,0.0
29,36,stress_shift,105,24.479089369445678,77.08419494429536,0.6213318786016447,99,36.76374120888671,0.8953046737462337,True,120,True,23.38107186228469,normal,67.43693750423375,18.093382803554768,0.0
29,37,stress_shift,107,22.483849800955436,85.90145668787814,0.5518877874236009,99,36.76774600430434,0.9048274611688101,True,120,True,23.31637898853339,normal,63.87942353934937,19.37033612738852,0.0
29,38,stress_shift,112,16.627022608487803,80.87717774341664,0.6583350378917947,98,36.60109306109652,0.916651716948981,True,120,True,25.55882723705391,normal,66.92833125878106,23.11870553056781,0.0
29,39,stress_shift,111,23.547345399189044,77.13243616651184,0.6539837210524044,97,36.7081963059722,0.8834149189527881,True,120,True,23.657930095693533,normal,63.902986815970166,18.689698944519012,0.0
29,0,exercise,120,30.5497567562847,59.98088879019959,0.6013016860636139,98,36.62910797214742,0.9257547917737702,True,0,False,17.970752434203806,normal,41.210124138149524,6.208155675977791,0.0
29,1,exercise,133,29.072762521074928,56.543048032865826,0.6876688570964951,97,36.63582190683073,0.9247962408142645,True,0,False,19.54144736828218,normal,39.45176707901487,7.153431986512047,0.0
29,2,exercise,145,20.184194927558508,54.05177397320037,0.5972768066094077,97,36.658411823429354,0.8751060224856108,True,0,False,21.671976408554126,normal,41.312483524173544,12.842115246362555,0.0
29,3,exercise,142,29.67063174159734,62.50338979462474,0.6743416481256025,98,36.63006373047954,0.8722105095682713,True,0,False,20.33603347916332,normal,43.12203350248128,6.770795685377703,0.0
29,4,exercise,145,32.81511541617755,61.68697910697418,0.6566405379327567,98,36.7581180417819,0.9146043782688047,True,0,False,19.399470163240984,normal,41.06449538363171,4.758326133646369,0.0
29,5,exercise,125,20.718026093784086,63.008346204245434,0.6683298599198071,97,36.68393888195408,0.916946447872337,True,0,False,21.261428516752133,normal,46.22856984605514,12.500463299978184,0.0
29,6,exercise,144,31.944421948671742,58.07946587270148,0.633097313816085,97,36.501528846237534,0.8631738815611,True,0,False,19.352949797632295,normal,39.991368985509666,5.315569952850085,0.0
29,7,exercise,126,22.035820352369097,53.4504484090525,0.5755208020632607,97,36.602123026993404,0.8969596957307873,True,0,False,19.978059702215077,normal,39.90512309977059,11.657074974483777,0.0
29,8,exercise,142,25.71278637726229,56.68293412600572,0.6576176342613326,98,36.56832503323096,0.8945451862289293,True,0,False,20.600059270122212,normal,40.70683123612701,9.303816718552135,0.0
29,9,exercise,142,31.528602924066,55.54496797096307,0.5714442695434587,98,36.74275802122016,0.8687137369088841,True,0,False,19.162029449793458,normal,38.641442594804005,5.58169412859776,0.0
29,10,exercise,142,33.416446266872576,51.72598326824017,0.6719938948917571,97,36.682366758067445,0.87914583346937,True,0,False,18.4123131889227,normal,36.144730619454705,4.373474389201551,0.0
29,11,exercise,128,23.387198616289584,57.86357256393632,0.6705660534590262,97,36.594184065430106,0.9213078342043841,True,0,False,20.422931109588365,normal,42.16332851769231,10.792192885574666,0.0
29,12,exercise,145,32.27364915662551,55.6965053530655,0.5519530433842006,97,36.76074649482878,0.9180650795894179,True,0,False,18.822114603657663,normal,37.52862387443395,5.1048645397596735,0.0
29,13,exercise,140,26.106676514329532,53.2069229074467,0.6654332945747465,98,36.713550708179504,0.8970285449451193,True,0,False,20.254438363916744,normal,39.1608787075972,9.051727030829099,0.0
29,14,exercise,142,32.9922263798774,54.98595626373136,0.5792043554597883,99,36.759761331904265,0.8945247355818673,True,0,False,18.86070027763837,normal,38.39985228360848,4.644975116878463,0.0
29,15,exercise,143,25.40599161202222,50.34723231611759,0.6366360031519415,98,36.79271528295592,0.8697823498323134,True,0,False,20.1202983660727,normal,37.77955318021422,9.50016536830578,0.0
29,16,exercise,144,20.133843303528096,55.26934292216333,0.6657397171639444,98,36.74889098051772,0.89755276947921,True,0,False,21.79482142621762,normal,41.80959113544456,12.874340285742019,0.0
29,17,exercise,135,29.421333158870937,57.35301114220303,0.685108552496218,97,36.578736196653,0.8907239116591361,True,0,False,19.885929075075634,normal,40.353527268236995,6.930346778322601,0.0
29,18,exercise,132,25.409270347656367,51.20490775803414,0.624906446877902,97,36.59046205421369,0.8829870683588357,True,0,False,19.83144301630164,normal,38.24412624742807,9.498066977499924,0.0
29,19,exercise,133,30.788912906116646,53.47894342351597,0.5647899855623022,97,36.790938631423984,0.9198057707047417,True,0,False,18.821278379569456,normal,37.391755275546934,6.055095740085346,0.0
29,20,exercise,123,30.111141908352156,61.68515149303676,0.571130485674507,99,36.624608102203695,0.8871238032279087,True,0,False,18.516962938764316,normal,41.827628182745684,6.48886917865462,0.0
29,21,exercise,141,32.941716722273554,63.19328703235889,0.6278694331400142,99,36.74506317805638,0.9160646748611212,True,0,False,19.56268642624961,normal,42.15345400364391,4.6773012977449255,0.0
29,22,exercise,141,25.38397938266715,61.72646647499788,0.600249599424752,98,36.775294026326065,0.8774996910409003,True,0,False,21.17295841832346,normal,43.677935023948955,9.514253195093024,0.0
29,23,exercise,128,27.801430035540136,59.54382846437126,0.6808338107379514,98,36.621671029442815,0.9234269843062608,True,0,False,19.54562928401645,normal,41.635685074113766,7.967084777254312,0.0
29,24,exercise,143,31.312256089328574,51.60717507571161,0.5605771708917174,97,36.6145527630861,0.8660010059730752,True,0,False,18.79537435492957,normal,36.41197503833768,5.720156102829712,0.0
29,25,exercise,131,28.771526388668466,56.80375498543836,0.5733237711152788,97,36.58089995658826,0.9185936632428182,True,0,False,19.36986091896893,normal,39.7888323646353,7.346223111252182,0.0
29,26,exercise,136,33.00266949205526,63.80165311274878,0.6363505917819244,97,36.7778413279543,0.8843647013983787,True,0,False,19.599943045856836,normal,42.40393739644284,4.638291525084632,0.0
29,27,exercise,123,33.44413981809974,61.21545724741833,0.5899463844645902,98,36.62549009589616,0.9129829103040625,True,0,False,17.73306646972673,normal,40.73241501381298,4.3557505164161645,0.0
29,28,exercise,133,34.1933067606726,60.88096489499078,0.5534136913551715,99,36.71923960286653,0.8657148929531633,True,0,False,18.79364794477959,normal,40.62842593870363,3.876283673169537,0.0
29,29,exercise,145,34.41504542834186,55.958832218462945,0.6365002434432636,97,36.653112446319064,0.858501758112191,True,0,False,18.44786153002488,normal,37.40031946406128,3.734370925861208,0.0
29,30,exercise,139,24.076076654183918,53.33303780996319,0.6311517767376128,99,36.66185144049207,0.9208684696865902,True,0,False,20.693290623502147,normal,39.65814194736894,10.351310941322293,0.0
29,31,exercise,129,26.95346487838745,55.48588021243199,0.5892517795452171,97,36.67265204880332,0.9318227152195799,True,0,False,19.41194976493444,normal,39.554588602661724,8.509782477832031,0.0
29,32,exercise,137,21.255253974670495,63.2769396255689,0.5831996320876148,99,36.68339060171834,0.9067413238596347,True,0,False,22.17934874792802,normal,45.218589958248636,12.156637456210882,0.0
29,33,exercise,137,29.325073986305046,51.07908383918142,0.600723467442787,98,36.52860324329773,0.8792930335594671,True,0,False,19.274044661384774,normal,37.02603169813315,6.99195264876477,0.0
29,34,exercise,133,23.59921475690923,51.92833643740694,0.6840795915196386,98,36.61821316299411,0.8672154818346964,True,0,False,20.572694579036014,normal,39.77355679471475,10.656502555578093,0.0
29,35,exercise,127,29.273115761860645,50.0164528606942,0.6752156678763581,97,36.660893403669206,0.885510917631008,True,0,False,18.35896788879673,normal,37.19099893566847,7.025205912409188,0.0
29,36,exercise,137,34.21863405416852,52.08419494429536,0.6213318786016447,99,36.76374120888671,0.8953046737462337,True,0,False,18.329729515754966,normal,36.57977247989287,3.860074205332148,0.0
29,37,exercise,122,31.225774701433153,60.90145668787814,0.5518877874236009,99,36.76774600430434,0.9048274611688101,True,0,False,17.936275764685462,normal,40.42324308619056,5.775504191082782,0.0
29,38,exercise,124,22.440533912731702,55.877177743416645,0.6583350378917947,98,36.60109306109652,0.916651716948981,True,0,False,20.00495196701647,normal,41.652802369374314,11.39805829585171,0.0
29,39,exercise,143,32.82101809878357,52.132436166511845,0.6539837210524044,97,36.7081963059722,0.8834149189527881,True,0,False,18.5659746666913,normal,36.445064315778886,4.754548416778516,0.0
29,0,ecg_scalar_shift,69,50.10700506363402,34.768730696850305,1.66635070354735,98,36.62910797214742,0.9257547917737702,True,120,True,15.874203668957804,normal,10.392847455605716,66.14660326717492,0.0
29,1,ecg_scalar_shift,71,53.35552970101406,28.668515650119605,1.6543664413835133,97,36.63582190683073,0.9247962408142645,True,120,True,15.533171117438757,normal,8.610276931052429,65.80704917253288,0.0
29,2,ecg_scalar_shift,71,50.075364440024316,34.45037090486528,1.8311287224658719,97,36.658411823429354,0.8751060224856108,True,120,True,16.851738236717352,normal,9.781930649682975,70.8153138031997,0.0
29,3,ecg_scalar_shift,71,51.41808166200602,29.50811513049582,1.694312324061122,98,36.63006373047954,0.8722105095682713,True,120,True,15.860639382546786,normal,8.621175904863566,66.9388491817318,0.0
29,4,ecg_scalar_shift,76,52.400773551130236,35.86170605636203,1.935824808044258,98,36.7581180417819,0.9146043782688047,True,120,True,18.378424243259204,normal,12.70441620486646,73.78170289458731,0.0
29,5,ecg_scalar_shift,73,46.462128617216884,29.079055849093596,1.9003381074901475,97,36.68393888195408,0.916946447872337,True,120,True,17.827643577387306,normal,10.619024758641496,72.77624637888752,0.0
29,6,ecg_scalar_shift,74,51.184008075551546,35.35007588928062,1.8120923900493826,97,36.501528846237534,0.8631738815611,True,120,True,17.35988596493298,normal,11.488624589690946,70.27595105139918,0.0
29,7,ecg_scalar_shift,76,54.57712268900668,35.70246571323939,1.7146099601260465,97,36.602123026993404,0.8969596957307873,True,120,True,17.014511286861946,normal,12.154870964045008,67.51394887023798,0.0
29,8,ecg_scalar_shift,76,53.097104104291645,29.696538698984195,1.6786847274924888,98,36.56832503323096,0.8945451862289293,True,120,True,16.517867520662495,normal,9.896788634161851,66.49606727895386,0.0
29,9,ecg_scalar_shift,70,51.54304642020073,34.94732521537775,1.958868663813393,98,36.74275802122016,0.8687137369088841,True,120,True,17.31641166595386,normal,9.937627609862869,74.43461214137947,0.0
29,10,ecg_scalar_shift,74,45.10914499074425,33.114271362105406,1.7218260702324801,97,36.682366758067445,0.87914583346937,True,120,True,17.386609324894057,normal,12.073252668957403,67.7184053232536,0.0
29,11,ecg_scalar_shift,70,49.65624243406002,34.45478965590957,1.9913308299357095,97,36.594184065430106,0.9213078342043841,True,120,True,17.58763078226629,normal,9.865755173131435,75.35437351484511,0.0
29,12,ecg_scalar_shift,76,54.68297674443815,32.95204086622068,1.6422890508718588,97,36.76074649482878,0.9180650795894179,True,120,True,16.32822756897753,normal,10.428240979579463,65.46485644136934,0.0
29,13,ecg_scalar_shift,69,48.17330141516942,35.93636853841571,1.7542960775110477,98,36.713550708179504,0.8970285449451193,True,120,True,16.62962520846635,normal,11.422586599043322,68.63838886281303,0.0
29,14,ecg_scalar_shift,76,47.21621170399467,29.09070908370318,1.8533300336186542,99,36.759761331904265,0.8945247355818673,True,120,True,18.09621952225243,normal,11.663482226459287,71.44435095252854,0.0
29,15,ecg_scalar_shift,69,47.07541334435979,31.136983086974542,1.6495504926455005,98,36.79271528295592,0.8697823498323134,True,120,True,15.771368728904733,normal,9.238897132069093,65.67059729162251,0.0
29,16,ecg_scalar_shift,69,46.4764583575488,31.79074126750387,1.8173932582405892,98,36.74889098051772,0.89755276947921,True,120,True,16.72666716637842,normal,9.581406764112199,70.4261423168167,0.0
29,17,ecg_scalar_shift,73,53.362170387280074,34.141640918546486,1.6847014416101245,97,36.578736196653,0.8907239116591361,True,120,True,16.263328337927845,normal,10.447628468584698,66.66654084562019,0.0
29,18,ecg_scalar_shift,71,47.72871075150305,33.969577915541564,1.943538392664844,97,36.59046205421369,0.8829870683588357,True,120,True,17.719007469805526,normal,10.595686032670699,74.00025445883725,0.0
29,19,ecg_scalar_shift,75,48.30903711795375,32.67865418608321,1.8898306242205527,97,36.790938631423984,0.9198057707047417,True,120,True,17.935605748114785,normal,10.799574034943987,72.47853435291566,0.0
29,20,ecg_scalar_shift,72,45.76180777615708,32.21696598464323,1.7288620343031769,99,36.624608102203695,0.8871238032279087,True,120,True,16.823898086961727,normal,10.337545560014114,67.91775763859002,0.0
29,21,ecg_scalar_shift,74,47.21615732911939,31.932333178694822,1.7748499121152792,99,36.74506317805638,0.9160646748611212,True,120,True,17.32971958990523,normal,10.990638485423553,69.22074750993292,0.0
29,22,ecg_scalar_shift,69,47.71951429566969,28.079616794237694,1.958595938560164,98,36.775294026326065,0.8774996910409003,True,120,True,17.313419095571238,normal,9.274480121028152,74.42688492587132,0.0
29,23,ecg_scalar_shift,69,50.35770500797541,33.60918006866132,1.7358477131131154,98,36.621671029442815,0.9234269843062608,True,120,True,16.054736121597163,normal,9.514269600437375,68.11568520487161,0.0
29,24,ecg_scalar_shift,71,47.30710980971524,32.69971792803557,1.7120709650342179,97,36.6145527630861,0.8660010059730752,True,120,True,16.434001373099573,normal,9.867781330357255,67.44201067596951,0.0
29,25,ecg_scalar_shift,68,48.975432653267504,35.15962317958035,1.774671824529077,97,36.58089995658826,0.9185936632428182,True,120,True,16.394115097782905,normal,10.49794596526191,69.21570169499051,0.0
29,26,ecg_scalar_shift,74,49.325575682344265,28.169585041907755,1.8898451622332473,97,36.7778413279543,0.8843647013983787,True,120,True,17.587974459015477,normal,9.903811286994369,72.47894626327533,0.0
29,27,ecg_scalar_shift,76,47.505628032639585,35.823879850025186,1.914939328719008,98,36.62549009589616,0.9129829103040625,True,120,True,18.74717751535571,normal,13.63538484649428,73.18994764703857,0.0
29,28,ecg_scalar_shift,75,52.33931928313697,34.37592554732811,1.65229791088766,99,36.71923960286653,0.8657148929531633,True,120,True,16.624671766874563,normal,11.65410113810536,65.7484408084837,0.0
29,29,ecg_scalar_shift,70,49.19328724919294,34.69156968178462,1.8056302278071734,97,36.653112446319064,0.858501758112191,True,120,True,16.68477638293802,normal,9.949747569440415,70.09285645453659,0.0
29,30,ecg_scalar_shift,69,49.827877748702996,34.33196510998666,1.8499379255525423,99,36.66185144049207,0.9208684696865902,True,120,True,16.66094699141251,normal,9.464532704040577,71.34824122398871,0.0
29,31,ecg_scalar_shift,69,46.8140796925973,29.264619411912452,1.6407031847940814,97,36.67265204880332,0.9318227152195799,True,120,True,15.78032625422291,normal,9.448075513614674,65.41992356916563,0.0
29,32,ecg_scalar_shift,68,47.502248112537494,29.085642497408433,1.7572159978261102,99,36.68339060171834,0.9067413238596347,True,120,True,16.18885370516377,normal,9.337741256564085,68.72111993840646,0.0
29,33,ecg_scalar_shift,70,53.33157716664974,30.520772701569012,1.9642949063231696,98,36.52860324329773,0.8792930335594671,True,120,True,16.9189251740766,normal,8.200192076289621,74.58835567915648,0.0
29,34,ecg_scalar_shift,69,51.94813845715536,31.430708623562897,1.7678450204132428,98,36.61821316299411,0.8672154818346964,True,120,True,15.937063843395384,normal,8.509333806478788,69.02227557837521,0.0
29,35,ecg_scalar_shift,71,48.684323145262596,35.239719179898096,1.6910695511645308,97,36.660893403669206,0.885510917631008,True,120,True,16.470866988980827,normal,11.148562008101244,66.84697061632838,0.0
29,36,ecg_scalar_shift,71,52.65053637225,28.136588010281393,1.6713768957492976,99,36.76374120888671,0.8953046737462337,True,120,True,15.801362410004668,normal,9.37207753616885,66.2890120462301,0.0
29,37,ecg_scalar_shift,75,49.32347778054218,30.6277434826845,1.7573638342272788,99,36.76774600430434,0.9048274611688101,True,120,True,16.952808648967586,normal,9.447064987537942,68.72530863643956,0.0
29,38,ecg_scalar_shift,73,52.94656626410117,31.258571447387844,1.9108229552587934,98,36.60109306109652,0.916651716948981,True,120,True,17.189220870017206,normal,9.039568050465107,73.07331706566582,0.0
29,39,ecg_scalar_shift,75,47.0302089969847,33.282283704558346,1.9757132019243675,97,36.7081963059722,0.8834149189527881,True,120,True,18.75388201034672,normal,12.465638668571739,74.91187405452375,0.0
29,0,poor_contact,143,8.859253720831875,86.91318242767606,1.9455810687138007,82,39.0,0.23190521106420495,False,120,True,22.85087913701455,normal,78.87406741523576,0.0,0.0
29,1,poor_contact,141,13.210856082275672,92.08735661278497,1.8389565620661532,85,39.0,0.22830993241505398,False,120,True,23.132539982673222,normal,81.0473764095156,0.0,0.0
29,2,poor_contact,157,13.624493601872157,91.81099870038678,1.9722787529442087,83,39.0,0.2813386167397615,False,120,True,22.568666474992316,normal,76.69650057864443,0.0,0.0
29,3,poor_contact,140,8.248695542274481,88.1453025656225,1.9988161361694525,87,39.0,0.24029369721833657,False,120,True,21.472476042962537,normal,79.34935218335292,0.0,0.0
29,4,poor_contact,160,14.030053593277058,88.0144136477257,1.8214953079796297,81,39.0,0.31274744241327734,False,120,True,22.59436136416447,normal,76.89476361238019,0.0,0.0
29,5,poor_contact,161,11.533248196222093,93.57315255844863,1.9587245858262723,89,39.0,0.3021014322470442,False,120,True,20.353083598647316,normal,81.82317591548856,0.0,0.0
29,6,poor_contact,154,14.014180847962702,93.81975662540046,1.9507092210274672,88,39.0,0.2756277170148147,False,120,True,20.961253092375916,normal,80.9602862066043,0.0,0.0
29,7,poor_contact,141,13.153979209338331,93.2795677363338,1.899251461900984,86,39.0,0.24638298803781394,False,120,True,21.86444171835324,normal,76.81822313544168,0.0,0.0
29,8,poor_contact,161,10.22420479209488,89.53242764445342,1.9349806697400087,81,39.0,0.23560541824774658,False,120,True,22.766204214451133,normal,78.22071153125873,0.0,0.0
29,9,poor_contact,171,11.684535420144584,85.93190174257823,1.8080240846587339,80,39.0,0.3196605991440179,False,120,True,22.672676772425916,normal,77.49904916995308,0.0,0.0
29,10,poor_contact,175,13.986964615800943,87.69221924474193,1.8928094801161754,86,39.0,0.248547821069744,False,120,True,21.81136109783606,normal,76.4086504462659,0.0,0.0
29,11,poor_contact,167,9.630845263598406,88.05984920065843,1.9472402847074048,80,39.0,0.3293992489807128,False,120,True,22.758335142727496,normal,78.15999338524304,0.0,0.0
29,12,poor_contact,176,8.479868300606542,85.53664924968601,1.988885513723932,85,39.0,0.22468671526155762,False,120,True,22.76730562284323,normal,78.22921005280273,0.0,0.0
29,13,poor_contact,142,11.037370514728213,86.88123638981288,1.9644698014316522,80,39.0,0.25828882325331426,False,120,True,22.70996850302353,normal,77.78679400481118,0.0,0.0
29,14,poor_contact,160,11.091849511296935,88.5200900726303,1.9617232760877301,86,39.0,0.2879990100855962,False,120,True,22.025054838739628,normal,78.05752190385516,0.0,0.0
29,15,poor_contact,152,9.193491150803,87.55799527053671,1.8477132822745683,83,39.0,0.22686514779365013,False,120,True,22.77696378615453,normal,78.30373291785904,0.0,0.0
29,16,poor_contact,177,10.363966815879735,93.01768876870578,1.9583483990543138,81,39.0,0.2772179774721767,False,120,True,22.73035663829633,normal,77.94410986339759,0.0,0.0
29,17,poor_contact,173,14.750415207317754,87.62273176986214,1.8551389600542838,80,39.0,0.23741043248303734,False,120,True,22.53690128441709,normal,76.45139879951459,0.0,0.0
29,18,poor_contact,171,8.80869421384229,86.14174588153098,1.846516790689969,82,39.0,0.31506151779945313,False,120,True,22.825946749144226,normal,78.68168787919927,0.0,0.0
29,19,poor_contact,143,13.667599282968004,89.67624893259233,1.9367188886276254,89,39.0,0.29894918726616576,False,120,True,19.672474012385866,normal,76.57155873754526,0.0,0.0
29,20,poor_contact,142,12.541227816703453,94.94087097388505,1.8443643976420274,82,39.0,0.25065861029095304,False,120,True,22.641043705638204,normal,77.25496686449232,0.0,0.0
29,21,poor_contact,163,8.156367362908757,85.03079727883839,1.8081856711185915,83,39.0,0.2644549736345837,False,120,True,22.869493742138467,normal,79.01769862761165,0.0,0.0
29,22,poor_contact,141,13.946445936351907,89.39087483809186,1.9702211729727686,84,39.0,0.31957878156804914,False,120,True,22.567350760733074,normal,76.68634846244657,0.0,0.0
29,23,poor_contact,150,11.691164782979618,92.38958010197491,1.8803824609498614,87,39.0,0.2527543139339346,False,120,True,21.248910805220657,normal,77.62431176867791,0.0,0.0
29,24,poor_contact,142,9.0081119360315,93.43665858680305,1.9406153148602947,81,39.0,0.24562128951026535,False,120,True,22.810852069785025,normal,78.5652165878474,0.0,0.0
29,25,poor_contact,174,8.473298146133185,91.53576922891193,1.9366792542848357,84,39.0,0.264401547358723,False,120,True,22.84979344245978,normal,78.8656901424366,0.0,0.0
29,26,poor_contact,155,11.93739238690137,94.80010756455742,1.9461371658918607,82,39.0,0.2989535486699742,False,120,True,22.694649188454704,normal,77.66858941708878,0.0,0.0
29,27,poor_contact,141,12.773823570756907,90.1152978915795,1.860360262478389,88,39.0,0.30648179861570235,False,120,True,20.485676557302007,normal,77.29071417671301,0.0,0.0
29,28,poor_contact,180,13.438263156749446,86.6343570800827,1.88707011273751,84,39.0,0.22768937326629796,False,120,True,22.614506075963966,normal,77.05020120342567,0.0,0.0
29,29,poor_contact,155,8.884471725178994,92.56434278726577,1.825077349949238,84,39.0,0.2736890683421519,False,120,True,22.7634348985668,normal,78.19934335313889,0.0,0.0
29,30,poor_contact,152,11.3559656459856,85.42678563712288,1.8312103598131875,82,39.0,0.2869813776657627,False,120,True,22.66175763122534,normal,77.41479653723256,0.0,0.0
29,31,poor_contact,143,9.489963194161701,88.6914555838813,1.9147068715673343,80,39.0,0.22421095543822434,False,120,True,22.789553225101685,normal,78.40087365047597,0.0,0.0
29,32,poor_contact,143,13.290613243722412,94.06693483830563,1.8356062095986247,84,39.0,0.25916479934783304,False,120,True,22.57455917286901,normal,76.74196892645841,0.0,0.0
29,33,poor_contact,173,13.234342430166148,85.75052503747915,1.8929569634662557,81,39.0,0.32128847189695087,False,120,True,22.585390810334196,normal,76.82554637603546,0.0,0.0
29,34,poor_contact,168,10.542574356247911,92.52233953358954,1.805869530882016,85,39.0,0.26235350612397285,False,120,True,22.76252856370839,normal,78.19235002861413,0.0,0.0
29,35,poor_contact,169,12.93802252347244,94.95637677617952,1.9224658648034916,84,39.0,0.23932086534935926,False,120,True,23.20288191275473,normal,81.5901382157001,0.0,0.0
29,36,poor_contact,176,12.728458182453302,85.88223589767675,1.941903898704533,80,39.0,0.23341306872478923,False,120,True,23.246176416079415,normal,81.92420074135352,0.0,0.0
29,37,poor_contact,169,9.650790738477504,92.86127666227496,1.9533157577494957,89,39.0,0.2592091502681836,False,120,True,19.83151464030505,normal,77.79872407642785,0.0,0.0
29,38,poor_contact,169,9.760989462240778,85.08370078428254,1.9023094165323262,86,39.0,0.305246886577638,False,120,True,22.06842212625373,normal,78.39214603590841,0.0,0.0
29,39,poor_contact,157,13.77464970457574,89.92722083946661,1.840817174451919,81,39.0,0.32471396057731017,False,120,True,22.57765692246986,normal,76.76587131535386,0.0,0.0
29,0,missing,0,,,,,0.0,0.172,False,120,True,0.9669341877773218,normal,7.4609119427262485,0.0,0.0
29,1,missing,0,,,,,0.0,0.172,False,120,True,0.9625475791951821,normal,7.4270646542838135,0.0,0.0
29,2,missing,0,,,,,0.0,0.172,False,120,True,0.9344977386527866,normal,7.210630699481379,0.0,0.0
29,3,missing,0,,,,,0.0,0.172,False,120,True,1.0029414419238565,normal,7.738745693856918,0.0,0.0
29,4,missing,0,,,,,0.0,0.172,False,120,True,0.9814994314370662,normal,7.573298082076128,0.0,0.0
29,5,missing,0,,,,,0.0,0.172,False,120,True,0.9644858739236751,normal,7.442020632127123,0.0,0.0
29,6,missing,0,,,,,0.0,0.172,False,120,True,0.9851736820063147,normal,7.601648780912923,0.0,0.0
29,7,missing,0,,,,,0.0,0.172,False,120,True,0.926776922931658,normal,7.1510565041023,0.0,0.0
29,8,missing,0,,,,,0.0,0.172,False,120,True,0.9504425243848107,normal,7.333661453586504,0.0,0.0
29,9,missing,0,,,,,0.0,0.172,False,120,True,0.9376235178115954,normal,7.234749365830211,0.0,0.0
29,10,missing,0,,,,,0.0,0.172,False,120,True,0.9088958859064861,normal,7.013085539401899,0.0,0.0
29,11,missing,0,,,,,0.0,0.172,False,120,True,0.9160560771837369,normal,7.06833392888686,0.0,0.0
29,12,missing,0,,,,,0.0,0.172,False,120,True,0.8625551998704659,normal,6.6555185175190275,0.0,0.0
29,13,missing,0,,,,,0.0,0.172,False,120,True,0.948838206698597,normal,7.321282459094113,0.0,0.0
29,14,missing,0,,,,,0.0,0.172,False,120,True,0.9798352328932987,normal,7.560457043929774,0.0,0.0
29,15,missing,0,,,,,0.0,0.172,False,120,True,0.9098322592313666,normal,7.020310642217336,0.0,0.0
29,16,missing,0,,,,,0.0,0.172,False,120,True,0.9290703982140256,normal,7.168753072639087,0.0,0.0
29,17,missing,0,,,,,0.0,0.172,False,120,True,0.967516795647101,normal,7.4654073738202245,0.0,0.0
29,18,missing,0,,,,,0.0,0.172,False,120,True,0.9362812636720217,normal,7.2243924666051065,0.0,0.0
29,19,missing,0,,,,,0.0,0.172,False,120,True,0.9197833608172303,normal,7.097093833466284,0.0,0.0
29,20,missing,0,,,,,0.0,0.172,False,120,True,0.9528026409030241,normal,7.351872229190001,0.0,0.0
29,21,missing,0,,,,,0.0,0.172,False,120,True,0.950758917485026,normal,7.336102758372115,0.0,0.0
29,22,missing,0,,,,,0.0,0.172,False,120,True,0.9477271991513369,normal,7.312709869994884,0.0,0.0
29,23,missing,0,,,,,0.0,0.172,False,120,True,0.9483728755106844,normal,7.317691940668862,0.0,0.0
29,24,missing,0,,,,,0.0,0.172,False,120,True,0.9382129558639105,normal,7.239297498949927,0.0,0.0
29,25,missing,0,,,,,0.0,0.172,False,120,True,0.9531823028022495,normal,7.35480171915316,0.0,0.0
29,26,missing,0,,,,,0.0,0.172,False,120,True,0.9673881973667449,normal,7.464415103138465,0.0,0.0
29,27,missing,0,,,,,0.0,0.172,False,120,True,0.9554764876623293,normal,7.372503762826615,0.0,0.0
29,28,missing,0,,,,,0.0,0.172,False,120,True,0.9684785511889661,normal,7.472828327075356,0.0,0.0
29,29,missing,0,,,,,0.0,0.172,False,120,True,0.8795546453567825,normal,6.786687078370236,0.0,0.0
29,30,missing,0,,,,,0.0,0.172,False,120,True,0.9088112382997442,normal,7.01243239428815,0.0,0.0
29,31,missing,0,,,,,0.0,0.172,False,120,True,0.9425942984207432,normal,7.273104154481043,0.0,0.0
29,32,missing,0,,,,,0.0,0.172,False,120,True,0.9128618640523082,normal,7.043687222625835,0.0,0.0
29,33,missing,0,,,,,0.0,0.172,False,120,True,0.926706069365602,normal,7.15050979448767,0.0,0.0
29,34,missing,0,,,,,0.0,0.172,False,120,True,0.968693298515423,normal,7.474485328051104,0.0,0.0
29,35,missing,0,,,,,0.0,0.172,False,120,True,1.017340102806577,normal,7.849846472272971,0.0,0.0
29,36,missing,0,,,,,0.0,0.172,False,120,True,1.0635542720625728,normal,8.206437284433433,0.0,0.0
29,37,missing,0,,,,,0.0,0.172,False,120,True,0.8706587774911674,normal,6.718046122617032,0.0,0.0
29,38,missing,0,,,,,0.0,0.172,False,120,True,0.9491378580840734,normal,7.323594583982048,0.0,0.0
29,39,missing,0,,,,,0.0,0.172,False,120,True,0.944276486499631,normal,7.286084000768758,0.0,0.0
29,0,fall_inactive,69,50.10700506363402,34.768730696850305,0.6013016860636139,98,36.62910797214742,0.8977547917737703,True,0,False,82.0,criticalReview,10.450969047253295,3.36,92.0
29,1,fall_inactive,71,53.35552970101406,28.668515650119605,0.6876688570964951,97,36.63582190683073,0.8967962408142645,True,0,False,82.0,criticalReview,8.610276931052429,3.36,92.0
29,2,fall_inactive,71,50.075364440024316,34.45037090486528,0.5972768066094077,97,36.658411823429354,0.8471060224856106,True,0,False,82.0,criticalReview,9.735153311330283,3.36,92.0
29,3,fall_inactive,71,51.41808166200602,29.50811513049582,0.6743416481256025,98,36.63006373047954,0.8442105095682713,True,0,False,82.0,criticalReview,8.621175904863566,3.36,92.0
29,4,fall_inactive,76,52.400773551130236,35.86170605636203,0.6566405379327567,98,36.7581180417819,0.8866043782688046,True,0,False,82.0,criticalReview,12.715556814348083,3.36,92.0
29,5,fall_inactive,73,46.462128617216884,29.079055849093596,0.6683298599198071,97,36.68393888195408,0.888946447872337,True,0,False,82.0,criticalReview,10.59243683313819,3.36,92.0
29,6,fall_inactive,74,51.184008075551546,35.35007588928062,0.633097313816085,97,36.501528846237534,0.8351738815610998,True,0,False,82.0,criticalReview,11.437809812759046,3.36,92.0
29,7,fall_inactive,76,54.57712268900668,35.70246571323939,0.5755208020632607,97,36.602123026993404,0.8689596957307874,True,0,False,82.0,criticalReview,12.284360027525192,3.36,92.0
29,8,fall_inactive,76,53.097104104291645,29.696538698984195,0.6576176342613326,98,36.56832503323096,0.8665451862289293,True,0,False,82.0,criticalReview,9.885474348447563,3.36,92.0
29,9,fall_inactive,70,51.54304642020073,34.94732521537775,0.5714442695434587,98,36.74275802122016,0.8407137369088842,True,0,False,82.0,criticalReview,9.924552121686844,3.36,92.0
29,10,fall_inactive,74,45.10914499074425,33.114271362105406,0.6719938948917571,97,36.682366758067445,0.8511458334693701,True,0,False,82.0,criticalReview,12.118899451918706,3.36,92.0
29,11,fall_inactive,70,49.65624243406002,34.45478965590957,0.6705660534590262,97,36.594184065430106,0.8933078342043842,True,0,False,82.0,criticalReview,9.994516473509112,3.36,92.0
29,12,fall_inactive,76,54.68297674443815,32.95204086622068,0.5519530433842006,97,36.76074649482878,0.8900650795894178,True,0,False,82.0,criticalReview,10.386871314355965,3.36,92.0
29,13,fall_inactive,69,48.17330141516942,35.93636853841571,0.6654332945747465,98,36.713550708179504,0.8690285449451194,True,0,False,82.0,criticalReview,11.536211909977416,3.36,92.0
29,14,fall_inactive,76,47.21621170399467,29.09070908370318,0.5792043554597883,99,36.759761331904265,0.8665247355818673,True,0,False,82.0,criticalReview,11.639505829843792,3.36,92.0
29,15,fall_inactive,69,47.07541334435979,31.136983086974542,0.6366360031519415,98,36.79271528295592,0.8417823498323133,True,0,False,82.0,criticalReview,9.257700658270577,3.36,92.0
29,16,fall_inactive,69,46.4764583575488,31.79074126750387,0.6657397171639444,98,36.74889098051772,0.86955276947921,True,0,False,82.0,criticalReview,9.607001333026687,3.36,92.0
29,17,fall_inactive,73,53.362170387280074,34.141640918546486,0.685108552496218,97,36.578736196653,0.862723911659136,True,0,False,82.0,criticalReview,10.37150177053419,3.36,92.0
29,18,fall_inactive,71,47.72871075150305,33.969577915541564,0.624906446877902,97,36.59046205421369,0.8549870683588356,True,0,False,82.0,criticalReview,10.660302963001138,3.36,92.0
29,19,fall_inactive,75,48.30903711795375,32.67865418608321,0.5647899855623022,97,36.790938631423984,0.8918057707047418,True,0,False,82.0,criticalReview,10.80548033953244,3.36,92.0
29,20,fall_inactive,72,45.76180777615708,32.21696598464323,0.571130485674507,99,36.624608102203695,0.8591238032279088,True,0,False,82.0,criticalReview,10.407274926794994,3.36,92.0
29,21,fall_inactive,74,47.21615732911939,31.932333178694822,0.6278694331400142,99,36.74506317805638,0.8880646748611211,True,0,False,82.0,criticalReview,10.880987940639129,3.36,92.0
29,22,fall_inactive,69,47.71951429566969,28.079616794237694,0.600249599424752,98,36.775294026326065,0.8494996910409002,True,0,False,82.0,criticalReview,9.323228101243654,3.36,92.0
29,23,fall_inactive,69,50.35770500797541,33.60918006866132,0.6808338107379514,98,36.621671029442815,0.8954269843062607,True,0,False,82.0,criticalReview,9.548740845055653,3.36,92.0
29,24,fall_inactive,71,47.30710980971524,32.69971792803557,0.5605771708917174,97,36.6145527630861,0.838001005973075,True,0,False,82.0,criticalReview,9.855251225138508,3.36,92.0
29,25,fall_inactive,68,48.975432653267504,35.15962317958035,0.5733237711152788,97,36.58089995658826,0.8905936632428183,True,0,False,82.0,criticalReview,10.383117458655198,3.36,92.0
29,26,fall_inactive,74,49.325575682344265,28.169585041907755,0.6363505917819244,97,36.7778413279543,0.8563647013983788,True,0,False,82.0,criticalReview,9.883681328454337,3.36,92.0
29,27,fall_inactive,76,47.505628032639585,35.823879850025186,0.5899463844645902,98,36.62549009589616,0.8849829103040625,True,0,False,82.0,criticalReview,13.540734152902933,3.36,92.0
29,28,fall_inactive,75,52.33931928313697,34.37592554732811,0.5534136913551715,99,36.71923960286653,0.8377148929531633,True,0,False,82.0,criticalReview,11.689466576897004,3.36,92.0
29,29,fall_inactive,70,49.19328724919294,34.69156968178462,0.6365002434432636,97,36.653112446319064,0.830501758112191,True,0,False,82.0,criticalReview,9.987068141130043,3.36,92.0
29,30,fall_inactive,69,49.827877748702996,34.33196510998666,0.6311517767376128,99,36.66185144049207,0.8928684696865901,True,0,False,82.0,criticalReview,9.45597421875116,3.36,92.0
29,31,fall_inactive,69,46.8140796925973,29.264619411912452,0.5892517795452171,97,36.67265204880332,0.90382271521958,True,0,False,82.0,criticalReview,9.44728734791898,3.36,92.0
29,32,fall_inactive,68,47.502248112537494,29.085642497408433,0.5831996320876148,99,36.68339060171834,0.8787413238596345,True,0,False,82.0,criticalReview,9.287714577559782,3.36,92.0
29,33,fall_inactive,70,53.33157716664974,30.520772701569012,0.600723467442787,98,36.52860324329773,0.8512930335594671,True,0,False,82.0,criticalReview,8.200192076289621,3.36,92.0
29,34,fall_inactive,69,51.94813845715536,31.430708623562897,0.6840795915196386,98,36.61821316299411,0.8392154818346965,True,0,False,82.0,criticalReview,8.509333806478788,3.36,92.0
29,35,fall_inactive,71,48.684323145262596,35.239719179898096,0.6752156678763581,97,36.660893403669206,0.8575109176310081,True,0,False,82.0,criticalReview,11.280424703752892,3.36,92.0
29,36,fall_inactive,71,52.65053637225,28.136588010281393,0.6213318786016447,99,36.76374120888671,0.8673046737462335,True,0,False,82.0,criticalReview,9.37207753616885,3.36,92.0
29,37,fall_inactive,75,49.32347778054218,30.6277434826845,0.5518877874236009,99,36.76774600430434,0.8768274611688099,True,0,False,82.0,criticalReview,9.452478374659961,3.36,92.0
29,38,fall_inactive,73,52.94656626410117,31.258571447387844,0.6583350378917947,98,36.60109306109652,0.8886517169489808,True,0,False,82.0,criticalReview,9.062196621893676,3.36,92.0
29,39,fall_inactive,75,47.0302089969847,33.282283704558346,0.6539837210524044,97,36.7081963059722,0.8554149189527882,True,0,False,82.0,criticalReview,12.469809445657281,3.36,92.0
43,0,normal,76,53.08432334287218,31.226642708499554,0.6026729513804104,97,36.742468248560904,0.8962276960072295,True,120,True,6.457128299025216,normal,9.922104670584469,11.36,0.0
43,1,normal,68,51.48660635125467,30.64385961372691,0.6426665505936787,98,36.7319317584492,0.9000941270056639,True,120,True,5.304243751811235,normal,8.327689322864757,11.36,0.0
43,2,normal,68,46.312049578398636,35.181570269510935,0.5523913077831951,97,36.68984037626587,0.9109973479439415,True,120,True,6.202300892631307,normal,11.688652562108762,11.36,0.0
43,3,normal,73,52.82002254063543,33.21855302725605,0.6815260934873996,99,36.601233813197474,0.9054938160936619,True,120,True,5.98954893269083,normal,9.118873927526218,11.36,0.0
43,4,normal,76,54.579600005148116,31.818294169602307,0.66079769501313,97,36.66457032193792,0.8604517328481892,True,120,True,6.410255970105018,normal,10.068775955144082,11.36,0.0
43,5,normal,72,46.14036387670082,30.29010306982343,0.6129189618567282,98,36.54880243711586,0.8983438955440967,True,120,True,6.366574830545941,normal,9.697677534547445,11.36,0.0
43,6,normal,73,52.577700922620515,28.085702654992804,0.6026537144610633,97,36.58249529759836,0.9179120665512691,True,120,True,6.003014913121968,normal,9.26523199283281,11.36,0.0
43,7,normal,73,45.69128033938509,35.36565389213824,0.566662902278596,99,36.70444834806193,0.9172616339936484,True,120,True,6.9892470072433515,normal,12.410779199546237,11.36,0.0
43,8,normal,69,46.59588726586854,33.66799728492501,0.6213279821227725,98,36.61478669236343,0.8773995744430538,True,120,True,6.123096974179507,normal,10.530301719395887,11.36,0.0
43,9,normal,68,48.95723079801257,31.410971719295453,0.6451139166989248,97,36.70189788464782,0.9075835215479288,True,120,True,5.436908472494179,normal,8.176595761273255,11.36,0.0
43,10,normal,68,46.4697703442542,32.65788269758927,0.6517196736831283,98,36.58410475065636,0.8632017253204541,True,120,True,5.986737357853627,normal,10.349484297256007,11.36,0.0
43,11,normal,71,51.79066892487891,32.5215650242951,0.5767842375554137,99,36.735430217709286,0.9313318521241121,True,120,True,5.600396362571599,normal,8.16675202309101,11.36,0.0
43,12,normal,69,49.69355699530084,32.30022988770054,0.6564007320190697,98,36.57260914609486,0.8946208156660868,True,120,True,5.635711110816532,normal,8.834884370957871,11.36,0.0
43,13,normal,69,51.65375365962221,33.191382891568125,0.5513561942723547,97,36.57037533416867,0.8970346387024332,True,120,True,5.468515241469595,normal,8.79851973575418,11.36,0.0
43,14,normal,71,50.61819797218466,31.13557612219503,0.6101312601560954,98,36.699461688623,0.8575858189091893,True,120,True,5.652956000172036,normal,7.9832886040699025,11.36,0.0
43,15,normal,68,50.22849047391011,33.743298591025734,0.6324269278961496,97,36.57113170936399,0.9089135244221055,True,120,True,5.626088160831823,normal,9.696646217958644,11.36,0.0
43,16,normal,73,47.08005635950584,34.82532578882332,0.5684536365952422,98,36.707110152300075,0.8726311854561098,True,120,True,6.720115013452801,normal,11.39702520617013,11.36,0.0
43,17,normal,76,46.189074031466795,33.29179482658107,0.6610091758316804,98,36.523769852749865,0.9285601121904676,True,120,True,7.497514115962389,normal,13.178655312474,11.36,0.0
43,18,normal,74,54.91958160760122,32.992480295066144,0.6198855611102251,98,36.63556400150611,0.925899183150124,True,120,True,6.070148954553929,normal,9.740927056638293,11.36,0.0
43,19,normal,70,46.75264966811398,31.07734661714958,0.6389481252953411,98,36.78259165608813,0.8921713546367658,True,120,True,6.018858348069553,normal,9.290100402754135,11.36,0.0
43,20,normal,68,46.20750368785017,35.092832342979385,0.6880273788878317,99,36.77207489936312,0.9073168427459197,True,120,True,6.123048258637089,normal,10.943292641479637,11.36,0.0
43,21,normal,72,49.234118554848415,34.45506418710739,0.627334526283319,97,36.75771794652798,0.8898288748913457,True,120,True,6.301949048134938,normal,10.39046136897321,11.36,0.0
43,22,normal,73,52.11696383997531,29.52375508995244,0.6109459372476685,97,36.51085447556931,0.9009239345941014,True,120,True,5.869141889732635,normal,8.344182058311194,11.36,0.0
43,23,normal,74,48.08038761526923,34.51399151543018,0.5588284338120614,98,36.60286865886244,0.9141457053489933,True,120,True,6.799502896428814,normal,11.52549654686177,11.36,0.0
43,24,normal,73,48.63296898469062,29.1723030206973,0.6404670859195212,98,36.592234789867966,0.9309834963855375,True,120,True,6.244240359131203,normal,9.152977445420854,11.36,0.0
43,25,normal,75,49.37464684234441,35.411655085797086,0.61740551604592,99,36.56375679999937,0.8616549837916025,True,120,True,6.979456836110794,normal,12.180269192044229,11.36,0.0
43,26,normal,69,53.27351300839534,32.949320584124365,0.6292380405029617,99,36.63774004407397,0.9096649683916354,True,120,True,5.468268320185853,normal,9.208572144085823,11.36,0.0
43,27,normal,76,48.118478333668406,33.10344480077743,0.6001585789773992,97,36.73512290042448,0.866626567114505,True,120,True,7.018957640630553,normal,11.314252641583462,11.36,0.0
43,28,normal,72,49.37357107939754,29.590656840822668,0.5970592713966555,99,36.68439520528403,0.9016882940311687,True,120,True,5.889300357322057,normal,8.20661135389598,11.36,0.0
43,29,normal,75,47.66191943607477,28.47305306113561,0.5792539571912277,97,36.52461168350115,0.8687715458952109,True,120,True,6.779668061787277,normal,10.547776358716789,11.36,0.0
43,30,normal,68,45.848655009498415,29.611605438681472,0.6030775887293237,99,36.54712783001083,0.9171681907532022,True,120,True,6.0247006870161,normal,10.43980559121435,11.36,0.0
43,31,normal,71,49.045379548359016,30.440914370542536,0.6322034299914722,99,36.66617603782991,0.8833398840140021,True,120,True,5.842651056343869,normal,8.444208951224072,11.36,0.0
43,32,normal,69,47.45722797133888,33.72577055913847,0.6815093814904694,99,36.545278164634865,0.9230817639520307,True,120,True,6.141983347958767,normal,10.81685249060163,11.36,0.0
43,33,normal,69,45.770181559637166,29.6474832620738,0.5565931123341521,99,36.75577261037813,0.865248321243727,True,120,True,6.0984135150483585,normal,10.233004757879064,11.36,0.0
43,34,normal,72,50.41809742091566,35.6409764773354,0.6239128535901862,99,36.5925589375596,0.9124452086829473,True,120,True,6.283209975491184,normal,10.70658325913046,11.36,0.0
43,35,normal,71,47.50144958103169,29.31123312631125,0.687671340416519,98,36.76585936533602,0.9286201554806406,True,120,True,6.106556715888797,normal,9.261374894289196,11.36,0.0
43,36,normal,71,46.54532621909269,33.35831133589067,0.6619050493636283,97,36.501133253488376,0.9307200234030052,True,120,True,6.383597684079641,normal,10.517624291909437,11.36,0.0
43,37,normal,69,52.68907528347137,32.979312183102024,0.6013099112963216,97,36.54789178025625,0.8725584190167762,True,120,True,5.467042125967263,normal,9.052968285552526,11.36,0.0
43,38,normal,69,53.44086667951004,28.483321782860784,0.6164333419002186,99,36.68586982436858,0.8681620037538043,True,120,True,5.302152357321821,normal,8.369499951479767,11.36,0.0
43,39,normal,71,52.94875502033877,35.74464966867361,0.5742043394967915,98,36.62666047221405,0.9047279333844006,True,120,True,5.945004211127353,normal,10.49075928624122,11.36,0.0
43,0,stationary,76,53.08432334287218,31.226642708499554,0.6026729513804104,97,36.742468248560904,0.8962276960072295,True,0,False,16.337128299025217,normal,9.922104670584469,11.36,38.0
43,1,stationary,68,51.48660635125467,30.64385961372691,0.6426665505936787,98,36.7319317584492,0.9000941270056639,True,0,False,15.184243751811236,normal,8.327689322864757,11.36,38.0
43,2,stationary,68,46.312049578398636,35.181570269510935,0.5523913077831951,97,36.68984037626587,0.9109973479439415,True,0,False,16.08230089263131,normal,11.688652562108762,11.36,38.0
43,3,stationary,73,52.82002254063543,33.21855302725605,0.6815260934873996,99,36.601233813197474,0.9054938160936619,True,0,False,15.869548932690831,normal,9.118873927526218,11.36,38.0
43,4,stationary,76,54.579600005148116,31.818294169602307,0.66079769501313,97,36.66457032193792,0.8604517328481892,True,0,False,16.29025597010502,normal,10.068775955144082,11.36,38.0
43,5,stationary,72,46.14036387670082,30.29010306982343,0.6129189618567282,98,36.54880243711586,0.8983438955440967,True,0,False,16.246574830545942,normal,9.697677534547445,11.36,38.0
43,6,stationary,73,52.577700922620515,28.085702654992804,0.6026537144610633,97,36.58249529759836,0.9179120665512691,True,0,False,15.883014913121968,normal,9.26523199283281,11.36,38.0
43,7,stationary,73,45.69128033938509,35.36565389213824,0.566662902278596,99,36.70444834806193,0.9172616339936484,True,0,False,16.869247007243352,normal,12.410779199546237,11.36,38.0
43,8,stationary,69,46.59588726586854,33.66799728492501,0.6213279821227725,98,36.61478669236343,0.8773995744430538,True,0,False,16.003096974179506,normal,10.530301719395887,11.36,38.0
43,9,stationary,68,48.95723079801257,31.410971719295453,0.6451139166989248,97,36.70189788464782,0.9075835215479288,True,0,False,15.31690847249418,normal,8.176595761273255,11.36,38.0
43,10,stationary,68,46.4697703442542,32.65788269758927,0.6517196736831283,98,36.58410475065636,0.8632017253204541,True,0,False,15.866737357853628,normal,10.349484297256007,11.36,38.0
43,11,stationary,71,51.79066892487891,32.5215650242951,0.5767842375554137,99,36.735430217709286,0.9313318521241121,True,0,False,15.4803963625716,normal,8.16675202309101,11.36,38.0
43,12,stationary,69,49.69355699530084,32.30022988770054,0.6564007320190697,98,36.57260914609486,0.8946208156660868,True,0,False,15.515711110816532,normal,8.834884370957871,11.36,38.0
43,13,stationary,69,51.65375365962221,33.191382891568125,0.5513561942723547,97,36.57037533416867,0.8970346387024332,True,0,False,15.348515241469595,normal,8.79851973575418,11.36,38.0
43,14,stationary,71,50.61819797218466,31.13557612219503,0.6101312601560954,98,36.699461688623,0.8575858189091893,True,0,False,15.532956000172037,normal,7.9832886040699025,11.36,38.0
43,15,stationary,68,50.22849047391011,33.743298591025734,0.6324269278961496,97,36.57113170936399,0.9089135244221055,True,0,False,15.506088160831823,normal,9.696646217958644,11.36,38.0
43,16,stationary,73,47.08005635950584,34.82532578882332,0.5684536365952422,98,36.707110152300075,0.8726311854561098,True,0,False,16.6001150134528,normal,11.39702520617013,11.36,38.0
43,17,stationary,76,46.189074031466795,33.29179482658107,0.6610091758316804,98,36.523769852749865,0.9285601121904676,True,0,False,17.37751411596239,normal,13.178655312474,11.36,38.0
43,18,stationary,74,54.91958160760122,32.992480295066144,0.6198855611102251,98,36.63556400150611,0.925899183150124,True,0,False,15.95014895455393,normal,9.740927056638293,11.36,38.0
43,19,stationary,70,46.75264966811398,31.07734661714958,0.6389481252953411,98,36.78259165608813,0.8921713546367658,True,0,False,15.898858348069554,normal,9.290100402754135,11.36,38.0
43,20,stationary,68,46.20750368785017,35.092832342979385,0.6880273788878317,99,36.77207489936312,0.9073168427459197,True,0,False,16.00304825863709,normal,10.943292641479637,11.36,38.0
43,21,stationary,72,49.234118554848415,34.45506418710739,0.627334526283319,97,36.75771794652798,0.8898288748913457,True,0,False,16.18194904813494,normal,10.39046136897321,11.36,38.0
43,22,stationary,73,52.11696383997531,29.52375508995244,0.6109459372476685,97,36.51085447556931,0.9009239345941014,True,0,False,15.749141889732636,normal,8.344182058311194,11.36,38.0
43,23,stationary,74,48.08038761526923,34.51399151543018,0.5588284338120614,98,36.60286865886244,0.9141457053489933,True,0,False,16.679502896428815,normal,11.52549654686177,11.36,38.0
43,24,stationary,73,48.63296898469062,29.1723030206973,0.6404670859195212,98,36.592234789867966,0.9309834963855375,True,0,False,16.124240359131203,normal,9.152977445420854,11.36,38.0
43,25,stationary,75,49.37464684234441,35.411655085797086,0.61740551604592,99,36.56375679999937,0.8616549837916025,True,0,False,16.859456836110795,normal,12.180269192044229,11.36,38.0
43,26,stationary,69,53.27351300839534,32.949320584124365,0.6292380405029617,99,36.63774004407397,0.9096649683916354,True,0,False,15.348268320185854,normal,9.208572144085823,11.36,38.0
43,27,stationary,76,48.118478333668406,33.10344480077743,0.6001585789773992,97,36.73512290042448,0.866626567114505,True,0,False,16.898957640630556,normal,11.314252641583462,11.36,38.0
43,28,stationary,72,49.37357107939754,29.590656840822668,0.5970592713966555,99,36.68439520528403,0.9016882940311687,True,0,False,15.769300357322058,normal,8.20661135389598,11.36,38.0
43,29,stationary,75,47.66191943607477,28.47305306113561,0.5792539571912277,97,36.52461168350115,0.8687715458952109,True,0,False,16.65966806178728,normal,10.547776358716789,11.36,38.0
43,30,stationary,68,45.848655009498415,29.611605438681472,0.6030775887293237,99,36.54712783001083,0.9171681907532022,True,0,False,15.904700687016101,normal,10.43980559121435,11.36,38.0
43,31,stationary,71,49.045379548359016,30.440914370542536,0.6322034299914722,99,36.66617603782991,0.8833398840140021,True,0,False,15.72265105634387,normal,8.444208951224072,11.36,38.0
43,32,stationary,69,47.45722797133888,33.72577055913847,0.6815093814904694,99,36.545278164634865,0.9230817639520307,True,0,False,16.021983347958766,normal,10.81685249060163,11.36,38.0
43,33,stationary,69,45.770181559637166,29.6474832620738,0.5565931123341521,99,36.75577261037813,0.865248321243727,True,0,False,15.97841351504836,normal,10.233004757879064,11.36,38.0
43,34,stationary,72,50.41809742091566,35.6409764773354,0.6239128535901862,99,36.5925589375596,0.9124452086829473,True,0,False,16.163209975491185,normal,10.70658325913046,11.36,38.0
43,35,stationary,71,47.50144958103169,29.31123312631125,0.687671340416519,98,36.76585936533602,0.9286201554806406,True,0,False,15.986556715888797,normal,9.261374894289196,11.36,38.0
43,36,stationary,71,46.54532621909269,33.35831133589067,0.6619050493636283,97,36.501133253488376,0.9307200234030052,True,0,False,16.26359768407964,normal,10.517624291909437,11.36,38.0
43,37,stationary,69,52.68907528347137,32.979312183102024,0.6013099112963216,97,36.54789178025625,0.8725584190167762,True,0,False,15.347042125967263,normal,9.052968285552526,11.36,38.0
43,38,stationary,69,53.44086667951004,28.483321782860784,0.6164333419002186,99,36.68586982436858,0.8681620037538043,True,0,False,15.182152357321822,normal,8.369499951479767,11.36,38.0
43,39,stationary,71,52.94875502033877,35.74464966867361,0.5742043394967915,98,36.62666047221405,0.9047279333844006,True,0,False,15.825004211127354,normal,10.49075928624122,11.36,38.0
43,0,stress_shift,112,19.32985465775961,81.47034500694724,0.6026729513804104,97,36.742468248560904,0.8962276960072295,True,120,True,24.79540377528059,normal,65.47095935975544,21.388893019033848,0.0
43,1,stress_shift,105,18.532159590241374,78.73215975814574,0.6426665505936787,98,36.7319317584492,0.9000941270056639,True,120,True,24.1710590504693,normal,65.90077186995305,21.89941786224552,0.0
43,2,stress_shift,100,24.608107892920902,81.62364054745107,0.5523913077831951,97,36.68984037626587,0.9109973479439415,True,120,True,21.46251486178682,normal,60.44717767903718,18.010810948530622,0.0
43,3,stress_shift,113,17.63207601381927,79.8716235171301,0.6815260934873996,99,36.601233813197474,0.9054938160936619,True,120,True,25.448657870853957,normal,66.58361376315054,22.47547135115567,0.0
43,4,stress_shift,101,15.62386782214351,88.82124792822908,0.66079769501313,97,36.66457032193792,0.8604517328481892,True,120,True,24.680285026075143,normal,68.54081424327534,23.760724593828154,0.0
43,5,stress_shift,106,22.085640175971882,88.5433799957764,0.6129189618567282,98,36.54880243711586,0.8983438955440967,True,120,True,23.36631599149394,normal,64.32305049980063,19.625190287377997,0.0
43,6,stress_shift,110,18.394494256811434,76.96248098934547,0.6026537144610633,97,36.58249529759836,0.9179120665512691,True,120,True,24.809455989219735,normal,65.98570561856387,21.98752367564068,0.0
43,7,stress_shift,106,15.931554820682452,81.78875241304166,0.566662902278596,99,36.70444834806193,0.9172616339936484,True,120,True,24.725513138022432,normal,65.87807244924682,23.56380491476323,0.0
43,8,stress_shift,106,15.329730677466388,82.02791588539694,0.6213279821227725,98,36.61478669236343,0.8773995744430538,True,120,True,25.765922875022444,normal,70.95456142202487,23.948972366421515,0.0
43,9,stress_shift,112,24.901372759188988,79.35549315791356,0.6451139166989248,97,36.70189788464782,0.9075835215479288,True,120,True,23.35377302960933,normal,62.88924763090315,17.82312143411905,0.0
43,10,stress_shift,96,19.4274340390326,84.7656707332098,0.6517196736831283,98,36.58410475065636,0.8632017253204541,True,120,True,22.009040986618498,normal,60.885817817996085,21.326442215019135,0.0
43,11,stress_shift,109,16.602146711480913,78.89116921614637,0.5767842375554137,99,36.735430217709286,0.9313318521241121,True,120,True,25.08587762951274,normal,66.48055377136966,23.134626104652213,0.0
43,12,stress_shift,98,24.3742228679875,81.85105335090887,0.6564007320190697,98,36.57260914609486,0.8946208156660868,True,120,True,21.117785632115314,normal,59.456620842242565,18.160497364488002,0.0
43,13,stress_shift,97,20.295539600855125,82.51752394711787,0.5513561942723547,97,36.57037533416867,0.8970346387024332,True,120,True,21.974387854833644,normal,61.06980326100847,20.77085465545272,0.0
43,14,stress_shift,98,21.834337298179328,77.85372769512492,0.6101312601560954,98,36.699461688623,0.8575858189091893,True,120,True,21.76052143652091,normal,60.606517933539415,19.786024129165227,0.0
43,15,stress_shift,104,24.113290525323738,88.7706237174023,0.6324269278961496,97,36.57113170936399,0.9089135244221055,True,120,True,22.46542395986654,normal,62.64713835723331,18.327494063792805,0.0
43,16,stress_shift,110,16.068146673528677,89.34819141110508,0.5684536365952422,98,36.707110152300075,0.8726311854561098,True,120,True,25.289729208331458,normal,66.42036852351472,23.47638612894165,0.0
43,17,stress_shift,97,23.380626923040836,86.28200810567128,0.6610091758316804,98,36.523769852749865,0.9285601121904676,True,120,True,21.22962845510598,normal,59.76692610377388,18.796398769253862,0.0
43,18,stress_shift,102,15.897916755385449,83.31935351019659,0.6198855611102251,98,36.63556400150611,0.925899183150124,True,120,True,24.066338924251518,normal,64.80114715540893,23.585333276553314,0.0
43,19,stress_shift,102,18.468205940899225,84.91734172044562,0.6389481252953411,98,36.78259165608813,0.8921713546367658,True,120,True,23.33800143864129,normal,63.25963029542777,21.9403481978245,0.0
43,20,stress_shift,96,24.76042122226349,80.8797849189829,0.6880273788878317,99,36.77207489936312,0.9073168427459197,True,120,True,20.615099178321103,normal,58.34523218637108,17.913330417751368,0.0
43,21,stress_shift,106,21.79631439208825,89.96413290615715,0.627334526283319,97,36.75771794652798,0.8898288748913457,True,120,True,23.46145716732196,normal,64.53686686776261,19.81035878906352,0.0
43,22,stress_shift,112,15.534005598156721,89.22609258955904,0.6109459372476685,97,36.51085447556931,0.9009239345941014,True,120,True,25.715819192653065,normal,66.8131198427528,23.818236417179698,0.0
43,23,stress_shift,100,18.693685525730093,78.5823293954172,0.5588284338120614,98,36.60286865886244,0.9141457053489933,True,120,True,22.91086054020516,normal,62.63021289208871,21.796041263532743,0.0
43,24,stress_shift,101,19.292587817753777,86.73795415440848,0.6404670859195212,98,36.592234789867966,0.9309834963855375,True,120,True,23.000601292231433,normal,62.87861366326692,21.41274379663758,0.0
43,25,stress_shift,109,19.906294054111594,87.32105893750247,0.61740551604592,99,36.56375679999937,0.8616549837916025,True,120,True,24.36373804150685,normal,65.65672056996927,21.019971805368577,0.0
43,26,stress_shift,97,16.925934906791024,79.23381410789366,0.6292380405029617,99,36.63774004407397,0.9096649683916354,True,120,True,23.567916090123653,normal,66.4352974882882,22.927401659653746,0.0
43,27,stress_shift,102,16.270691866897636,89.1804864315602,0.6001585789773992,97,36.73512290042448,0.866626567114505,True,120,True,23.89753522316155,normal,64.27115974777718,23.34675720518551,0.0
43,28,stress_shift,112,18.949999674093736,80.08280258860941,0.5970592713966555,99,36.68439520528403,0.9016882940311687,True,120,True,24.945681664111397,normal,65.94119664467446,21.63200020858001,0.0
43,29,stress_shift,98,20.29803336375438,79.83587747135553,0.5792539571912277,97,36.52461168350115,0.8687715458952109,True,120,True,22.145253064710122,normal,61.285331321550515,20.769258647197198,0.0
43,30,stress_shift,108,19.67976486952992,82.84411930166813,0.6030775887293237,99,36.54712783001083,0.9171681907532022,True,120,True,24.38270932747399,normal,66.24735417249056,21.164950483500853,0.0
43,31,stress_shift,98,20.790174664761086,86.62625536230605,0.6322034299914722,99,36.66617603782991,0.8833398840140021,True,120,True,21.92595780832475,normal,60.44901368514981,20.454288214552903,0.0
43,32,stress_shift,108,20.84214003823415,82.81086089076264,0.6815093814904694,99,36.545278164634865,0.9230817639520307,True,120,True,24.05760091779361,normal,65.43573028830787,20.421030375530144,0.0
43,33,stress_shift,104,15.16869119519452,86.33003390486068,0.5565931123341521,99,36.75577261037813,0.865248321243727,True,120,True,24.669321141429258,normal,66.19310809447937,24.052037635075507,0.0
43,34,stress_shift,107,18.532980894642684,86.17328769108477,0.6239128535901862,99,36.5925589375596,0.9124452086829473,True,120,True,24.490869239162993,normal,66.35353513816412,21.898892227428682,0.0
43,35,stress_shift,114,16.362047997691903,78.998877281903,0.687671340416519,98,36.76585936533602,0.9286201554806406,True,120,True,25.856571407647408,normal,66.90036033157453,23.288289281477184,0.0
43,36,stress_shift,100,19.069636124873437,75.16585483665293,0.6619050493636283,97,36.501133253488376,0.9307200234030052,True,120,True,22.697686719950543,normal,61.613714911542615,21.555432880081,0.0
43,37,stress_shift,113,20.610507301901237,78.69276024036262,0.6013099112963216,97,36.54789178025625,0.8725584190167762,True,120,True,24.628384723000117,normal,65.13165190110196,20.569275326783206,0.0
43,38,stress_shift,97,16.47602784342534,75.62721486916544,0.6164333419002186,99,36.68586982436858,0.8681620037538043,True,120,True,22.689825828721535,normal,61.13732063787573,23.215342180207784,0.0
43,39,stress_shift,102,19.219348402186007,85.4367454571861,0.5742043394967915,98,36.62666047221405,0.9047279333844006,True,120,True,23.1565029250053,normal,63.122532807416775,21.459617022600955,0.0
43,0,exercise,129,26.494781986639413,56.47034500694725,0.6026729513804104,97,36.742468248560904,0.8962276960072295,True,0,False,19.55300247129696,normal,39.85790880009701,8.803339528550776,0.0
43,1,exercise,122,25.298239385362063,53.73215975814574,0.6426665505936787,98,36.7319317584492,0.9000941270056639,True,0,False,18.839986570612123,normal,39.400561153792886,9.56912679336828,0.0
43,2,exercise,127,34.412161839381355,56.623640547451075,0.5523913077831951,97,36.68984037626587,0.9109973479439415,True,0,False,17.531753470857915,normal,37.92213252218476,3.7362164227959327,0.0
43,3,exercise,145,23.9481140207289,54.8716235171301,0.6815260934873996,99,36.601233813197474,0.9054938160936619,True,0,False,20.893593584181538,normal,40.54461357672611,10.433207026733504,0.0
43,4,exercise,121,20.935801733215264,63.821247928229084,0.66079769501313,97,36.66457032193792,0.8604517328481892,True,0,False,20.59960642307233,normal,45.50592869227543,12.36108689074223,0.0
43,5,exercise,134,30.628460263957827,63.54337999577641,0.6129189618567282,98,36.54880243711586,0.8983438955440967,True,0,False,19.968110021416322,normal,42.82807364831041,6.157785431066991,0.0
43,6,exercise,138,25.091741385217148,51.962480989345465,0.6026537144610633,97,36.58249529759836,0.9179120665512691,True,0,False,20.32374933987884,normal,38.66626298003896,9.701285513461025,0.0
43,7,exercise,138,21.39733223102368,56.78875241304166,0.566662902278596,99,36.70444834806193,0.9172616339936484,True,0,False,21.549722932723906,normal,41.89395620096081,12.065707372144844,0.0
43,8,exercise,141,20.494596016199583,57.02791588539694,0.6213279821227725,98,36.61478669236343,0.8773995744430538,True,0,False,21.90662714540926,normal,42.87552812909215,12.643458549632266,0.0
43,9,exercise,134,34.85205913878348,54.35549315791356,0.6451139166989248,97,36.70189788464782,0.9075835215479288,True,0,False,18.076926251190915,normal,36.43576195994895,3.454682151178572,0.0
43,10,exercise,141,26.641151058548903,59.7656707332098,0.6517196736831283,98,36.58410475065636,0.8632017253204541,True,0,False,20.705259516393774,normal,42.22129924779929,8.709663322528701,0.0
43,11,exercise,144,22.40322006722137,53.89116921614636,0.5767842375554137,99,36.735430217709286,0.9313318521241121,True,0,False,21.048026026709888,normal,40.08174155785768,11.421939156978324,0.0
43,12,exercise,132,34.06133430198125,56.85105335090886,0.6564007320190697,98,36.57260914609486,0.8946208156660868,True,0,False,18.34319254469299,normal,38.472385984602525,3.9607460467320017,0.0
43,13,exercise,136,27.94330940128269,57.517523947117866,0.5513561942723547,97,36.57037533416867,0.8970346387024332,True,0,False,20.128382516490944,normal,40.50325001565453,7.876281983179078,0.0
43,14,exercise,141,30.251505947268992,52.85372769512491,0.6101312601560954,98,36.699461688623,0.8575858189091893,True,0,False,19.171575928370366,normal,37.354565907485096,6.399036193747845,0.0
43,15,exercise,133,33.66993578798561,63.7706237174023,0.6324269278961496,97,36.57113170936399,0.9089135244221055,True,0,False,19.137674780184405,normal,41.86551803787363,4.211241095689211,0.0
43,16,exercise,131,21.602220010293017,64.34819141110508,0.5684536365952422,98,36.707110152300075,0.8726311854561098,True,0,False,21.630766242092008,normal,45.26713697055195,11.934579193412468,0.0
43,17,exercise,123,32.570940384561254,61.28200810567128,0.6610091758316804,98,36.523769852749865,0.9285601121904676,True,0,False,17.943366176471176,normal,40.896267967262304,4.914598153880798,0.0
43,18,exercise,126,21.346875133078175,58.3193535101966,0.6198855611102251,98,36.63556400150611,0.925899183150124,True,0,False,20.615107383523288,normal,42.67492567672528,12.097999914829968,0.0
43,19,exercise,136,25.202308911348837,59.91734172044563,0.6389481252953411,98,36.78259165608813,0.8921713546367658,True,0,False,20.97935170682188,normal,42.34600951735837,9.630522296736745,0.0
43,20,exercise,134,34.64063183339523,55.87978491898291,0.6880273788878317,99,36.77207489936312,0.9073168427459197,True,0,False,18.25613305187445,normal,37.13724140906,3.5899956266270507,0.0
43,21,exercise,126,30.194471588132373,64.96413290615715,0.627334526283319,97,36.75771794652798,0.8898288748913457,True,0,False,19.107228329188917,normal,43.035169456824605,6.4355381835952805,0.0
43,22,exercise,126,20.80100839723508,64.22609258955904,0.6109459372476685,97,36.51085447556931,0.9009239345941014,True,0,False,21.231891677098414,normal,45.579230699807304,12.447354625769549,0.0
43,23,exercise,123,25.54052828859514,53.58232939541721,0.5588284338120614,98,36.60286865886244,0.9141457053489933,True,0,False,18.853022288960133,normal,39.19770262297747,9.41406189529911,0.0
43,24,exercise,135,26.43888172663067,61.737954154408484,0.6404670859195212,98,36.592234789867966,0.9309834963855375,True,0,False,20.905674193036013,normal,43.156908134422636,8.839115694956371,0.0
43,25,exercise,140,27.35944108116739,62.321058937502464,0.61740551604592,99,36.56375679999937,0.8616549837916025,True,0,False,20.69356864713141,normal,42.934829057186946,8.24995770805287,0.0
43,26,exercise,123,22.888902360186535,54.23381410789367,0.6292380405029617,99,36.63774004407397,0.9096649683916354,True,0,False,19.62288966788062,normal,40.712327391630204,11.111102489480619,0.0
43,27,exercise,129,21.906037800346457,64.1804864315602,0.6001585789773992,97,36.73512290042448,0.866626567114505,True,0,False,21.38261061824105,normal,45.488162078735186,11.740135807778266,0.0
43,28,exercise,137,25.9249995111406,55.08280258860942,0.5970592713966555,99,36.68439520528403,0.9016882940311687,True,0,False,20.41631219260083,normal,40.015842276675485,9.168000312870015,0.0
43,29,exercise,132,27.947050045631574,54.83587747135553,0.5792539571912277,97,36.52461168350115,0.8687715458952109,True,0,False,19.52483310308909,normal,39.14151756039534,7.873887970795792,0.0
43,30,exercise,133,27.019647304294878,57.84411930166813,0.6030775887293237,99,36.54712783001083,0.9171681907532022,True,0,False,20.214816812159675,normal,41.32924453716584,8.467425725251278,0.0
43,31,exercise,127,28.68526199714163,61.626255362306054,0.6322034299914722,99,36.66617603782991,0.8833398840140021,True,0,False,19.240179807544383,normal,41.59027626103594,7.401432321829356,0.0
43,32,exercise,126,28.76321005735122,57.81086089076264,0.6815093814904694,99,36.545278164634865,0.9230817639520307,True,0,False,19.04099291920517,normal,41.14411574998121,7.351545563295219,0.0
43,33,exercise,138,20.25303679279178,61.330033904860684,0.5565931123341521,99,36.75577261037813,0.865248321243727,True,0,False,22.286904761260487,normal,44.87740467516495,12.798056452613261,0.0
43,34,exercise,123,25.29947134196403,61.17328769108477,0.6239128535901862,99,36.5925589375596,0.9124452086829473,True,0,False,19.669928779751398,normal,43.36874980297377,9.568338341143022,0.0
43,35,exercise,129,22.043071996537854,53.998877281903006,0.687671340416519,98,36.76585936533602,0.9286201554806406,True,0,False,20.526158176718308,normal,40.69237278844589,11.652433922215772,0.0
43,36,exercise,145,26.104454187310154,50.165854836652926,0.6619050493636283,97,36.501133253488376,0.9307200234030052,True,0,False,19.939089766313074,normal,37.4137296397639,9.053149320121502,0.0
43,37,exercise,129,28.415760952851855,53.69276024036262,0.6013099112963216,97,36.54789178025625,0.8725584190167762,True,0,False,18.964139039727648,normal,38.4893887008143,7.573912990174813,0.0
43,38,exercise,124,22.214041765138006,50.62721486916544,0.6164333419002186,99,36.68586982436858,0.8681620037538043,True,0,False,19.5349596740862,normal,38.9006519629355,11.543013270311675,0.0
43,39,exercise,125,26.329022603279007,60.436745457186106,0.5742043394967915,98,36.62666047221405,0.9047279333844006,True,0,False,19.499866771677894,normal,42.17891760975841,8.909425533901436,0.0
43,0,ecg_scalar_shift,76,53.08432334287218,31.226642708499554,1.8225927336006924,97,36.742468248560904,0.8962276960072295,True,120,True,17.257158600516767,normal,9.922104670584469,70.57346078535295,0.0
43,1,ecg_scalar_shift,68,51.48660635125467,30.64385961372691,1.73458030329113,98,36.7319317584492,0.9000941270056639,True,120,True,15.64115693996441,normal,8.327689322864757,68.07977525991535,0.0
43,2,ecg_scalar_shift,68,46.312049578398636,35.181570269510935,1.8981217949414575,97,36.68984037626587,0.9109973479439415,True,120,True,17.40544978473881,normal,11.688652562108762,72.71345085667463,0.0
43,3,ecg_scalar_shift,73,52.82002254063543,33.21855302725605,1.6808831312155952,99,36.601233813197474,0.9054938160936619,True,120,True,16.038757002171458,normal,9.118873927526218,66.55835538444187,0.0
43,4,ecg_scalar_shift,76,54.579600005148116,31.818294169602307,1.6053034754466617,97,36.66457032193792,0.8604517328481892,True,120,True,16.081395396380312,normal,10.068775955144082,64.41693180432208,0.0
43,5,ecg_scalar_shift,72,46.14036387670082,30.29010306982343,1.905840473498595,98,36.54880243711586,0.8983438955440967,True,120,True,17.587516927383035,normal,9.697677534547445,72.93214674912686,0.0
43,6,ecg_scalar_shift,73,52.577700922620515,28.085702654992804,1.96932465237215,97,36.58249529759836,0.9179120665512691,True,120,True,17.551384856386008,normal,9.26523199283281,74.73086515054425,0.0
43,7,ecg_scalar_shift,73,45.69128033938509,35.36565389213824,1.7337725761328802,99,36.70444834806193,0.9172616339936484,True,120,True,17.34912848714895,normal,12.410779199546237,68.05688965709828,0.0
43,8,ecg_scalar_shift,69,46.59588726586854,33.66799728492501,1.920699450471917,98,36.61478669236343,0.8773995744430538,True,120,True,17.416822878757728,normal,10.530301719395887,73.35315109670432,0.0
43,9,ecg_scalar_shift,68,48.95723079801257,31.410971719295453,1.837595885962657,97,36.70189788464782,0.9075835215479288,True,120,True,16.298328890992234,normal,8.176595761273255,70.99855010227529,0.0
43,10,ecg_scalar_shift,68,46.4697703442542,32.65788269758927,1.9282352669320804,98,36.58410475065636,0.8632017253204541,True,120,True,17.30806432750657,normal,10.349484297256007,73.56666589640895,0.0
43,11,ecg_scalar_shift,71,51.79066892487891,32.5215650242951,1.6725040559775075,99,36.735430217709286,0.9313318521241121,True,120,True,15.644201145792138,normal,8.16675202309101,66.32094825269604,0.0
43,12,ecg_scalar_shift,69,49.69355699530084,32.30022988770054,1.9298978356642196,98,36.57260914609486,0.8946208156660868,True,120,True,16.963848851812454,normal,8.834884370957871,73.61377201048623,0.0
43,13,ecg_scalar_shift,69,51.65375365962221,33.191382891568125,1.8041146174953997,97,36.57037533416867,0.8970346387024332,True,120,True,16.192596443057464,normal,8.79851973575418,70.04991416236966,0.0
43,14,ecg_scalar_shift,71,50.61819797218466,31.13557612219503,1.8419833501679712,98,36.699461688623,0.8575858189091893,True,120,True,16.549220304909056,normal,7.9832886040699025,71.12286158809252,0.0
43,15,ecg_scalar_shift,68,50.22849047391011,33.743298591025734,1.9605583516100915,97,36.57113170936399,0.9089135244221055,True,120,True,17.119138796941105,normal,9.696646217958644,74.4824866289526,0.0
43,16,ecg_scalar_shift,73,47.08005635950584,34.82532578882332,1.8804845395887335,98,36.707110152300075,0.8726311854561098,True,120,True,17.827589289272797,normal,11.39702520617013,72.21372862168079,0.0
43,17,ecg_scalar_shift,76,46.189074031466795,33.29179482658107,1.9458034391345462,98,36.523769852749865,0.9285601121904676,True,120,True,18.905127985282164,normal,13.178655312474,74.06443077547881,0.0
43,18,ecg_scalar_shift,74,54.91958160760122,32.992480295066144,1.7870918306404104,98,36.63556400150611,0.925899183150124,True,120,True,16.682990076840337,normal,9.740927056638293,69.56760186814496,0.0
43,19,ecg_scalar_shift,70,46.75264966811398,31.07734661714958,1.7566204349601884,98,36.78259165608813,0.8921713546367658,True,120,True,16.469501454511256,normal,9.290100402754135,68.70424565720535,0.0
43,20,ecg_scalar_shift,68,46.20750368785017,35.092832342979385,1.7356844573499028,99,36.77207489936312,0.9073168427459197,True,120,True,16.449426033285974,normal,10.943292641479637,68.11105962491392,0.0
43,21,ecg_scalar_shift,72,49.234118554848415,34.45506418710739,1.6713043024528964,97,36.75771794652798,0.8898288748913457,True,120,True,16.321618965477334,normal,10.39046136897321,66.2869552361654,0.0
43,22,ecg_scalar_shift,73,52.11696383997531,29.52375508995244,1.6452610136669892,97,36.51085447556931,0.9009239345941014,True,120,True,15.76183192739921,normal,8.344182058311194,65.54906205389803,0.0
43,23,ecg_scalar_shift,74,48.08038761526923,34.51399151543018,1.723801965622212,98,36.60286865886244,0.9141457053489933,True,120,True,17.111326467291477,normal,11.52549654686177,67.77438902596268,0.0
43,24,ecg_scalar_shift,73,48.63296898469062,29.1723030206973,1.8421140176929796,98,36.592234789867966,0.9309834963855375,True,120,True,17.130359379943684,normal,9.152977445420854,71.12656383463442,0.0
43,25,ecg_scalar_shift,75,49.37464684234441,35.411655085797086,1.7344559922535105,99,36.56375679999937,0.8616549837916025,True,120,True,17.32473907068493,normal,12.180269192044229,68.07625311384948,0.0
43,26,ecg_scalar_shift,69,53.27351300839534,32.949320584124365,1.845783052422385,99,36.63774004407397,0.9096649683916354,True,120,True,16.377101449904764,normal,9.208572144085823,71.23051981863425,0.0
43,27,ecg_scalar_shift,76,48.118478333668406,33.10344480077743,1.7358303282471574,97,36.73512290042448,0.866626567114505,True,120,True,17.37739579714351,normal,11.314252641583462,68.11519263366947,0.0
43,28,ecg_scalar_shift,72,49.37357107939754,29.590656840822668,1.7721843314021826,99,36.68439520528403,0.9016882940311687,True,120,True,16.43424852314742,normal,8.20661135389598,69.14522272306185,0.0
43,29,ecg_scalar_shift,75,47.66191943607477,28.47305306113561,1.8524466411167484,97,36.52461168350115,0.8687715458952109,True,120,True,17.74029982113974,normal,10.547776358716789,71.41932149830788,0.0
43,30,ecg_scalar_shift,68,45.848655009498415,29.611605438681472,1.9671390994428888,99,36.54712783001083,0.9171681907532022,True,120,True,17.561773241551702,normal,10.43980559121435,74.66894115088185,0.0
43,31,ecg_scalar_shift,71,49.045379548359016,30.440914370542536,1.7360096650690362,99,36.66617603782991,0.8833398840140021,True,120,True,16.190583045746994,normal,8.444208951224072,68.1202738436227,0.0
43,32,ecg_scalar_shift,69,47.45722797133888,33.72577055913847,1.929609148455304,99,36.545278164634865,0.9230817639520307,True,120,True,17.459700061517612,normal,10.81685249060163,73.60559253956694,0.0
43,33,ecg_scalar_shift,69,45.770181559637166,29.6474832620738,1.7446868420149957,99,36.75577261037813,0.865248321243727,True,120,True,16.517546624088943,normal,10.233004757879064,68.36612719042488,0.0
43,34,ecg_scalar_shift,72,50.41809742091566,35.6409764773354,1.7954052786627357,99,36.5925589375596,0.9124452086829473,True,120,True,16.93701435565159,normal,10.70658325913046,69.80314956211085,0.0
43,35,ecg_scalar_shift,71,47.50144958103169,29.31123312631125,1.8224362586027527,98,36.76585936533602,0.9286201554806406,True,120,True,16.87549556903839,normal,9.261374894289196,70.569027327078,0.0
43,36,ecg_scalar_shift,71,46.54532621909269,33.35831133589067,1.9652874541490186,97,36.501133253488376,0.9307200234030052,True,120,True,17.89026074064644,normal,10.517624291909437,74.61647786755553,0.0
43,37,ecg_scalar_shift,69,52.68907528347137,32.979312183102024,1.9114146070511662,97,36.54789178025625,0.8725584190167762,True,120,True,16.720549769542203,normal,9.052968285552526,73.09008053311638,0.0
43,38,ecg_scalar_shift,69,53.44086667951004,28.483321782860784,1.969375944577464,99,36.68586982436858,0.8681620037538043,True,120,True,16.845872831613647,normal,8.369499951479767,74.7323184296948,0.0
43,39,ecg_scalar_shift,71,52.94875502033877,35.74464966867361,1.7090370846448388,98,36.62666047221405,0.9047279333844006,True,120,True,16.176046916219377,normal,10.49075928624122,67.35605073160377,0.0
43,0,poor_contact,153,8.564015194690906,92.93401965295536,1.9005643479474172,81,39.0,0.2787778200802077,False,120,True,22.804608863380185,normal,78.5170436989212,0.0,0.0
43,1,poor_contact,167,9.526630548857396,86.0830797783388,1.8807336240732166,80,39.0,0.252374090987339,False,120,True,22.79283335749857,normal,78.42618331403217,0.0,0.0
43,2,poor_contact,156,10.504861032771213,85.51019696444106,1.8652713143824435,84,39.0,0.30143653848243723,False,120,True,22.76299348292698,normal,78.19593736826376,0.0,0.0
43,3,poor_contact,141,10.398933188233203,93.01567285069041,1.8429885785671005,80,39.0,0.23626493936467846,False,120,True,22.746173898857354,normal,78.06615662698577,0.0,0.0
43,4,poor_contact,160,8.02408692590475,93.3540798699152,1.825028232831518,80,39.0,0.2135910426339985,False,120,True,22.901695306073012,normal,79.26616748513128,0.0,0.0
43,5,poor_contact,145,13.821087832928342,87.07239411733286,1.86864745062127,84,39.0,0.30375214204957846,False,120,True,22.567412161312923,normal,76.6868222323528,0.0,0.0
43,6,poor_contact,147,12.495465510248449,91.93879412561199,1.8446935281800547,85,39.0,0.32279739571164495,False,120,True,22.673237859401556,normal,77.5033785447651,0.0,0.0
43,7,poor_contact,140,10.255385574325086,85.40215172260967,1.853904161299801,88,39.0,0.25213177283986404,False,120,True,20.532704874309996,normal,77.65358699313268,0.0,0.0
43,8,poor_contact,147,13.932773409328426,94.74896845134893,1.8705362706100344,85,39.0,0.3082098351415751,False,120,True,22.57163023410087,normal,76.7193690902845,0.0,0.0
43,9,poor_contact,165,8.4548613299642,93.45027186045824,1.8477944097958443,84,39.0,0.28327876578879707,False,120,True,22.77530562520655,normal,78.29093846609992,0.0,0.0
43,10,poor_contact,149,11.830173396753127,91.78774763643102,1.9810008145951976,85,39.0,0.3104705800796241,False,120,True,22.64308616931467,normal,77.27072661508235,0.0,0.0
43,11,poor_contact,179,13.345529325478555,90.46760631525436,1.9024031080327797,86,39.0,0.23375121679325223,False,120,True,21.822233100666644,normal,76.49253935699574,0.0,0.0
43,12,poor_contact,175,12.74402814702953,93.30961349330249,1.9091331601971302,83,39.0,0.31096935069926585,False,120,True,22.648425111590385,normal,77.31192215733321,0.0,0.0
43,13,poor_contact,175,12.37161779744439,85.9006139932703,1.854103595077269,82,39.0,0.27323438524861987,False,120,True,22.66231121557137,normal,77.41906802138405,0.0,0.0
43,14,poor_contact,162,9.199493087932488,92.62675401064978,1.9858751993063513,89,39.0,0.2845950050503913,False,120,True,19.903501847889203,normal,78.35418092507103,0.0,0.0
43,15,poor_contact,142,9.629903657916282,87.44447463228981,1.9249261622289346,89,39.0,0.3201675054830274,False,120,True,20.457463564461115,normal,82.62857688627403,0.0,0.0
43,16,poor_contact,149,11.316897635570456,92.95325104915841,1.9410778641681983,89,39.0,0.29614536187662005,False,120,True,19.744731393976924,normal,77.12910026216763,0.0,0.0
43,17,poor_contact,176,12.769698949860544,85.9595256454176,1.8747159574354368,89,39.0,0.31574103174036383,False,120,True,19.73353587507153,normal,77.0427150854285,0.0,0.0
43,18,poor_contact,153,8.731459037965719,94.4149390342657,1.9668773348119237,89,39.0,0.2681275491921231,False,120,True,19.92788499826189,normal,78.54232251745289,0.0,0.0
43,19,poor_contact,163,11.974984255095244,85.11885681597123,1.8694462463194728,83,39.0,0.25898613048805647,False,120,True,22.607891992235068,normal,76.99916660675207,0.0,0.0
43,20,poor_contact,143,14.045456431453662,91.58365487974622,1.83133760977836,80,39.0,0.25270533720497085,False,120,True,22.518432620241782,normal,76.30889367470512,0.0,0.0
43,21,poor_contact,155,12.738743105143282,86.97689974396593,1.899193837542338,81,39.0,0.2333912907358689,False,120,True,22.632099187771203,normal,77.18595052292596,0.0,0.0
43,22,poor_contact,172,12.987850901837579,87.81009845229791,1.8690090460207374,84,39.0,0.22557830410009672,False,120,True,22.558416482438474,normal,76.61741112992652,0.0,0.0
43,23,poor_contact,177,13.786905400350202,89.64379205164428,1.8158506863681685,80,39.0,0.24914058968666364,False,120,True,22.557471915446985,normal,76.6101228043749,0.0,0.0
43,24,poor_contact,148,14.054005297666434,93.13576018701805,1.84477076656996,81,39.0,0.28463420530789385,False,120,True,22.571330206627906,normal,76.71705406348694,0.0,0.0
43,25,poor_contact,149,9.00131496105203,90.96847846459336,1.803171079173833,80,39.0,0.2523367976760531,False,120,True,22.859634762111483,normal,78.94162625086024,0.0,0.0
43,26,poor_contact,142,10.490056486734794,92.7624327928711,1.8881711906753813,83,39.0,0.28573491572671544,False,120,True,23.312606160187926,normal,82.43677592737599,0.0,0.0
43,27,poor_contact,151,13.030123691973488,94.13150531507235,1.9696868872475817,86,39.0,0.25274909847414717,False,120,True,21.883328798839933,normal,76.96395678117236,0.0,0.0
43,28,poor_contact,180,12.813981539876817,94.7379043260465,1.9582159631292777,85,39.0,0.26365529942065474,False,120,True,22.59717872459033,normal,76.916502504555,0.0,0.0
43,29,poor_contact,167,8.976138115452185,93.48163154993036,1.9873324210104004,87,39.0,0.2877339923350245,False,120,True,21.397548580273273,normal,78.77120818112095,0.0,0.0
43,30,poor_contact,159,10.721059897038618,93.8842778865364,1.9107349050728244,89,39.0,0.32214172983286665,False,120,True,19.91452319985705,normal,78.43922222111922,0.0,0.0
43,31,poor_contact,163,14.942383321606872,88.52277735326103,1.9823254874000382,83,39.0,0.25280289952071083,False,120,True,22.470854790491874,normal,75.94178079083237,0.0,0.0
43,32,poor_contact,162,9.158368247754133,87.97524737646677,1.9253548038753858,86,39.0,0.3108827445365912,False,120,True,22.11750396484461,normal,78.77086392627012,0.0,0.0
43,33,poor_contact,168,9.807572443463721,89.6983929553331,1.835091996068709,89,39.0,0.25540605260449867,False,120,True,19.897886667036154,normal,78.310853912316,0.0,0.0
43,34,poor_contact,169,14.15428958275253,91.7020365290567,1.8990414310250399,88,39.0,0.27062158359882066,False,120,True,20.957461153124736,normal,80.93102741608595,0.0,0.0
43,35,poor_contact,141,9.552990555867483,90.44166138092913,1.9299730909693542,84,39.0,0.2787308775808258,False,120,True,22.780800227853895,normal,78.33333509146524,0.0,0.0
43,36,poor_contact,161,14.698237742104109,93.38126683195249,1.8480500271105227,89,39.0,0.3215862362447056,False,120,True,19.627996804389475,normal,76.2283704042398,0.0,0.0
43,37,poor_contact,176,10.104761926539409,90.28176378665091,1.8569707275961531,85,39.0,0.30542438211534984,False,120,True,22.75372815002345,normal,78.12444560203278,0.0,0.0
43,38,poor_contact,168,12.530028183694544,86.84323915440936,1.9587492191462177,81,39.0,0.32281278337323915,False,120,True,22.63860610145158,normal,77.2361581902128,0.0,0.0
43,39,poor_contact,150,11.722992440537206,88.33256824266823,1.8567753624558556,88,39.0,0.24471112539345158,False,120,True,20.46725020326073,normal,77.14853551898712,0.0,0.0
43,0,missing,0,,,,,0.0,0.172,False,120,True,0.9003182368507928,normal,6.946899975700562,0.0,0.0
43,1,missing,0,,,,,0.0,0.172,False,120,True,0.9462494699606928,normal,7.301307638585593,0.0,0.0
43,2,missing,0,,,,,0.0,0.172,False,120,True,0.969285821730734,normal,7.479057266440849,0.0,0.0
43,3,missing,0,,,,,0.0,0.172,False,120,True,0.9369780031742124,normal,7.229768543010899,0.0,0.0
43,4,missing,0,,,,,0.0,0.172,False,120,True,0.9759576998364755,normal,7.530537807380212,0.0,0.0
43,5,missing,0,,,,,0.0,0.172,False,120,True,0.9569486677974681,normal,7.383863177449601,0.0,0.0
43,6,missing,0,,,,,0.0,0.172,False,120,True,0.9710414026215194,normal,7.492603415289502,0.0,0.0
43,7,missing,0,,,,,0.0,0.172,False,120,True,0.8746100750511225,normal,6.748534529715451,0.0,0.0
43,8,missing,0,,,,,0.0,0.172,False,120,True,0.9649425450500108,normal,7.445544329089589,0.0,0.0
43,9,missing,0,,,,,0.0,0.172,False,120,True,0.873229084236469,normal,6.737878736392509,0.0,0.0
43,10,missing,0,,,,,0.0,0.172,False,120,True,0.9195294603584673,normal,7.095134724988174,0.0,0.0
43,11,missing,0,,,,,0.0,0.172,False,120,True,0.899696334560395,normal,6.942101346916628,0.0,0.0
43,12,missing,0,,,,,0.0,0.172,False,120,True,0.9694658209813549,normal,7.480446149547492,0.0,0.0
43,13,missing,0,,,,,0.0,0.172,False,120,True,0.9637667638987123,normal,7.436471943662903,0.0,0.0
43,14,missing,0,,,,,0.0,0.172,False,120,True,0.9193436940657572,normal,7.093701343099979,0.0,0.0
43,15,missing,0,,,,,0.0,0.172,False,120,True,0.9801407506877827,normal,7.5628144343193116,0.0,0.0
43,16,missing,0,,,,,0.0,0.172,False,120,True,0.8711936245847905,normal,6.722173029203631,0.0,0.0
43,17,missing,0,,,,,0.0,0.172,False,120,True,0.9236117891762033,normal,7.126634175742311,0.0,0.0
43,18,missing,0,,,,,0.0,0.172,False,120,True,0.914119710169088,normal,7.053392825378766,0.0,0.0
43,19,missing,0,,,,,0.0,0.172,False,120,True,0.8923522330932047,normal,6.88543389732411,0.0,0.0
43,20,missing,0,,,,,0.0,0.172,False,120,True,0.9147228068114144,normal,7.058046348853506,0.0,0.0
43,21,missing,0,,,,,0.0,0.172,False,120,True,0.9526828231684757,normal,7.350947709633301,0.0,0.0
43,22,missing,0,,,,,0.0,0.172,False,120,True,0.8824338319429198,normal,6.808903024250925,0.0,0.0
43,23,missing,0,,,,,0.0,0.172,False,120,True,0.9254702665703111,normal,7.140974279091907,0.0,0.0
43,24,missing,0,,,,,0.0,0.172,False,120,True,0.9697397688813114,normal,7.482559945071848,0.0,0.0
43,25,missing,0,,,,,0.0,0.172,False,120,True,0.9822300041864639,normal,7.578935217488148,0.0,0.0
43,26,missing,0,,,,,0.0,0.172,False,120,True,1.0020748395024033,normal,7.732058946777803,0.0,0.0
43,27,missing,0,,,,,0.0,0.172,False,120,True,0.9427798211573337,normal,7.274535657078193,0.0,0.0
43,28,missing,0,,,,,0.0,0.172,False,120,True,0.9293234366161824,normal,7.170705529445852,0.0,0.0
43,29,missing,0,,,,,0.0,0.172,False,120,True,0.9646960136489554,normal,7.443642080624657,0.0,0.0
43,30,missing,0,,,,,0.0,0.172,False,120,True,1.005257681809773,normal,7.7566179151988655,0.0,0.0
43,31,missing,0,,,,,0.0,0.172,False,120,True,0.9118776812349941,normal,7.03609321940582,0.0,0.0
43,32,missing,0,,,,,0.0,0.172,False,120,True,0.9745047681750361,normal,7.519326914930835,0.0,0.0
43,33,missing,0,,,,,0.0,0.172,False,120,True,0.9373835623137143,normal,7.232897857358908,0.0,0.0
43,34,missing,0,,,,,0.0,0.172,False,120,True,0.9892910274585174,normal,7.63341842174782,0.0,0.0
43,35,missing,0,,,,,0.0,0.172,False,120,True,0.9341767176317372,normal,7.208153685430071,0.0,0.0
43,36,missing,0,,,,,0.0,0.172,False,120,True,0.9324817261910213,normal,7.195075047770227,0.0,0.0
43,37,missing,0,,,,,0.0,0.172,False,120,True,0.9329429134410783,normal,7.198633591366345,0.0,0.0
43,38,missing,0,,,,,0.0,0.172,False,120,True,0.948768419270497,normal,7.320743975852602,0.0,0.0
43,39,missing,0,,,,,0.0,0.172,False,120,True,0.8966922364081636,normal,6.918921577223485,0.0,0.0
43,0,fall_inactive,76,53.08432334287218,31.226642708499554,0.6026729513804104,97,36.742468248560904,0.8682276960072294,True,0,False,82.0,criticalReview,9.933418956298757,3.36,92.0
43,1,fall_inactive,68,51.48660635125467,30.64385961372691,0.6426665505936787,98,36.7319317584492,0.8720941270056638,True,0,False,82.0,criticalReview,8.327689322864757,3.36,92.0
43,2,fall_inactive,68,46.312049578398636,35.181570269510935,0.5523913077831951,97,36.68984037626587,0.8829973479439415,True,0,False,82.0,criticalReview,11.687794939555143,3.36,92.0
43,3,fall_inactive,73,52.82002254063543,33.21855302725605,0.6815260934873996,99,36.601233813197474,0.877493816093662,True,0,False,82.0,criticalReview,9.000317995880549,3.36,92.0
43,4,fall_inactive,76,54.579600005148116,31.818294169602307,0.66079769501313,97,36.66457032193792,0.8324517328481891,True,0,False,82.0,criticalReview,10.023518812286936,3.36,92.0
43,5,fall_inactive,72,46.14036387670082,30.29010306982343,0.6129189618567282,98,36.54880243711586,0.8703438955440967,True,0,False,82.0,criticalReview,9.696283248544765,3.36,92.0
43,6,fall_inactive,73,52.577700922620515,28.085702654992804,0.6026537144610633,97,36.58249529759836,0.889912066551269,True,0,False,82.0,criticalReview,9.174717707118523,3.36,92.0
43,7,fall_inactive,73,45.69128033938509,35.36565389213824,0.566662902278596,99,36.70444834806193,0.8892616339936483,True,0,False,82.0,criticalReview,12.434678269327165,3.36,92.0
43,8,fall_inactive,69,46.59588726586854,33.66799728492501,0.6213279821227725,98,36.61478669236343,0.8493995744430537,True,0,False,82.0,criticalReview,10.508957635100199,3.36,92.0
43,9,fall_inactive,68,48.95723079801257,31.410971719295453,0.6451139166989248,97,36.70189788464782,0.8795835215479288,True,0,False,82.0,criticalReview,8.2449662610151,3.36,92.0
43,10,fall_inactive,68,46.4697703442542,32.65788269758927,0.6517196736831283,98,36.58410475065636,0.835201725320454,True,0,False,82.0,criticalReview,10.291036654648453,3.36,92.0
43,11,fall_inactive,71,51.79066892487891,32.5215650242951,0.5767842375554137,99,36.735430217709286,0.9033318521241119,True,0,False,82.0,criticalReview,8.202323566890385,3.36,92.0
43,12,fall_inactive,69,49.69355699530084,32.30022988770054,0.6564007320190697,98,36.57260914609486,0.8666208156660868,True,0,False,82.0,criticalReview,8.801254230796847,3.36,92.0
43,13,fall_inactive,69,51.65375365962221,33.191382891568125,0.5513561942723547,97,36.57037533416867,0.8690346387024332,True,0,False,82.0,criticalReview,8.770053940636657,3.36,92.0
43,14,fall_inactive,71,50.61819797218466,31.13557612219503,0.6101312601560954,98,36.699461688623,0.8295858189091891,True,0,False,82.0,criticalReview,7.9832886040699025,3.36,92.0
43,15,fall_inactive,68,50.22849047391011,33.743298591025734,0.6324269278961496,97,36.57113170936399,0.8809135244221056,True,0,False,82.0,criticalReview,9.621652999972545,3.36,92.0
43,16,fall_inactive,73,47.08005635950584,34.82532578882332,0.5684536365952422,98,36.707110152300075,0.8446311854561097,True,0,False,82.0,criticalReview,11.36655794556363,3.36,92.0
43,17,fall_inactive,76,46.189074031466795,33.29179482658107,0.6610091758316804,98,36.523769852749865,0.9005601121904677,True,0,False,82.0,criticalReview,13.002973590691749,3.36,92.0
43,18,fall_inactive,74,54.91958160760122,32.992480295066144,0.6198855611102251,98,36.63556400150611,0.897899183150124,True,0,False,82.0,criticalReview,9.76967804546861,3.36,92.0
43,19,fall_inactive,70,46.75264966811398,31.07734661714958,0.6389481252953411,98,36.78259165608813,0.8641713546367656,True,0,False,82.0,criticalReview,9.294214184967329,3.36,92.0
43,20,fall_inactive,68,46.20750368785017,35.092832342979385,0.6880273788878317,99,36.77207489936312,0.8793168427459197,True,0,False,82.0,criticalReview,11.000886545984677,3.36,92.0
43,21,fall_inactive,72,49.234118554848415,34.45506418710739,0.627334526283319,97,36.75771794652798,0.8618288748913455,True,0,False,82.0,criticalReview,10.267487368195528,3.36,92.0
43,22,fall_inactive,73,52.11696383997531,29.52375508995244,0.6109459372476685,97,36.51085447556931,0.8729239345941014,True,0,False,82.0,criticalReview,8.423382058311192,3.36,92.0
43,23,fall_inactive,74,48.08038761526923,34.51399151543018,0.5588284338120614,98,36.60286865886244,0.8861457053489932,True,0,False,82.0,criticalReview,11.447934810455042,3.36,92.0
43,24,fall_inactive,73,48.63296898469062,29.1723030206973,0.6404670859195212,98,36.592234789867966,0.9029834963855375,True,0,False,82.0,criticalReview,9.168912477283936,3.36,92.0
43,25,fall_inactive,75,49.37464684234441,35.411655085797086,0.61740551604592,99,36.56375679999937,0.8336549837916024,True,0,False,82.0,criticalReview,12.178737099790506,3.36,92.0
43,26,fall_inactive,69,53.27351300839534,32.949320584124365,0.6292380405029617,99,36.63774004407397,0.8816649683916353,True,0,False,82.0,criticalReview,9.243652015091993,3.36,92.0
43,27,fall_inactive,76,48.118478333668406,33.10344480077743,0.6001585789773992,97,36.73512290042448,0.838626567114505,True,0,False,82.0,criticalReview,11.305738947420204,3.36,92.0
43,28,fall_inactive,72,49.37357107939754,29.590656840822668,0.5970592713966555,99,36.68439520528403,0.8736882940311685,True,0,False,82.0,criticalReview,8.231422558650596,3.36,92.0
43,29,fall_inactive,75,47.66191943607477,28.47305306113561,0.5792539571912277,97,36.52461168350115,0.8407715458952107,True,0,False,82.0,criticalReview,10.53144352757512,3.36,92.0
43,30,fall_inactive,68,45.848655009498415,29.611605438681472,0.6030775887293237,99,36.54712783001083,0.8891681907532023,True,0,False,82.0,criticalReview,10.452172800818621,3.36,92.0
43,31,fall_inactive,71,49.045379548359016,30.440914370542536,0.6322034299914722,99,36.66617603782991,0.8553398840140021,True,0,False,82.0,criticalReview,8.456300777091931,3.36,92.0
43,32,fall_inactive,69,47.45722797133888,33.72577055913847,0.6815093814904694,99,36.545278164634865,0.8950817639520305,True,0,False,82.0,criticalReview,10.899430578277201,3.36,92.0
43,33,fall_inactive,69,45.770181559637166,29.6474832620738,0.5565931123341521,99,36.75577261037813,0.8372483212437268,True,0,False,82.0,criticalReview,10.236254957277428,3.36,92.0
43,34,fall_inactive,72,50.41809742091566,35.6409764773354,0.6239128535901862,99,36.5925589375596,0.8844452086829472,True,0,False,82.0,criticalReview,10.867451008541892,3.36,92.0
43,35,fall_inactive,71,47.50144958103169,29.31123312631125,0.687671340416519,98,36.76585936533602,0.9006201554806406,True,0,False,82.0,criticalReview,9.198710988754954,3.36,92.0
43,36,fall_inactive,71,46.54532621909269,33.35831133589067,0.6619050493636283,97,36.501133253488376,0.9027200234030053,True,0,False,82.0,criticalReview,10.482735828682817,3.36,92.0
43,37,fall_inactive,69,52.68907528347137,32.979312183102024,0.6013099112963216,97,36.54789178025625,0.8445584190167761,True,0,False,82.0,criticalReview,9.045741436149411,3.36,92.0
43,38,fall_inactive,69,53.44086667951004,28.483321782860784,0.6164333419002186,99,36.68586982436858,0.8401620037538043,True,0,False,82.0,criticalReview,8.369499951479767,3.36,92.0
43,39,fall_inactive,71,52.94875502033877,35.74464966867361,0.5742043394967915,98,36.62666047221405,0.8767279333844007,True,0,False,82.0,criticalReview,10.470005287745698,3.36,92.0
71,0,normal,73,53.07959811110294,31.633305973790016,0.6533947263783846,97,36.76131472786629,0.8961011408564292,True,120,True,5.818326669128735,normal,8.313984674140992,11.36,0.0
71,1,normal,73,53.13212953020218,29.73135296118387,0.5707837500868521,99,36.72595985926057,0.9140704862486754,True,120,True,5.911310855844977,normal,9.012477527370729,11.36,0.0
71,2,normal,68,45.98484127049445,30.24170440702304,0.5539963219887591,97,36.57258127560954,0.9024062020281345,True,120,True,6.012619114234855,normal,10.517423757590464,11.36,0.0
71,3,normal,71,46.873712120427804,35.503142388307616,0.6364958488367689,99,36.62980078725388,0.8532349742864034,True,120,True,6.670547895534343,normal,12.276776792103703,11.36,0.0
71,4,normal,75,52.23710626091328,35.002393660356255,0.6437168039935397,99,36.531475451089335,0.8812280026158206,True,120,True,6.782858002168782,normal,12.035546101095425,11.36,0.0
71,5,normal,75,46.111668819538956,35.70679708148944,0.5608578882386704,98,36.711432152276295,0.8909577700242632,True,120,True,7.560547868939572,normal,14.381064367933579,11.36,0.0
71,6,normal,69,47.34364518344882,32.467119414968586,0.6097032973373026,99,36.61123086202351,0.8603764646915474,True,120,True,5.931173667794557,normal,9.748199816731969,11.36,0.0
71,7,normal,71,52.883858750908,32.71353902996398,0.6825881609591663,98,36.79769642114094,0.8692785021196885,True,120,True,5.603209408807725,normal,8.354637117533862,11.36,0.0
71,8,normal,71,48.96976749618426,34.880599261587626,0.6457184690116058,97,36.70412664740155,0.9261298856673872,True,120,True,6.227951740420719,normal,10.531604321250757,11.36,0.0
71,9,normal,71,50.31279884175409,29.175535845035203,0.6760291809087143,97,36.77016126916535,0.8720933529594793,True,120,True,5.854781751358057,normal,8.867417578846931,11.36,0.0
71,10,normal,76,54.09149813830088,30.832080897835862,0.5712806606241689,97,36.58240266575239,0.900765723444251,True,120,True,6.394688606898248,normal,9.989086061122974,11.36,0.0
71,11,normal,70,54.71455526030529,34.62920426271472,0.6776644273044099,99,36.51933036711937,0.9298510902321716,True,120,True,5.722325638391439,normal,10.346386166694732,11.36,0.0
71,12,normal,69,49.339445597011036,28.905992935829133,0.595423166413044,99,36.62489157979222,0.8800117143843899,True,120,True,5.6436912409620446,normal,8.876296058612626,11.36,0.0
71,13,normal,70,47.08957540869112,33.457946938159736,0.6641562025200315,98,36.603020298343495,0.9272348265231567,True,120,True,6.2743854441900115,normal,10.777439996116827,11.36,0.0
71,14,normal,69,45.63864008312561,35.12538999424892,0.6777375286991533,99,36.75282990985795,0.9142631986950731,True,120,True,6.50967047748502,normal,12.231964597120443,11.36,0.0
71,15,normal,72,48.556417717452184,28.326176399589784,0.6391292746615457,97,36.76356776069574,0.90635220575293,True,120,True,6.142623742464698,normal,9.245309744846212,11.36,0.0
71,16,normal,68,47.95504853817972,29.563180340451208,0.6707512433483418,97,36.63737689660346,0.9122256786253411,True,120,True,5.733004364779381,normal,9.420842625674045,11.36,0.0
71,17,normal,73,52.792466529525456,32.38244601450523,0.6741599377300654,97,36.591545405605736,0.8915945493945034,True,120,True,5.92590058117506,normal,8.770234229021945,11.36,0.0
71,18,normal,74,54.37201925820588,33.254048403703784,0.666684395109625,99,36.66621036376925,0.876388354389006,True,120,True,6.3123632353671795,normal,10.802688009731236,11.36,0.0
71,19,normal,73,45.14847016046226,35.16472728998962,0.6071629925725233,97,36.59015656320793,0.9132583572279106,True,120,True,7.017138607256378,normal,12.295989593276275,11.36,0.0
71,20,normal,74,51.86112831245562,34.28250670484104,0.5896154664802716,97,36.693815836935606,0.9204050778061367,True,120,True,6.376458819977259,normal,10.434552009163731,11.36,0.0
71,21,normal,71,49.326462018946295,35.91019888850701,0.651652523087807,97,36.61403563498856,0.8966086099084626,True,120,True,6.355436086554267,normal,11.352661253664103,11.36,0.0
71,22,normal,76,53.29690835937621,33.86614667384424,0.5637882018290215,97,36.76101361788327,0.8580628926696342,True,120,True,6.82516938708452,normal,12.118005223646133,11.36,0.0
71,23,normal,68,52.52644587091967,33.796832192524235,0.5765281374818543,99,36.52630022512052,0.8575304061046163,True,120,True,5.481163788090116,normal,9.804651033687096,11.36,0.0
71,24,normal,72,53.19572557675002,32.524441823953644,0.6798615943592905,99,36.51827515628092,0.8642653817812482,True,120,True,5.728944695274459,normal,8.486518583399732,11.36,0.0
71,25,normal,73,46.75519271820037,30.689991561793253,0.5611931680473683,99,36.521316409407156,0.8728606056827253,True,120,True,6.496862691738254,normal,10.05766581153283,11.36,0.0
71,26,normal,71,47.259827746026815,28.520030172048305,0.5955773617151345,97,36.755356457827766,0.884766219415614,True,120,True,6.192504429653612,normal,9.836832391920765,11.36,0.0
71,27,normal,72,48.26102757916369,30.71193494983139,0.6583017924859906,99,36.79180970708385,0.8767146143980501,True,120,True,6.139939340186906,normal,9.089282701782786,11.36,0.0
71,28,normal,72,46.6928741108134,35.88629100238389,0.6416207465724426,99,36.600775495552185,0.872085965090411,True,120,True,6.750320246329963,normal,11.965707059141835,11.36,0.0
71,29,normal,76,53.70753525177586,34.562572019151105,0.6777730996653444,99,36.56966321092018,0.8958168001467296,True,120,True,6.765596734756102,normal,11.704749464308723,11.36,0.0
71,30,normal,74,46.65800674501314,35.96220960183722,0.6616069066502376,98,36.740459765514345,0.8618612244232932,True,120,True,7.29667850658722,normal,13.587377462861355,11.36,0.0
71,31,normal,71,54.33726469487891,30.96745073010746,0.5632073891252152,98,36.784134632256944,0.9005050850561371,True,120,True,5.455586203348497,normal,8.278420710156047,11.36,0.0
71,32,normal,73,52.47593044445248,29.660091063490835,0.6182670644607203,98,36.5631478186175,0.9028511354051874,True,120,True,5.892388772116899,normal,8.584188990445067,11.36,0.0
71,33,normal,68,51.576616680182966,29.137425932611144,0.6767783544616182,99,36.59692719599022,0.8563461632994811,True,120,True,5.242656333089254,normal,7.949427803328917,11.36,0.0
71,34,normal,74,46.50743191772803,31.60184172057895,0.6236586580396795,97,36.61662564042765,0.8830278084812614,True,120,True,6.912107602697668,normal,11.473428287783031,11.36,0.0
71,35,normal,69,51.78316401267242,29.381217743737025,0.6406618000296391,99,36.51237121162183,0.9315013501812588,True,120,True,5.466063181125799,normal,8.653262995827395,11.36,0.0
71,36,normal,71,53.533645756188854,28.728935357824536,0.6064967832880623,98,36.56266704325099,0.8766539286216922,True,120,True,5.503743245280626,normal,8.179617995825726,11.36,0.0
71,37,normal,71,49.107149399628945,32.946094609368416,0.619178341551823,98,36.635257044673416,0.9091292188483777,True,120,True,6.068467217447287,normal,9.746103278939882,11.36,0.0
71,38,normal,75,49.81845330968814,31.244123759895654,0.5535581487307579,97,36.663843415726845,0.8606632734250661,True,120,True,6.601044084504064,normal,10.359373951061698,11.36,0.0
71,39,normal,69,49.58629496889007,33.11832000307242,0.6523978585081726,99,36.713269753018054,0.8590382229848503,True,120,True,5.689984037272034,normal,9.106869737944193,11.36,0.0
71,0,stationary,73,53.07959811110294,31.633305973790016,0.6533947263783846,97,36.76131472786629,0.8961011408564292,True,0,False,15.698326669128736,normal,8.313984674140992,11.36,38.0
71,1,stationary,73,53.13212953020218,29.73135296118387,0.5707837500868521,99,36.72595985926057,0.9140704862486754,True,0,False,15.791310855844978,normal,9.012477527370729,11.36,38.0
71,2,stationary,68,45.98484127049445,30.24170440702304,0.5539963219887591,97,36.57258127560954,0.9024062020281345,True,0,False,15.892619114234856,normal,10.517423757590464,11.36,38.0
71,3,stationary,71,46.873712120427804,35.503142388307616,0.6364958488367689,99,36.62980078725388,0.8532349742864034,True,0,False,16.550547895534343,normal,12.276776792103703,11.36,38.0
71,4,stationary,75,52.23710626091328,35.002393660356255,0.6437168039935397,99,36.531475451089335,0.8812280026158206,True,0,False,16.662858002168782,normal,12.035546101095425,11.36,38.0
71,5,stationary,75,46.111668819538956,35.70679708148944,0.5608578882386704,98,36.711432152276295,0.8909577700242632,True,0,False,17.440547868939575,normal,14.381064367933579,11.36,38.0
71,6,stationary,69,47.34364518344882,32.467119414968586,0.6097032973373026,99,36.61123086202351,0.8603764646915474,True,0,False,15.811173667794558,normal,9.748199816731969,11.36,38.0
71,7,stationary,71,52.883858750908,32.71353902996398,0.6825881609591663,98,36.79769642114094,0.8692785021196885,True,0,False,15.483209408807726,normal,8.354637117533862,11.36,38.0
71,8,stationary,71,48.96976749618426,34.880599261587626,0.6457184690116058,97,36.70412664740155,0.9261298856673872,True,0,False,16.10795174042072,normal,10.531604321250757,11.36,38.0
71,9,stationary,71,50.31279884175409,29.175535845035203,0.6760291809087143,97,36.77016126916535,0.8720933529594793,True,0,False,15.734781751358057,normal,8.867417578846931,11.36,38.0
71,10,stationary,76,54.09149813830088,30.832080897835862,0.5712806606241689,97,36.58240266575239,0.900765723444251,True,0,False,16.27468860689825,normal,9.989086061122974,11.36,38.0
71,11,stationary,70,54.71455526030529,34.62920426271472,0.6776644273044099,99,36.51933036711937,0.9298510902321716,True,0,False,15.60232563839144,normal,10.346386166694732,11.36,38.0
71,12,stationary,69,49.339445597011036,28.905992935829133,0.595423166413044,99,36.62489157979222,0.8800117143843899,True,0,False,15.523691240962044,normal,8.876296058612626,11.36,38.0
71,13,stationary,70,47.08957540869112,33.457946938159736,0.6641562025200315,98,36.603020298343495,0.9272348265231567,True,0,False,16.154385444190012,normal,10.777439996116827,11.36,38.0
71,14,stationary,69,45.63864008312561,35.12538999424892,0.6777375286991533,99,36.75282990985795,0.9142631986950731,True,0,False,16.38967047748502,normal,12.231964597120443,11.36,38.0
71,15,stationary,72,48.556417717452184,28.326176399589784,0.6391292746615457,97,36.76356776069574,0.90635220575293,True,0,False,16.0226237424647,normal,9.245309744846212,11.36,38.0
71,16,stationary,68,47.95504853817972,29.563180340451208,0.6707512433483418,97,36.63737689660346,0.9122256786253411,True,0,False,15.613004364779382,normal,9.420842625674045,11.36,38.0
71,17,stationary,73,52.792466529525456,32.38244601450523,0.6741599377300654,97,36.591545405605736,0.8915945493945034,True,0,False,15.80590058117506,normal,8.770234229021945,11.36,38.0
71,18,stationary,74,54.37201925820588,33.254048403703784,0.666684395109625,99,36.66621036376925,0.876388354389006,True,0,False,16.192363235367182,normal,10.802688009731236,11.36,38.0
71,19,stationary,73,45.14847016046226,35.16472728998962,0.6071629925725233,97,36.59015656320793,0.9132583572279106,True,0,False,16.89713860725638,normal,12.295989593276275,11.36,38.0
71,20,stationary,74,51.86112831245562,34.28250670484104,0.5896154664802716,97,36.693815836935606,0.9204050778061367,True,0,False,16.25645881997726,normal,10.434552009163731,11.36,38.0
71,21,stationary,71,49.326462018946295,35.91019888850701,0.651652523087807,97,36.61403563498856,0.8966086099084626,True,0,False,16.235436086554266,normal,11.352661253664103,11.36,38.0
71,22,stationary,76,53.29690835937621,33.86614667384424,0.5637882018290215,97,36.76101361788327,0.8580628926696342,True,0,False,16.70516938708452,normal,12.118005223646133,11.36,38.0
71,23,stationary,68,52.52644587091967,33.796832192524235,0.5765281374818543,99,36.52630022512052,0.8575304061046163,True,0,False,15.361163788090117,normal,9.804651033687096,11.36,38.0
71,24,stationary,72,53.19572557675002,32.524441823953644,0.6798615943592905,99,36.51827515628092,0.8642653817812482,True,0,False,15.60894469527446,normal,8.486518583399732,11.36,38.0
71,25,stationary,73,46.75519271820037,30.689991561793253,0.5611931680473683,99,36.521316409407156,0.8728606056827253,True,0,False,16.376862691738253,normal,10.05766581153283,11.36,38.0
71,26,stationary,71,47.259827746026815,28.520030172048305,0.5955773617151345,97,36.755356457827766,0.884766219415614,True,0,False,16.072504429653613,normal,9.836832391920765,11.36,38.0
71,27,stationary,72,48.26102757916369,30.71193494983139,0.6583017924859906,99,36.79180970708385,0.8767146143980501,True,0,False,16.01993934018691,normal,9.089282701782786,11.36,38.0
71,28,stationary,72,46.6928741108134,35.88629100238389,0.6416207465724426,99,36.600775495552185,0.872085965090411,True,0,False,16.630320246329966,normal,11.965707059141835,11.36,38.0
71,29,stationary,76,53.70753525177586,34.562572019151105,0.6777730996653444,99,36.56966321092018,0.8958168001467296,True,0,False,16.645596734756104,normal,11.704749464308723,11.36,38.0
71,30,stationary,74,46.65800674501314,35.96220960183722,0.6616069066502376,98,36.740459765514345,0.8618612244232932,True,0,False,17.176678506587223,normal,13.587377462861355,11.36,38.0
71,31,stationary,71,54.33726469487891,30.96745073010746,0.5632073891252152,98,36.784134632256944,0.9005050850561371,True,0,False,15.335586203348498,normal,8.278420710156047,11.36,38.0
71,32,stationary,73,52.47593044445248,29.660091063490835,0.6182670644607203,98,36.5631478186175,0.9028511354051874,True,0,False,15.7723887721169,normal,8.584188990445067,11.36,38.0
71,33,stationary,68,51.576616680182966,29.137425932611144,0.6767783544616182,99,36.59692719599022,0.8563461632994811,True,0,False,15.122656333089255,normal,7.949427803328917,11.36,38.0
71,34,stationary,74,46.50743191772803,31.60184172057895,0.6236586580396795,97,36.61662564042765,0.8830278084812614,True,0,False,16.79210760269767,normal,11.473428287783031,11.36,38.0
71,35,stationary,69,51.78316401267242,29.381217743737025,0.6406618000296391,99,36.51237121162183,0.9315013501812588,True,0,False,15.3460631811258,normal,8.653262995827395,11.36,38.0
71,36,stationary,71,53.533645756188854,28.728935357824536,0.6064967832880623,98,36.56266704325099,0.8766539286216922,True,0,False,15.383743245280627,normal,8.179617995825726,11.36,38.0
71,37,stationary,71,49.107149399628945,32.946094609368416,0.619178341551823,98,36.635257044673416,0.9091292188483777,True,0,False,15.948467217447288,normal,9.746103278939882,11.36,38.0
71,38,stationary,75,49.81845330968814,31.244123759895654,0.5535581487307579,97,36.663843415726845,0.8606632734250661,True,0,False,16.481044084504063,normal,10.359373951061698,11.36,38.0
71,39,stationary,69,49.58629496889007,33.11832000307242,0.6523978585081726,99,36.713269753018054,0.8590382229848503,True,0,False,15.569984037272036,normal,9.106869737944193,11.36,38.0
71,0,stress_shift,95,18.8770192161745,82.7133428581489,0.6533947263783846,97,36.76131472786629,0.8961011408564292,True,120,True,21.891357275587442,normal,60.36518136252636,21.67870770164832,0.0
71,1,stress_shift,110,20.74638564720835,86.19719962358437,0.5707837500868521,99,36.72595985926057,0.9140704862486754,True,120,True,24.224370343758977,normal,65.12483823593385,20.48231318578666,0.0
71,2,stress_shift,113,16.774183696177168,76.72499353975073,0.5539963219887591,97,36.57258127560954,0.9024062020281345,True,120,True,26.371675038658744,normal,71.11536333764195,23.02452243444661,0.0
71,3,stress_shift,114,17.663543635050274,76.22091277745459,0.6364958488367689,99,36.62980078725388,0.8532349742864034,True,120,True,25.484855631998542,normal,66.224047910348,22.455332073567824,0.0
71,4,stress_shift,112,19.341500590114546,86.32130300629045,0.6437168039935397,99,36.531475451089335,0.8812280026158206,True,120,True,24.889554052673205,normal,65.92426985843504,21.38143962232669,0.0
71,5,stress_shift,108,16.664524154748012,75.66890800837292,0.5608578882386704,98,36.711432152276295,0.8909577700242632,True,120,True,24.891772149390892,normal,66.17638070844154,23.094704540961274,0.0
71,6,stress_shift,103,21.711519625142973,75.59936304245797,0.6097032973373026,99,36.61123086202351,0.8603764646915474,True,120,True,23.380507905427972,normal,66.08103620045787,19.864627439908496,0.0
71,7,stress_shift,114,18.448103944786155,82.83260762856867,0.6825881609591663,98,36.79769642114094,0.8692785021196885,True,120,True,25.249110063892246,normal,65.59917957148116,21.95321347533686,0.0
71,8,stress_shift,115,18.931991738716093,86.02716068882192,0.6457184690116058,97,36.70412664740155,0.9261298856673872,True,120,True,25.321373493141003,normal,65.87135755447034,21.6435252872217,0.0
71,9,stress_shift,110,17.918398094321933,84.43089141335608,0.6760291809087143,97,36.77016126916535,0.8720933529594793,True,120,True,25.79756035234229,normal,70.85893353224432,22.292225219633963,0.0
71,10,stress_shift,115,16.941036666116293,75.02877056483709,0.5712806606241689,97,36.58240266575239,0.900765723444251,True,120,True,25.64062650660271,normal,65.82290686884218,22.91773653368557,0.0
71,11,stress_shift,101,23.78097267173583,83.53547213461098,0.6776644273044099,99,36.51933036711937,0.9298510902321716,True,120,True,22.818165457904467,normal,66.23136930963791,18.540177490089068,0.0
71,12,stress_shift,105,23.495616521428403,89.07385081753468,0.595423166413044,99,36.62489157979222,0.8800117143843899,True,120,True,22.814219526060196,normal,63.36619952314483,18.722805426285824,0.0
71,13,stress_shift,110,15.525871483202458,86.84382588158883,0.6641562025200315,98,36.603020298343495,0.9272348265231567,True,120,True,25.62496955825478,normal,67.55690177015875,23.823442250750425,0.0
71,14,stress_shift,112,15.914700075063413,82.36936702908241,0.6777375286991533,99,36.75282990985795,0.9142631986950731,True,120,True,25.718591018576657,normal,67.07285691825157,23.574591951959412,0.0
71,15,stress_shift,108,17.038677859012516,89.16250859514234,0.6391292746615457,97,36.76356776069574,0.90635220575293,True,120,True,24.98707586392073,normal,66.92098366388308,22.85524617023199,0.0
71,16,stress_shift,98,21.462929852028534,82.83091051090038,0.6707512433483418,97,36.63737689660346,0.9122256786253411,True,120,True,21.900616005326494,normal,60.8973949229749,20.023724894701736,0.0
71,17,stress_shift,100,15.068208613579824,76.99187274270788,0.6741599377300654,97,36.591545405605736,0.8915945493945034,True,120,True,23.807448058818643,normal,63.79655350400589,24.116346487308913,0.0
71,18,stress_shift,110,22.110514318160803,86.1756508599897,0.666684395109625,99,36.66621036376925,0.876388354389006,True,120,True,23.951084028143917,normal,64.76610239225678,19.609270836377085,0.0
71,19,stress_shift,107,20.627736853957646,88.64941059802231,0.6071629925725233,97,36.59015656320793,0.9132583572279106,True,120,True,23.885312294257318,normal,65.09464050849533,20.558248413467105,0.0
71,20,stress_shift,114,24.875756727888664,75.75745154493433,0.5896154664802716,97,36.693815836935606,0.9204050778061367,True,120,True,23.513959845044642,normal,62.501817012046004,17.839515694151252,0.0
71,21,stress_shift,103,15.145317858038648,82.28687732815986,0.651652523087807,97,36.61403563498856,0.8966086099084626,True,120,True,24.483256493908062,normal,65.62902930239393,24.066996570855267,0.0
71,22,stress_shift,96,16.51103041792811,81.21696143518587,0.5637882018290215,97,36.76101361788327,0.8580628926696342,True,120,True,22.698180272938316,normal,62.0035487440879,23.19294053252601,0.0
71,23,stress_shift,110,21.59276373498758,84.56089409928566,0.5765281374818543,99,36.52630022512052,0.8575304061046163,True,120,True,24.02857951343514,normal,64.86298009201964,19.940631209607947,0.0
71,24,stress_shift,98,19.040829485534278,79.60858753972087,0.6798615943592905,99,36.51827515628092,0.8642653817812482,True,120,True,22.50212065332748,normal,61.82509185591644,21.573869129258064,0.0
71,25,stress_shift,103,22.44199939994411,83.39627435311053,0.5611931680473683,99,36.521316409407156,0.8728606056827253,True,120,True,22.62882198262453,normal,62.723648583188464,19.39712038403577,0.0
71,26,stress_shift,109,19.206052124191405,80.19588834298952,0.5955773617151345,97,36.755356457827766,0.884766219415614,True,120,True,24.546627639687514,normal,66.02330987571258,21.4681266405175,0.0
71,27,stress_shift,107,22.506250292428952,81.22118304566033,0.6583017924859906,99,36.79180970708385,0.8767146143980501,True,120,True,23.437448597004288,normal,64.36349145366621,19.35599981284547,0.0
71,28,stress_shift,112,23.305516643456166,80.47830238266215,0.6416207465724426,99,36.600775495552185,0.872085965090411,True,120,True,23.855803059588347,normal,64.10658882775655,18.844469348188056,0.0
71,29,stress_shift,107,16.051075074344386,81.84595778013808,0.6777730996653444,99,36.56966321092018,0.8958168001467296,True,120,True,25.107862680402096,normal,67.21951619558126,23.487311952419592,0.0
71,30,stress_shift,97,15.86612597965508,82.2325785440425,0.6616069066502376,98,36.740459765514345,0.8618612244232932,True,120,True,23.873493634504374,normal,67.02049043798547,23.60567937302075,0.0
71,31,stress_shift,109,22.75755542247174,86.84377154778221,0.5632073891252152,98,36.784134632256944,0.9005050850561371,True,120,True,23.52254095321383,normal,63.911201552917476,19.195164529618086,0.0
71,32,stress_shift,109,16.00971391478789,85.8251581286076,0.6182670644607203,98,36.5631478186175,0.9028511354051874,True,120,True,25.34218981340437,normal,67.23633606730604,23.51378309453575,0.0
71,33,stress_shift,95,17.70817731508259,81.40101344299708,0.6767783544616182,99,36.59692719599022,0.8563461632994811,True,120,True,22.123349437223848,normal,60.45150129156747,22.426766518347144,0.0
71,34,stress_shift,115,18.533127871835863,76.15687170405934,0.6236586580396795,97,36.61662564042765,0.8830278084812614,True,120,True,25.289451977872112,normal,65.34313555911399,21.898798162025045,0.0
71,35,stress_shift,106,19.431021503128623,84.64339817118005,0.6406618000296391,99,36.51237121162183,0.9315013501812588,True,120,True,24.82108133070338,normal,69.72418369659462,21.32414623799768,0.0
71,36,stress_shift,106,18.558548165064384,83.03450695576795,0.6064967832880623,98,36.56266704325099,0.8766539286216922,True,120,True,24.27226081822141,normal,65.87977141709452,21.882529174358794,0.0
71,37,stress_shift,97,20.919511564413547,84.77771081354618,0.619178341551823,98,36.635257044673416,0.9091292188483777,True,120,True,21.84931594587586,normal,60.8579084988195,20.37151259877533,0.0
71,38,stress_shift,112,21.740656722522534,77.12856021242114,0.5535581487307579,97,36.663843415726845,0.8606632734250661,True,120,True,25.000572545402026,normal,69.09281387881968,19.845979697585577,0.0
71,39,stress_shift,100,19.04188198808339,82.99501836975168,0.6523978585081726,99,36.713269753018054,0.8590382229848503,True,120,True,22.862931743486254,normal,62.52311248963868,21.57319552762663,0.0
71,0,exercise,130,25.815528824261747,57.713342858148906,0.6533947263783846,97,36.76131472786629,0.8961011408564292,True,0,False,20.100755382449943,normal,41.44767749233383,9.238061552472482,0.0
71,1,exercise,130,28.619578470812524,61.19719962358437,0.5707837500868521,99,36.72595985926057,0.9140704862486754,True,0,False,19.71384753196685,normal,42.23554288100951,7.443469778679985,0.0
71,2,exercise,137,22.661275544265752,51.72499353975073,0.5539963219887591,97,36.57258127560954,0.9024062020281345,True,0,False,20.976570556979755,normal,39.98515691518537,11.256783651669918,0.0
71,3,exercise,136,23.995315452575408,51.220912777454586,0.6364958488367689,99,36.62980078725388,0.8532349742864034,True,0,False,20.60117800514097,normal,39.055934422538726,10.402998110351739,0.0
71,4,exercise,145,26.512250885171817,61.32130300629045,0.6437168039935397,99,36.531475451089335,0.8812280026158206,True,0,False,20.893619951151024,normal,43.156082919628766,8.792159433490037,0.0
71,5,exercise,123,22.496786232122016,50.668908008372924,0.5608578882386704,98,36.711432152276295,0.8909577700242632,True,0,False,19.38979425000089,normal,39.164861785829586,11.36205681144191,0.0
71,6,exercise,141,30.06727943771446,50.599363042457966,0.6097032973373026,99,36.61123086202351,0.8603764646915474,True,0,False,19.11389824205533,normal,36.85274365028374,6.5169411598627445,0.0
71,7,exercise,143,25.172155917179232,57.832607628568674,0.6825881609591663,98,36.79769642114094,0.8692785021196885,True,0,False,20.77725537049788,normal,41.10701728944159,9.649820213005292,0.0
71,8,exercise,127,25.89798760807414,61.02716068882192,0.6457184690116058,97,36.70412664740155,0.9261298856673872,True,0,False,19.991067415513534,normal,42.977924783181095,9.185287930832551,0.0
71,9,exercise,126,24.3775971414829,59.430891413356086,0.6760291809087143,97,36.77016126916535,0.8720933529594793,True,0,False,20.14332105465885,normal,42.94073560255967,10.158337829450943,0.0
71,10,exercise,142,22.91155499917444,50.02877056483708,0.5712806606241689,97,36.58240266575239,0.900765723444251,True,0,False,20.730630929188624,normal,38.83218068505257,11.096604800528358,0.0
71,11,exercise,127,33.17145900760375,58.535472134610984,0.6776644273044099,99,36.51933036711937,0.9298510902321716,True,0,False,18.17385263626508,normal,40.01399821245544,4.530266235133599,0.0
71,12,exercise,134,32.74342478214261,64.07385081753468,0.595423166413044,99,36.62489157979222,0.8800117143843899,True,0,False,19.574967465629243,normal,42.77072634309522,4.804208139428729,0.0
71,13,exercise,125,20.788807224803687,61.843825881588835,0.6641562025200315,98,36.603020298343495,0.9272348265231567,True,0,False,21.05466411680135,normal,45.15815972107763,12.45516337612564,0.0
71,14,exercise,142,21.37205011259512,57.36936702908241,0.6777375286991533,99,36.75282990985795,0.9142631986950731,True,0,False,21.708836883174847,normal,42.5329855999713,12.081887927939123,0.0
71,15,exercise,140,23.058016788518778,64.16250859514234,0.6391292746615457,97,36.76356776069574,0.90635220575293,True,0,False,21.881082456354715,normal,45.234118734339035,11.002869255347981,0.0
71,16,exercise,128,29.6943947780428,57.83091051090039,0.6707512433483418,97,36.63737689660346,0.9122256786253411,True,0,False,18.955137503797,normal,40.247671409544516,6.755587342052609,0.0
71,17,exercise,121,20.102312920369737,51.99187274270788,0.6741599377300654,97,36.591545405605736,0.8915945493945034,True,0,False,19.777596833410886,normal,40.088259083473076,12.894519730963367,0.0
71,18,exercise,128,30.6657714772412,61.175650859989695,0.666684395109625,99,36.66621036376925,0.876388354389006,True,0,False,19.027675547038825,normal,41.6196048964966,6.133906254565631,0.0
71,19,exercise,140,28.441605280936468,63.649410598022314,0.6071629925725233,97,36.59015656320793,0.9132583572279106,True,0,False,20.521605556533824,normal,43.07024244763973,7.55737262020066,0.0
71,20,exercise,139,34.81363509183299,50.75745154493433,0.5896154664802716,97,36.693815836935606,0.9204050778061367,True,0,False,17.9216798126587,normal,34.964206985156004,3.4792735412268847,0.0
71,21,exercise,132,20.21797678705797,57.28687732815986,0.651652523087807,97,36.61403563498856,0.8966086099084626,True,0,False,21.646739305211348,normal,43.14088784862621,12.820494856282899,0.0
71,22,exercise,128,22.266545626892167,56.21696143518586,0.5637882018290215,97,36.76101361788327,0.8580628926696342,True,0,False,20.520965372250867,normal,41.810826404120164,11.509410798789013,0.0
71,23,exercise,128,29.889145602481374,59.56089409928566,0.5765281374818543,99,36.52630022512052,0.8575304061046163,True,0,False,19.028903207971492,normal,41.036691378844054,6.630946814411921,0.0
71,24,exercise,136,26.06124422830142,54.60858753972087,0.6798615943592905,99,36.51827515628092,0.8642653817812482,True,0,False,20.344545064463556,normal,39.58796154904147,9.080803693887091,0.0
71,25,exercise,138,31.162999099916163,58.396274353110535,0.5611931680473683,99,36.521316409407156,0.8728606056827253,True,0,False,19.514596444481626,normal,40.2587876776685,5.815680576053655,0.0
71,26,exercise,123,26.30907818628711,55.19588834298953,0.5955773617151345,97,36.755356457827766,0.884766219415614,True,0,False,18.921558477804897,normal,40.26595078890127,8.92218996077625,0.0
71,27,exercise,132,31.259375438643424,56.221183045660325,0.6583017924859906,99,36.79180970708385,0.8767146143980501,True,0,False,18.87945763785814,normal,38.67615690463339,5.753999719268208,0.0
71,28,exercise,121,32.458274965184245,55.47830238266216,0.6416207465724426,99,36.600775495552185,0.872085965090411,True,0,False,17.194890058556147,normal,38.02691181583312,4.986704022282083,0.0
71,29,exercise,128,21.57661261151658,56.84595778013808,0.6777730996653444,99,36.56966321092018,0.8958168001467296,True,0,False,20.860735963761847,normal,42.790264584350865,11.950967928629389,0.0
71,30,exercise,129,21.29918896948262,57.2325785440425,0.6616069066502376,98,36.740459765514345,0.8618612244232932,True,0,False,21.08684812371639,normal,43.12307070386258,12.128519059531122,0.0
71,31,exercise,144,31.63633313370761,61.84377154778221,0.5632073891252152,98,36.784134632256944,0.9005050850561371,True,0,False,19.528671559678678,normal,40.80121963588437,5.51274679442713,0.0
71,32,exercise,120,21.514570872181835,60.82515812860759,0.6182670644607203,98,36.5631478186175,0.9028511354051874,True,0,False,20.133653306631704,normal,44.25498540404188,11.990674641803626,0.0
71,33,exercise,144,24.062265972623884,56.40101344299708,0.6767783544616182,99,36.59692719599022,0.8563461632994811,True,0,False,20.93471043513688,normal,40.895360885337865,10.360149777520714,0.0
71,34,exercise,134,25.299691807753792,51.156871704059334,0.6236586580396795,97,36.61662564042765,0.8830278084812614,True,0,False,20.111221448145635,normal,38.330620941370135,9.568197243037574,0.0
71,35,exercise,133,26.646532254692936,59.64339817118005,0.6406618000296391,99,36.51237121162183,0.9315013501812588,True,0,False,20.47333266250088,normal,42.32193919130278,8.70621935699652,0.0
71,36,exercise,137,25.337822247596577,58.03450695576795,0.6064967832880623,98,36.56266704325099,0.8766539286216922,True,0,False,20.84668465196393,normal,41.807274633495894,9.54379376153819,0.0
71,37,exercise,143,28.879267346620324,59.77771081354618,0.619178341551823,98,36.635257044673416,0.9091292188483777,True,0,False,20.21079275667755,normal,41.75265237386263,7.277268898162992,0.0
71,38,exercise,137,30.110985083783802,52.12856021242114,0.5535581487307579,97,36.663843415726845,0.8606632734250661,True,0,False,19.209052040252647,normal,37.53577715931998,6.4889695463783665,0.0
71,39,exercise,137,26.062822982125084,57.99501836975168,0.6523978585081726,99,36.713269753018054,0.8590382229848503,True,0,False,20.60146789237835,normal,41.07125050330394,9.079793291439946,0.0
71,0,ecg_scalar_shift,73,53.07959811110294,31.633305973790016,1.607193927132195,97,36.76131472786629,0.8961011408564292,True,120,True,15.501745817021675,normal,8.313984674140992,64.47049460207886,0.0
71,1,ecg_scalar_shift,73,53.13212953020218,29.73135296118387,1.968847562595125,99,36.72595985926057,0.9140704862486754,True,120,True,17.46860609654916,normal,9.012477527370729,74.71734760686188,0.0
71,2,ecg_scalar_shift,68,45.98484127049445,30.24170440702304,1.6767828529400182,97,36.57258127560954,0.9024062020281345,True,120,True,16.086367375072154,normal,10.517423757590464,66.44218083330051,0.0
71,3,ecg_scalar_shift,71,46.873712120427804,35.503142388307616,1.9085357435535024,99,36.62980078725388,0.8532349742864034,True,120,True,17.89683306713178,normal,12.276776792103703,73.00851273401591,0.0
71,4,ecg_scalar_shift,75,52.23710626091328,35.002393660356255,1.9323384625737372,99,36.531475451089335,0.8812280026158206,True,120,True,18.12796349235154,normal,12.035546101095425,73.68292310625588,0.0
71,5,ecg_scalar_shift,75,46.111668819538956,35.70679708148944,1.6513380145026817,98,36.711432152276295,0.8909577700242632,True,120,True,17.502081991534986,normal,14.381064367933579,65.72124374424266,0.0
71,6,ecg_scalar_shift,69,47.34364518344882,32.467119414968586,1.76638245186553,99,36.61123086202351,0.8603764646915474,True,120,True,16.442025917137748,normal,9.748199816731969,68.98083613619002,0.0
71,7,ecg_scalar_shift,71,52.883858750908,32.71353902996398,1.8426280568385436,98,36.79769642114094,0.8692785021196885,True,120,True,16.47693807811845,normal,8.354637117533862,71.14112827709206,0.0
71,8,ecg_scalar_shift,71,48.96976749618426,34.880599261587626,1.86788481293082,97,36.70412664740155,0.9261298856673872,True,120,True,17.243630224012165,normal,10.531604321250757,71.85673636637324,0.0
71,9,ecg_scalar_shift,71,50.31279884175409,29.175535845035203,1.9484574714059826,97,36.77016126916535,0.8720933529594793,True,120,True,17.270578055452702,normal,8.867417578846931,74.13962835650284,0.0
71,10,ecg_scalar_shift,76,54.09149813830088,30.832080897835862,1.8166075354638807,97,36.58240266575239,0.900765723444251,True,120,True,17.175382610317588,normal,9.989086061122974,70.40388017147663,0.0
71,11,ecg_scalar_shift,70,54.71455526030529,34.62920426271472,1.6471721734943905,99,36.51933036711937,0.9298510902321716,True,120,True,15.600984121321536,normal,10.346386166694732,65.60321158234106,0.0
71,12,ecg_scalar_shift,69,49.339445597011036,28.905992935829133,1.9499294455336382,99,36.62489157979222,0.8800117143843899,True,120,True,17.09572259667399,normal,8.876296058612626,74.18133429011975,0.0
71,13,ecg_scalar_shift,70,47.08957540869112,33.457946938159736,1.6145146907943104,98,36.603020298343495,0.9272348265231567,True,120,True,15.991305096662856,normal,10.777439996116827,64.67791623917213,0.0
71,14,ecg_scalar_shift,69,45.63864008312561,35.12538999424892,1.814151981745571,99,36.75282990985795,0.9142631986950731,True,120,True,17.23989992915905,normal,12.231964597120443,70.33430614945784,0.0
71,15,ecg_scalar_shift,72,48.556417717452184,28.326176399589784,1.7946794903393621,97,36.76356776069574,0.90635220575293,True,120,True,16.78730346970607,normal,9.245309744846212,69.78258555961526,0.0
71,16,ecg_scalar_shift,68,47.95504853817972,29.563180340451208,1.8175997514912279,97,36.63737689660346,0.9122256786253411,True,120,True,16.483307354255295,normal,9.420842625674045,70.43199295891813,0.0
71,17,ecg_scalar_shift,73,52.792466529525456,32.38244601450523,1.6825149864161637,97,36.591545405605736,0.8915945493945034,True,120,True,15.986056410090498,normal,8.770234229021945,66.6045912817913,0.0
71,18,ecg_scalar_shift,74,54.37201925820588,33.254048403703784,1.9223439237804754,99,36.66621036376925,0.876388354389006,True,120,True,17.598310928230532,normal,10.802688009731236,73.39974450711347,0.0
71,19,ecg_scalar_shift,73,45.14847016046226,35.16472728998962,1.8021613167607,97,36.59015656320793,0.9132583572279106,True,120,True,17.7113684321831,normal,12.295989593276275,69.99457064155317,0.0
71,20,ecg_scalar_shift,74,51.86112831245562,34.28250670484104,1.74842061694734,97,36.693815836935606,0.9204050778061367,True,120,True,16.802865014155124,normal,10.434552009163731,68.47191748017464,0.0
71,21,ecg_scalar_shift,71,49.326462018946295,35.91019888850701,1.6920101643041725,97,36.61403563498856,0.8966086099084626,True,120,True,16.47203896527705,normal,11.352661253664103,66.87362132195156,0.0
71,22,ecg_scalar_shift,76,53.29690835937621,33.86614667384424,1.6946875338289233,97,36.76101361788327,0.8580628926696342,True,120,True,16.986741694480166,normal,12.118005223646133,66.94948012515283,0.0
71,23,ecg_scalar_shift,68,52.52644587091967,33.796832192524235,1.7863615085461033,99,36.52630022512052,0.8575304061046163,True,120,True,16.105732853476713,normal,9.804651033687096,69.54690940880627,0.0
71,24,ecg_scalar_shift,72,53.19572557675002,32.524441823953644,1.6005209249379724,99,36.51827515628092,0.8642653817812482,True,120,True,15.368898740228467,normal,8.486518583399732,64.28142620657589,0.0
71,25,ecg_scalar_shift,73,46.75519271820037,30.689991561793253,1.8053368829017877,99,36.521316409407156,0.8728606056827253,True,120,True,17.223671549445292,normal,10.05766581153283,70.08454501555066,0.0
71,26,ecg_scalar_shift,71,47.259827746026815,28.520030172048305,1.93781095272483,97,36.755356457827766,0.884766219415614,True,120,True,17.582676516834972,normal,9.836832391920765,73.83797699387019,0.0
71,27,ecg_scalar_shift,72,48.26102757916369,30.71193494983139,1.7098395042140038,99,36.79180970708385,0.8767146143980501,True,120,True,16.345102052836317,normal,9.089282701782786,67.37878595273011,0.0
71,28,ecg_scalar_shift,72,46.6928741108134,35.88629100238389,1.7672374005036107,99,36.600775495552185,0.872085965090411,True,120,True,17.25415735481996,normal,11.965707059141835,69.00505968093564,0.0
71,29,ecg_scalar_shift,76,53.70753525177586,34.562572019151105,1.653616193250142,99,36.56966321092018,0.8958168001467296,True,120,True,16.6770809876111,normal,11.704749464308723,65.78579214208736,0.0
71,30,ecg_scalar_shift,74,46.65800674501314,35.96220960183722,1.7124340477186817,98,36.740459765514345,0.8618612244232932,True,120,True,17.513895448422353,normal,13.587377462861355,67.45229801869598,0.0
71,31,ecg_scalar_shift,71,54.33726469487891,30.96745073010746,1.8661876343958246,98,36.784134632256944,0.9005050850561371,True,120,True,16.492016025282975,normal,8.278420710156047,71.80864964121503,0.0
71,32,ecg_scalar_shift,73,52.47593044445248,29.660091063490835,1.685106543007408,98,36.5631478186175,0.9028511354051874,True,120,True,15.98568175968088,normal,8.584188990445067,66.67801871854323,0.0
71,33,ecg_scalar_shift,68,51.576616680182966,29.137425932611144,1.948282579394632,99,36.59692719599022,0.8563461632994811,True,120,True,16.657293682471757,normal,7.949427803328917,74.13467308284791,0.0
71,34,ecg_scalar_shift,74,46.50743191772803,31.60184172057895,1.729836417297461,97,36.61662564042765,0.8830278084812614,True,120,True,17.23160138518938,normal,11.473428287783031,67.9453651567614,0.0
71,35,ecg_scalar_shift,69,51.78316401267242,29.381217743737025,1.761436413058943,99,36.51237121162183,0.9315013501812588,True,120,True,15.940657022195847,normal,8.653262995827395,68.8406983700034,0.0
71,36,ecg_scalar_shift,71,53.533645756188854,28.728935357824536,1.682824943530127,98,36.56266704325099,0.8766539286216922,True,120,True,15.589595003720408,normal,8.179617995825726,66.61337340002027,0.0
71,37,ecg_scalar_shift,71,49.107149399628945,32.946094609368416,1.7544122534750437,98,36.635257044673416,0.9091292188483777,True,120,True,16.51489454924094,normal,9.746103278939882,68.64168051512624,0.0
71,38,ecg_scalar_shift,75,49.81845330968814,31.244123759895654,1.9915804346622994,97,36.663843415726845,0.8606632734250661,True,120,True,18.28041617707415,normal,10.359373951061698,75.36144564876516,0.0
71,39,ecg_scalar_shift,69,49.58629496889007,33.11832000307242,1.7859961819773562,99,36.713269753018054,0.8590382229848503,True,120,True,16.285649968584238,normal,9.106869737944193,69.53655848935843,0.0
71,0,poor_contact,171,12.062693892375389,92.24676165518177,1.9457956354062143,83,39.0,0.2141581781396585,False,120,True,22.654794183180016,normal,77.36106622824087,0.0,0.0
71,1,poor_contact,164,9.605309869990759,88.7699310666868,1.9680234269509973,83,39.0,0.32265426877853737,False,120,True,22.818216414925686,normal,78.62204023862414,0.0,0.0
71,2,poor_contact,161,14.402676005901155,94.99481528557648,1.894474396893856,86,39.0,0.2350348558820054,False,120,True,22.38419861793003,normal,80.82869303958356,0.0,0.0
71,3,poor_contact,164,12.235524574166607,93.63875423524675,1.9280178352022774,89,39.0,0.3045607230660507,False,120,True,19.76838378436588,normal,77.31160327442811,0.0,0.0
71,4,poor_contact,162,11.501807856353793,94.05136238041153,1.8252234634227902,86,39.0,0.3117015387721211,False,120,True,21.972085570446115,normal,77.6488084139361,0.0,0.0
71,5,poor_contact,143,11.791582335399166,92.89400023649465,1.9173506418425696,81,39.0,0.22740140435080444,False,120,True,22.680512072462676,normal,77.5595067319651,0.0,0.0
71,6,poor_contact,160,13.042741936689305,94.92273534544408,1.8861624065196338,88,39.0,0.26191473555965894,False,120,True,21.010692443186862,normal,81.341762678911,0.0,0.0
71,7,poor_contact,148,12.77024589045109,87.96241009595259,1.9802803394923658,81,39.0,0.284788417051563,False,120,True,22.568408738592513,normal,76.69451187185584,0.0,0.0
71,8,poor_contact,141,12.174143679203109,85.59970774734633,1.9360229536086102,87,39.0,0.2923654438792459,False,120,True,21.202398872402764,normal,77.26542339816949,0.0,0.0
71,9,poor_contact,179,14.30716928879572,85.98456901509054,1.922887307387942,83,39.0,0.31653724142179473,False,120,True,23.107278750153185,normal,80.85245949192274,0.0,0.0
71,10,poor_contact,147,12.594664803121706,94.85517418989816,1.9578962898036179,85,39.0,0.27698226063916415,False,120,True,22.63649192681968,normal,77.2198451143494,0.0,0.0
71,11,poor_contact,160,13.746904973247927,92.26858118759114,1.8716441158291999,83,39.0,0.22615165204831716,False,120,True,23.17700213056944,normal,81.39044853834447,0.0,0.0
71,12,poor_contact,165,10.772208224463938,93.5339959475571,1.802679973289679,88,39.0,0.3169788336600915,False,120,True,20.588578980987332,normal,78.08471435947017,0.0,0.0
71,13,poor_contact,156,8.305410214678282,91.07422698294879,1.9420289711590097,84,39.0,0.2163544072382931,False,120,True,23.40046028900935,normal,83.1146627238376,0.0,0.0
71,14,poor_contact,147,14.739390733590424,88.53354348963364,1.8892606296406127,85,39.0,0.2762455945236713,False,120,True,22.544195688813293,normal,76.5076827840532,0.0,0.0
71,15,poor_contact,154,13.32955597829486,94.56228895455652,1.9224248907349217,82,39.0,0.27040384710180854,False,120,True,23.163354634224497,normal,81.28514378259642,0.0,0.0
71,16,poor_contact,143,8.907372241855262,88.75314589237281,1.920530605765225,84,39.0,0.2772799254473683,False,120,True,22.88025450378573,normal,79.10072919587753,0.0,0.0
71,17,poor_contact,157,12.195977840325963,87.14974721111862,1.9135059904516656,81,39.0,0.2367544959248491,False,120,True,22.66097455530086,normal,77.40875428472886,0.0,0.0
71,18,poor_contact,154,9.096229429758656,89.2145885839683,1.8508666752796707,89,39.0,0.3087031771341426,False,120,True,20.477882829328934,normal,82.7861329423529,0.0,0.0
71,19,poor_contact,179,12.202648845756872,85.55712074805629,1.8263129174767998,81,39.0,0.27264839502821003,False,120,True,22.63437650254328,normal,77.2035223961673,0.0,0.0
71,20,poor_contact,179,12.867881803095752,88.75739923040169,1.8363472364666968,82,39.0,0.256526185084202,False,120,True,22.596888063476285,normal,76.91425974904541,0.0,0.0
71,21,poor_contact,166,12.293486079847089,90.72677625746861,1.906700422831381,85,39.0,0.23960304929125167,False,120,True,22.655050667849324,normal,77.36304527661515,0.0,0.0
71,22,poor_contact,151,9.817323962257886,90.01197278538638,1.8086189582337409,84,39.0,0.24040626014867694,False,120,True,22.782473694487035,normal,78.34624764264687,0.0,0.0
71,23,poor_contact,147,9.705539497809166,93.56911332499676,1.9954592180354032,84,39.0,0.26790845256383095,False,120,True,23.337588441414596,normal,82.62954044301385,0.0,0.0
71,24,poor_contact,165,9.80620806337453,94.81507087709385,1.9205311390029198,85,39.0,0.2121562774813917,False,120,True,22.79462471512738,normal,78.44000551795818,0.0,0.0
71,25,poor_contact,177,9.091610674678368,88.67640211557203,1.8276490650712545,81,39.0,0.27360106487053626,False,120,True,22.81176727754273,normal,78.57227837610134,0.0,0.0
71,26,poor_contact,149,14.224278266738246,87.11866692755912,1.8714099174677696,88,39.0,0.31334328581744897,False,120,True,20.405965168479327,normal,76.67565716419234,0.0,0.0
71,27,poor_contact,155,12.134969487874757,90.40158502913275,1.8481523264133763,89,39.0,0.24495185126420113,False,120,True,19.77537703362862,normal,77.36556353108503,0.0,0.0
71,28,poor_contact,153,14.579020612010467,93.33419881059811,1.8642809531936366,81,39.0,0.2621712201510832,False,120,True,22.523614844233922,normal,76.34887997094076,0.0,0.0
71,29,poor_contact,156,9.975893276682026,90.61750066985434,1.9108395371089661,84,39.0,0.2280848579750426,False,120,True,22.79086986854659,normal,78.41103293631629,0.0,0.0
71,30,poor_contact,177,10.222701508825672,86.06626037112788,1.959778970912836,88,39.0,0.24573021431560452,False,120,True,21.202403588868638,normal,82.82101534620863,0.0,0.0
71,31,poor_contact,157,14.110706778686083,89.06671536538005,1.9994590412470976,84,39.0,0.2918562903187474,False,120,True,22.512424455217076,normal,76.26253437667498,0.0,0.0
71,32,poor_contact,144,9.989139941673537,85.60240080782005,1.9673804530073782,83,39.0,0.23753196290222228,False,120,True,22.753851782525153,normal,78.12539955652123,0.0,0.0
71,33,poor_contact,164,13.234378849601512,86.75464330407266,1.8220882208854103,89,39.0,0.3164847738183895,False,120,True,19.674037883656943,normal,76.58362564550113,0.0,0.0
71,34,poor_contact,177,13.462955153133663,94.90083279753142,1.9246692566442785,82,39.0,0.2509509251892383,False,120,True,22.62502909911372,normal,77.13139736970463,0.0,0.0
71,35,poor_contact,164,9.27639960866362,91.71200850337398,1.926651881996758,83,39.0,0.26043092391768285,False,120,True,23.372668935706052,normal,82.9002232693368,0.0,0.0
71,36,poor_contact,161,9.961573376034014,93.44009757287476,1.8880902469859389,87,39.0,0.23684748305903805,False,120,True,21.331700309831948,normal,78.26311967462925,0.0,0.0
71,37,poor_contact,146,10.536426747127397,94.44630020554389,1.9459139133616958,87,39.0,0.25832367604251305,False,120,True,21.320115911828943,normal,78.17373388756903,0.0,0.0
71,38,poor_contact,180,10.623769279352851,90.75690535714239,1.9975821676333776,81,39.0,0.3294741303986898,False,120,True,23.316910932245598,normal,82.46999176115429,0.0,0.0
71,39,poor_contact,172,10.756289526123604,88.12762037375353,1.8350476195559633,88,39.0,0.2677988545932068,False,120,True,20.561102317336857,normal,77.87270306587084,0.0,0.0
71,0,missing,0,,,,,0.0,0.172,False,120,True,0.9373888992262741,normal,7.2329390372397695,0.0,0.0
71,1,missing,0,,,,,0.0,0.172,False,120,True,0.9803425255496476,normal,7.564371339117652,0.0,0.0
71,2,missing,0,,,,,0.0,0.172,False,120,True,0.9826279871845051,normal,7.582006073954515,0.0,0.0
71,3,missing,0,,,,,0.0,0.172,False,120,True,0.9342851747176668,normal,7.20899054566101,0.0,0.0
71,4,missing,0,,,,,0.0,0.172,False,120,True,0.9430812698229167,normal,7.276861649868185,0.0,0.0
71,5,missing,0,,,,,0.0,0.172,False,120,True,0.9479977076199012,normal,7.314797126696769,0.0,0.0
71,6,missing,0,,,,,0.0,0.172,False,120,True,0.9954795120421532,normal,7.681169074399332,0.0,0.0
71,7,missing,0,,,,,0.0,0.172,False,120,True,0.8893807815574725,normal,6.8625060305360535,0.0,0.0
71,8,missing,0,,,,,0.0,0.172,False,120,True,0.9451164326196463,normal,7.292565066509616,0.0,0.0
71,9,missing,0,,,,,0.0,0.172,False,120,True,0.9917028784460248,normal,7.65202838307118,0.0,0.0
71,10,missing,0,,,,,0.0,0.172,False,120,True,0.9451333275654228,normal,7.292695428745546,0.0,0.0
71,11,missing,0,,,,,0.0,0.172,False,120,True,1.02690718921315,normal,7.9236665834348,0.0,0.0
71,12,missing,0,,,,,0.0,0.172,False,120,True,0.9620561613006162,normal,7.423272849541792,0.0,0.0
71,13,missing,0,,,,,0.0,0.172,False,120,True,0.9653734079503314,normal,7.448868888505645,0.0,0.0
71,14,missing,0,,,,,0.0,0.172,False,120,True,0.9663162009897421,normal,7.456143526155419,0.0,0.0
71,15,missing,0,,,,,0.0,0.172,False,120,True,0.9972349874326651,normal,7.694714409202664,0.0,0.0
71,16,missing,0,,,,,0.0,0.172,False,120,True,1.003122756660499,normal,7.740144727318666,0.0,0.0
71,17,missing,0,,,,,0.0,0.172,False,120,True,0.9527739458521141,normal,7.35165081676014,0.0,0.0
71,18,missing,0,,,,,0.0,0.172,False,120,True,0.9728527156364912,normal,7.506579595960581,0.0,0.0
71,19,missing,0,,,,,0.0,0.172,False,120,True,0.939852641593435,normal,7.251949395011073,0.0,0.0
71,20,missing,0,,,,,0.0,0.172,False,120,True,0.9372834215024844,normal,7.2321251659142325,0.0,0.0
71,21,missing,0,,,,,0.0,0.172,False,120,True,0.9649858357719762,normal,7.445878362438088,0.0,0.0
71,22,missing,0,,,,,0.0,0.172,False,120,True,0.9477764560641516,normal,7.313089938766603,0.0,0.0
71,23,missing,0,,,,,0.0,0.172,False,120,True,0.9823121086823821,normal,7.579568739833196,0.0,0.0
71,24,missing,0,,,,,0.0,0.172,False,120,True,0.9586531204802473,normal,7.397014818520428,0.0,0.0
71,25,missing,0,,,,,0.0,0.172,False,120,True,0.9343271990161549,normal,7.209314807223418,0.0,0.0
71,26,missing,0,,,,,0.0,0.172,False,120,True,0.9576961486602211,normal,7.389630776699237,0.0,0.0
71,27,missing,0,,,,,0.0,0.172,False,120,True,0.9410850787563394,normal,7.261458941021138,0.0,0.0
71,28,missing,0,,,,,0.0,0.172,False,120,True,0.9473384749858313,normal,7.309710455137589,0.0,0.0
71,29,missing,0,,,,,0.0,0.172,False,120,True,0.9624676265497887,normal,7.426447735723679,0.0,0.0
71,30,missing,0,,,,,0.0,0.172,False,120,True,1.0290283828866815,normal,7.9400338185700745,0.0,0.0
71,31,missing,0,,,,,0.0,0.172,False,120,True,0.914395027223875,normal,7.055517185369406,0.0,0.0
71,32,missing,0,,,,,0.0,0.172,False,120,True,0.9238160641512331,normal,7.128210371537293,0.0,0.0
71,33,missing,0,,,,,0.0,0.172,False,120,True,0.9081602548459794,normal,7.007409373811569,0.0,0.0
71,34,missing,0,,,,,0.0,0.172,False,120,True,0.9846414224181773,normal,7.59754183964643,0.0,0.0
71,35,missing,0,,,,,0.0,0.172,False,120,True,0.9924688061975611,normal,7.657938319425626,0.0,0.0
71,36,missing,0,,,,,0.0,0.172,False,120,True,0.942623580073781,normal,7.27333009316189,0.0,0.0
71,37,missing,0,,,,,0.0,0.172,False,120,True,0.9594833638277981,normal,7.4034210171898005,0.0,0.0
71,38,missing,0,,,,,0.0,0.172,False,120,True,1.0070222205933774,normal,7.770233183590877,0.0,0.0
71,39,missing,0,,,,,0.0,0.172,False,120,True,0.9365707522504128,normal,7.226626174771703,0.0,0.0
71,0,fall_inactive,73,53.07959811110294,31.633305973790016,0.6533947263783846,97,36.76131472786629,0.8681011408564293,True,0,False,82.0,criticalReview,8.325298959855274,3.36,92.0
71,1,fall_inactive,73,53.13212953020218,29.73135296118387,0.5707837500868521,99,36.72595985926057,0.8860704862486755,True,0,False,82.0,criticalReview,9.046420384513581,3.36,92.0
71,2,fall_inactive,68,45.98484127049445,30.24170440702304,0.5539963219887591,97,36.57258127560954,0.8744062020281345,True,0,False,82.0,criticalReview,10.521730308080345,3.36,92.0
71,3,fall_inactive,71,46.873712120427804,35.503142388307616,0.6364958488367689,99,36.62980078725388,0.8252349742864032,True,0,False,82.0,criticalReview,12.351353400816675,3.36,92.0
71,4,fall_inactive,75,52.23710626091328,35.002393660356255,0.6437168039935397,99,36.531475451089335,0.8532280026158204,True,0,False,82.0,criticalReview,12.00925771689013,3.36,92.0
71,5,fall_inactive,75,46.111668819538956,35.70679708148944,0.5608578882386704,98,36.711432152276295,0.8629577700242633,True,0,False,82.0,criticalReview,14.444696454623692,3.36,92.0
71,6,fall_inactive,69,47.34364518344882,32.467119414968586,0.6097032973373026,99,36.61123086202351,0.8323764646915472,True,0,False,82.0,criticalReview,9.712570158420862,3.36,92.0
71,7,fall_inactive,71,52.883858750908,32.71353902996398,0.6825881609591663,98,36.79769642114094,0.8412785021196884,True,0,False,82.0,criticalReview,8.291732096544823,3.36,92.0
71,8,fall_inactive,71,48.96976749618426,34.880599261587626,0.6457184690116058,97,36.70412664740155,0.898129885667387,True,0,False,82.0,criticalReview,10.543220885267704,3.36,92.0
71,9,fall_inactive,71,50.31279884175409,29.175535845035203,0.6760291809087143,97,36.77016126916535,0.8440933529594792,True,0,False,82.0,criticalReview,8.867417578846931,3.36,92.0
71,10,fall_inactive,76,54.09149813830088,30.832080897835862,0.5712806606241689,97,36.58240266575239,0.8727657234442511,True,0,False,82.0,criticalReview,9.977771775408685,3.36,92.0
71,11,fall_inactive,70,54.71455526030529,34.62920426271472,0.6776644273044099,99,36.51933036711937,0.9018510902321715,True,0,False,82.0,criticalReview,10.336708700292697,3.36,92.0
71,12,fall_inactive,69,49.339445597011036,28.905992935829133,0.595423166413044,99,36.62489157979222,0.8520117143843899,True,0,False,82.0,criticalReview,8.926478188574189,3.36,92.0
71,13,fall_inactive,70,47.08957540869112,33.457946938159736,0.6641562025200315,98,36.603020298343495,0.8992348265231568,True,0,False,82.0,criticalReview,10.780615333925969,3.36,92.0
71,14,fall_inactive,69,45.63864008312561,35.12538999424892,0.6777375286991533,99,36.75282990985795,0.886263198695073,True,0,False,82.0,criticalReview,12.203988976636747,3.36,92.0
71,15,fall_inactive,72,48.556417717452184,28.326176399589784,0.6391292746615457,97,36.76356776069574,0.8783522057529298,True,0,False,82.0,criticalReview,9.244898739042426,3.36,92.0
71,16,fall_inactive,68,47.95504853817972,29.563180340451208,0.6707512433483418,97,36.63737689660346,0.884225678625341,True,0,False,82.0,criticalReview,9.422651137830275,3.36,92.0
71,17,fall_inactive,73,52.792466529525456,32.38244601450523,0.6741599377300654,97,36.591545405605736,0.8635945493945035,True,0,False,82.0,criticalReview,8.760125103011827,3.36,92.0
71,18,fall_inactive,74,54.37201925820588,33.254048403703784,0.666684395109625,99,36.66621036376925,0.8483883543890058,True,0,False,82.0,criticalReview,10.67646645656901,3.36,92.0
71,19,fall_inactive,73,45.14847016046226,35.16472728998962,0.6071629925725233,97,36.59015656320793,0.8852583572279105,True,0,False,82.0,criticalReview,12.279270949148952,3.36,92.0
71,20,fall_inactive,74,51.86112831245562,34.28250670484104,0.5896154664802716,97,36.693815836935606,0.8924050778061368,True,0,False,82.0,criticalReview,10.451589093418274,3.36,92.0
71,21,fall_inactive,71,49.326462018946295,35.91019888850701,0.651652523087807,97,36.61403563498856,0.8686086099084627,True,0,False,82.0,criticalReview,11.410573005671743,3.36,92.0
71,22,fall_inactive,76,53.29690835937621,33.86614667384424,0.5637882018290215,97,36.76101361788327,0.8300628926696343,True,0,False,82.0,criticalReview,12.030324566539255,3.36,92.0
71,23,fall_inactive,68,52.52644587091967,33.796832192524235,0.5765281374818543,99,36.52630022512052,0.8295304061046161,True,0,False,82.0,criticalReview,9.779117965179807,3.36,92.0
71,24,fall_inactive,72,53.19572557675002,32.524441823953644,0.6798615943592905,99,36.51827515628092,0.8362653817812481,True,0,False,82.0,criticalReview,8.52776600687906,3.36,92.0
71,25,fall_inactive,73,46.75519271820037,30.689991561793253,0.5611931680473683,99,36.521316409407156,0.8448606056827254,True,0,False,82.0,criticalReview,10.050270731661753,3.36,92.0
71,26,fall_inactive,71,47.259827746026815,28.520030172048305,0.5955773617151345,97,36.755356457827766,0.856766219415614,True,0,False,82.0,criticalReview,9.818419216140102,3.36,92.0
71,27,fall_inactive,72,48.26102757916369,30.71193494983139,0.6583017924859906,99,36.79180970708385,0.8487146143980502,True,0,False,82.0,criticalReview,9.025374463292616,3.36,92.0
71,28,fall_inactive,72,46.6928741108134,35.88629100238389,0.6416207465724426,99,36.600775495552185,0.8440859650904109,True,0,False,82.0,criticalReview,11.931057914743905,3.36,92.0
71,29,fall_inactive,76,53.70753525177586,34.562572019151105,0.6777730996653444,99,36.56966321092018,0.8678168001467295,True,0,False,82.0,criticalReview,11.740396736815969,3.36,92.0
71,30,fall_inactive,74,46.65800674501314,35.96220960183722,0.6616069066502376,98,36.740459765514345,0.8338612244232932,True,0,False,82.0,criticalReview,13.640302842408087,3.36,92.0
71,31,fall_inactive,71,54.33726469487891,30.96745073010746,0.5632073891252152,98,36.784134632256944,0.872505085056137,True,0,False,82.0,criticalReview,8.278420710156047,3.36,92.0
71,32,fall_inactive,73,52.47593044445248,29.660091063490835,0.6182670644607203,98,36.5631478186175,0.8748511354051874,True,0,False,82.0,criticalReview,8.527617561873639,3.36,92.0
71,33,fall_inactive,68,51.576616680182966,29.137425932611144,0.6767783544616182,99,36.59692719599022,0.828346163299481,True,0,False,82.0,criticalReview,7.949427803328917,3.36,92.0
71,34,fall_inactive,74,46.50743191772803,31.60184172057895,0.6236586580396795,97,36.61662564042765,0.8550278084812613,True,0,False,82.0,criticalReview,11.488670398873781,3.36,92.0
71,35,fall_inactive,69,51.78316401267242,29.381217743737025,0.6406618000296391,99,36.51237121162183,0.9035013501812589,True,0,False,82.0,criticalReview,8.653262995827395,3.36,92.0
71,36,fall_inactive,71,53.533645756188854,28.728935357824536,0.6064967832880623,98,36.56266704325099,0.8486539286216921,True,0,False,82.0,criticalReview,8.179617995825726,3.36,92.0
71,37,fall_inactive,71,49.107149399628945,32.946094609368416,0.619178341551823,98,36.635257044673416,0.8811292188483776,True,0,False,82.0,criticalReview,9.806598888992008,3.36,92.0
71,38,fall_inactive,75,49.81845330968814,31.244123759895654,0.5535581487307579,97,36.663843415726845,0.8326632734250662,True,0,False,82.0,criticalReview,10.314208426195297,3.36,92.0
71,39,fall_inactive,69,49.58629496889007,33.11832000307242,0.6523978585081726,99,36.713269753018054,0.8310382229848502,True,0,False,82.0,criticalReview,9.127389155860238,3.36,92.0
101,0,normal,70,49.429966115355256,29.60809366513221,0.5643626709331189,97,36.73048473832867,0.9058919429186799,True,120,True,5.6882134484913,normal,8.5357993958345,11.36,0.0
101,1,normal,68,47.418196994008795,34.61667150222384,0.5529537775464681,97,36.52293783667821,0.8607200272080299,True,120,True,5.992536214792315,normal,10.908453251339004,11.36,0.0
101,2,normal,73,48.35834994271759,29.0800068212061,0.6405085294937302,97,36.52673404245498,0.8635690642750568,True,120,True,6.2610124782403656,normal,9.150175113569315,11.36,0.0
101,3,normal,73,45.457551498501026,29.133903037284583,0.6356543018561613,99,36.634701241738874,0.9120211565020456,True,120,True,6.679770202682297,normal,10.47324105225856,11.36,0.0
101,4,normal,74,47.69225364034064,29.363710519291573,0.5639404360336503,97,36.66462393320542,0.9208307376710054,True,120,True,6.546788403684165,normal,9.975866529938317,11.36,0.0
101,5,normal,72,52.57611332570981,33.18332580854434,0.6073008888326126,98,36.62928730750695,0.9178871879053216,True,120,True,5.877421707262354,normal,9.238688537054914,11.36,0.0
101,6,normal,68,53.8955547567938,32.37583362573298,0.6617478987920561,97,36.731835926523416,0.8707849619303175,True,120,True,5.180864384080746,normal,8.445687399720688,11.36,0.0
101,7,normal,68,50.42373712044177,32.00608781150033,0.6112760678245903,97,36.592985706824926,0.8731434946992482,True,120,True,5.34332364228916,normal,8.23579229762676,11.36,0.0
101,8,normal,73,47.93744002221311,35.55362629711783,0.6373323477652236,97,36.65107565767183,0.9274206336146292,True,120,True,6.828271613277595,normal,12.160919175803377,11.36,0.0
101,9,normal,68,48.353330199009086,33.20734697935835,0.5826616403764979,99,36.57394843141911,0.8671267343605195,True,120,True,5.7321187596107155,normal,9.729422495577554,11.36,0.0
101,10,normal,74,45.91724180976771,31.45742719549646,0.6535118870276746,97,36.75188245933806,0.8525903256766469,True,120,True,6.792696882153436,normal,10.54482786953587,11.36,0.0
101,11,normal,74,53.64508089246163,28.683329041808612,0.6317590866157852,99,36.792438632035434,0.9250279241152551,True,120,True,6.0795419458420845,normal,9.324537019276704,11.36,0.0
101,12,normal,73,48.10919183243729,33.53583490332716,0.5737801837990276,97,36.601405736530836,0.8680938982805658,True,120,True,6.489862019838327,normal,10.466675986189586,11.36,0.0
101,13,normal,68,53.81580246121514,29.712945670589562,0.6324545357526228,98,36.62188121252238,0.8758198386239477,True,120,True,5.161273211779472,normal,8.366998404440725,11.36,0.0
101,14,normal,71,45.992771789706076,29.72098455151555,0.5555107772587455,98,36.65235876417273,0.8582103584013787,True,120,True,6.315337754118328,normal,10.156107602534805,11.36,0.0
101,15,normal,69,49.10954280724892,28.26188120833446,0.5810307752074088,98,36.68785088717187,0.926184184980994,True,120,True,5.619963032725851,normal,8.692686100224638,11.36,0.0
101,16,normal,73,48.65653616212016,29.99848596308126,0.6502349806687544,99,36.74979432000501,0.8740650932880613,True,120,True,6.370247694345178,normal,9.841907572997386,11.36,0.0
101,17,normal,74,52.599157129333236,35.28804663206734,0.6146066857278737,97,36.676402277464994,0.9196528052829118,True,120,True,6.5288368028317265,normal,11.489338092995883,11.36,0.0
101,18,normal,68,52.96264175909148,28.104773547891792,0.5786001246748165,97,36.640076535275824,0.9212116417641537,True,120,True,5.208191164390095,normal,8.4363562965811,11.36,0.0
101,19,normal,75,51.564209341795774,28.212618615085873,0.6717046745315647,97,36.677072490903846,0.8839042464582869,True,120,True,6.435323481344925,normal,9.814402903002595,11.36,0.0
101,20,normal,76,49.1075821717501,34.13619377947899,0.5978930518470029,98,36.740878585169185,0.8700097025372863,True,120,True,6.880868380196194,normal,10.896977167615479,11.36,0.0
101,21,normal,75,49.509748854179485,32.30696925242344,0.5679205668753107,99,36.50256690585602,0.8759210350799391,True,120,True,6.549379313473031,normal,9.93610830151561,11.36,0.0
101,22,normal,68,51.63873942267842,28.59488791459325,0.5823076460549524,97,36.7076573439183,0.9081976938716231,True,120,True,5.287600502777909,normal,8.407863293687283,11.36,0.0
101,23,normal,73,45.46872450585269,31.125281475489395,0.6835017312864157,98,36.53374439798681,0.9091164380170309,True,120,True,6.666083611005295,normal,10.306368206665793,11.36,0.0
101,24,normal,76,48.25772311709817,30.540038623448915,0.6608965351001451,98,36.689754099410514,0.8677198443966482,True,120,True,7.021483062085162,normal,11.25664677012023,11.36,0.0
101,25,normal,74,54.3333349933709,32.43928273950759,0.6040832303555392,97,36.57217932567497,0.8755878654179071,True,120,True,5.98245046836937,normal,9.080280819506186,11.36,0.0
101,26,normal,74,54.878548757945396,34.17750460383324,0.5586068433421212,97,36.56290445673655,0.8601735066948498,True,120,True,6.222791372306013,normal,10.695943418149312,11.36,0.0
101,27,normal,69,47.01799847477315,29.048833332952448,0.5575058210188496,98,36.5200135317303,0.9180375953491013,True,120,True,5.934687488574516,normal,9.757354148130142,11.36,0.0
101,28,normal,70,49.84530992498676,33.544242702936245,0.6037323014281457,98,36.51918263843298,0.8704670640155031,True,120,True,5.707973478652354,normal,8.712666168220405,11.36,0.0
101,29,normal,72,49.879726526427135,35.702272724522885,0.6714185901297887,99,36.65130206977782,0.8532983895841519,True,120,True,6.342794165814146,normal,10.755542645770767,11.36,0.0
101,30,normal,76,49.578150805070635,35.84644364192792,0.5866729604934473,98,36.64893792697224,0.8788224483195777,True,120,True,7.2359370143331745,normal,13.056122025971622,11.36,0.0
101,31,normal,71,53.5991477790674,29.6131778180475,0.6212180168721625,98,36.590793979062376,0.9219908294053368,True,120,True,5.561696133651937,normal,8.495304166555984,11.36,0.0
101,32,normal,69,48.097777637093884,34.62599752886689,0.633779812325936,98,36.60205278933794,0.8575684621745061,True,120,True,6.121077628925274,normal,11.018898164291652,11.36,0.0
101,33,normal,68,52.755533921966084,30.75459015733358,0.5892307056309568,97,36.508961449361436,0.9193980522881194,True,120,True,5.169723460680871,normal,8.12927490954211,11.36,0.0
101,34,normal,73,49.18071621450353,32.70054419664761,0.6883014862316617,97,36.739681512657235,0.9020613988124084,True,120,True,6.324657943472129,normal,9.696306500663264,11.36,0.0
101,35,normal,75,52.28816947379408,29.88865769489444,0.5612642589773964,97,36.756607013023384,0.8983310765611096,True,120,True,6.37503987542391,normal,9.950977478682505,11.36,0.0
101,36,normal,74,51.85609188482012,33.522553808057395,0.5563489138254988,98,36.58115813933911,0.8951081644315331,True,120,True,6.421282085529482,normal,10.747679172869342,11.36,0.0
101,37,normal,72,50.9824060275354,31.173994863388792,0.6276436131537305,99,36.7271318608302,0.8528070097973612,True,120,True,5.853032599404285,normal,8.506382191944166,11.36,0.0
101,38,normal,70,46.979129594831036,29.407418692558544,0.6364770172305143,98,36.66398806834867,0.9230185508667418,True,120,True,6.060468269347901,normal,9.605247654424025,11.36,0.0
101,39,normal,73,53.04680292602014,32.59270331852093,0.5618513573960385,99,36.688999651650995,0.923484964194437,True,120,True,5.743384426493407,normal,8.067442465453233,11.36,0.0
101,0,stationary,70,49.429966115355256,29.60809366513221,0.5643626709331189,97,36.73048473832867,0.9058919429186799,True,0,False,15.568213448491301,normal,8.5357993958345,11.36,38.0
101,1,stationary,68,47.418196994008795,34.61667150222384,0.5529537775464681,97,36.52293783667821,0.8607200272080299,True,0,False,15.872536214792316,normal,10.908453251339004,11.36,38.0
101,2,stationary,73,48.35834994271759,29.0800068212061,0.6405085294937302,97,36.52673404245498,0.8635690642750568,True,0,False,16.141012478240366,normal,9.150175113569315,11.36,38.0
101,3,stationary,73,45.457551498501026,29.133903037284583,0.6356543018561613,99,36.634701241738874,0.9120211565020456,True,0,False,16.559770202682298,normal,10.47324105225856,11.36,38.0
101,4,stationary,74,47.69225364034064,29.363710519291573,0.5639404360336503,97,36.66462393320542,0.9208307376710054,True,0,False,16.426788403684164,normal,9.975866529938317,11.36,38.0
101,5,stationary,72,52.57611332570981,33.18332580854434,0.6073008888326126,98,36.62928730750695,0.9178871879053216,True,0,False,15.757421707262354,normal,9.238688537054914,11.36,38.0
101,6,stationary,68,53.8955547567938,32.37583362573298,0.6617478987920561,97,36.731835926523416,0.8707849619303175,True,0,False,15.060864384080746,normal,8.445687399720688,11.36,38.0
101,7,stationary,68,50.42373712044177,32.00608781150033,0.6112760678245903,97,36.592985706824926,0.8731434946992482,True,0,False,15.223323642289161,normal,8.23579229762676,11.36,38.0
101,8,stationary,73,47.93744002221311,35.55362629711783,0.6373323477652236,97,36.65107565767183,0.9274206336146292,True,0,False,16.708271613277596,normal,12.160919175803377,11.36,38.0
101,9,stationary,68,48.353330199009086,33.20734697935835,0.5826616403764979,99,36.57394843141911,0.8671267343605195,True,0,False,15.612118759610716,normal,9.729422495577554,11.36,38.0
101,10,stationary,74,45.91724180976771,31.45742719549646,0.6535118870276746,97,36.75188245933806,0.8525903256766469,True,0,False,16.67269688215344,normal,10.54482786953587,11.36,38.0
101,11,stationary,74,53.64508089246163,28.683329041808612,0.6317590866157852,99,36.792438632035434,0.9250279241152551,True,0,False,15.959541945842085,normal,9.324537019276704,11.36,38.0
101,12,stationary,73,48.10919183243729,33.53583490332716,0.5737801837990276,97,36.601405736530836,0.8680938982805658,True,0,False,16.36986201983833,normal,10.466675986189586,11.36,38.0
101,13,stationary,68,53.81580246121514,29.712945670589562,0.6324545357526228,98,36.62188121252238,0.8758198386239477,True,0,False,15.041273211779473,normal,8.366998404440725,11.36,38.0
101,14,stationary,71,45.992771789706076,29.72098455151555,0.5555107772587455,98,36.65235876417273,0.8582103584013787,True,0,False,16.195337754118327,normal,10.156107602534805,11.36,38.0
101,15,stationary,69,49.10954280724892,28.26188120833446,0.5810307752074088,98,36.68785088717187,0.926184184980994,True,0,False,15.499963032725852,normal,8.692686100224638,11.36,38.0
101,16,stationary,73,48.65653616212016,29.99848596308126,0.6502349806687544,99,36.74979432000501,0.8740650932880613,True,0,False,16.250247694345177,normal,9.841907572997386,11.36,38.0
101,17,stationary,74,52.599157129333236,35.28804663206734,0.6146066857278737,97,36.676402277464994,0.9196528052829118,True,0,False,16.40883680283173,normal,11.489338092995883,11.36,38.0
101,18,stationary,68,52.96264175909148,28.104773547891792,0.5786001246748165,97,36.640076535275824,0.9212116417641537,True,0,False,15.088191164390096,normal,8.4363562965811,11.36,38.0
101,19,stationary,75,51.564209341795774,28.212618615085873,0.6717046745315647,97,36.677072490903846,0.8839042464582869,True,0,False,16.315323481344926,normal,9.814402903002595,11.36,38.0
101,20,stationary,76,49.1075821717501,34.13619377947899,0.5978930518470029,98,36.740878585169185,0.8700097025372863,True,0,False,16.760868380196193,normal,10.896977167615479,11.36,38.0
101,21,stationary,75,49.509748854179485,32.30696925242344,0.5679205668753107,99,36.50256690585602,0.8759210350799391,True,0,False,16.42937931347303,normal,9.93610830151561,11.36,38.0
101,22,stationary,68,51.63873942267842,28.59488791459325,0.5823076460549524,97,36.7076573439183,0.9081976938716231,True,0,False,15.16760050277791,normal,8.407863293687283,11.36,38.0
101,23,stationary,73,45.46872450585269,31.125281475489395,0.6835017312864157,98,36.53374439798681,0.9091164380170309,True,0,False,16.546083611005294,normal,10.306368206665793,11.36,38.0
101,24,stationary,76,48.25772311709817,30.540038623448915,0.6608965351001451,98,36.689754099410514,0.8677198443966482,True,0,False,16.901483062085163,normal,11.25664677012023,11.36,38.0
101,25,stationary,74,54.3333349933709,32.43928273950759,0.6040832303555392,97,36.57217932567497,0.8755878654179071,True,0,False,15.86245046836937,normal,9.080280819506186,11.36,38.0
101,26,stationary,74,54.878548757945396,34.17750460383324,0.5586068433421212,97,36.56290445673655,0.8601735066948498,True,0,False,16.102791372306015,normal,10.695943418149312,11.36,38.0
101,27,stationary,69,47.01799847477315,29.048833332952448,0.5575058210188496,98,36.5200135317303,0.9180375953491013,True,0,False,15.814687488574517,normal,9.757354148130142,11.36,38.0
101,28,stationary,70,49.84530992498676,33.544242702936245,0.6037323014281457,98,36.51918263843298,0.8704670640155031,True,0,False,15.587973478652355,normal,8.712666168220405,11.36,38.0
101,29,stationary,72,49.879726526427135,35.702272724522885,0.6714185901297887,99,36.65130206977782,0.8532983895841519,True,0,False,16.222794165814147,normal,10.755542645770767,11.36,38.0
101,30,stationary,76,49.578150805070635,35.84644364192792,0.5866729604934473,98,36.64893792697224,0.8788224483195777,True,0,False,17.115937014333177,normal,13.056122025971622,11.36,38.0
101,31,stationary,71,53.5991477790674,29.6131778180475,0.6212180168721625,98,36.590793979062376,0.9219908294053368,True,0,False,15.441696133651938,normal,8.495304166555984,11.36,38.0
101,32,stationary,69,48.097777637093884,34.62599752886689,0.633779812325936,98,36.60205278933794,0.8575684621745061,True,0,False,16.001077628925273,normal,11.018898164291652,11.36,38.0
101,33,stationary,68,52.755533921966084,30.75459015733358,0.5892307056309568,97,36.508961449361436,0.9193980522881194,True,0,False,15.049723460680871,normal,8.12927490954211,11.36,38.0
101,34,stationary,73,49.18071621450353,32.70054419664761,0.6883014862316617,97,36.739681512657235,0.9020613988124084,True,0,False,16.204657943472128,normal,9.696306500663264,11.36,38.0
101,35,stationary,75,52.28816947379408,29.88865769489444,0.5612642589773964,97,36.756607013023384,0.8983310765611096,True,0,False,16.25503987542391,normal,9.950977478682505,11.36,38.0
101,36,stationary,74,51.85609188482012,33.522553808057395,0.5563489138254988,98,36.58115813933911,0.8951081644315331,True,0,False,16.301282085529483,normal,10.747679172869342,11.36,38.0
101,37,stationary,72,50.9824060275354,31.173994863388792,0.6276436131537305,99,36.7271318608302,0.8528070097973612,True,0,False,15.733032599404286,normal,8.506382191944166,11.36,38.0
101,38,stationary,70,46.979129594831036,29.407418692558544,0.6364770172305143,98,36.66398806834867,0.9230185508667418,True,0,False,15.940468269347901,normal,9.605247654424025,11.36,38.0
101,39,stationary,73,53.04680292602014,32.59270331852093,0.5618513573960385,99,36.688999651650995,0.923484964194437,True,0,False,15.623384426493407,normal,8.067442465453233,11.36,38.0
101,0,stress_shift,114,23.322866118977657,75.92303646089051,0.5643626709331189,97,36.73048473832867,0.9058919429186799,True,120,True,23.884199827448814,normal,63.072577088405964,18.8333656838543,0.0
101,1,stress_shift,112,15.944579407932654,80.56293261399341,0.5529537775464681,97,36.52293783667821,0.8607200272080299,True,120,True,25.70022395881571,normal,67.24744635042404,23.5554691789231,0.0
101,2,stress_shift,98,24.817868445659613,81.51537128037947,0.6405085294937302,97,36.52673404245498,0.8635690642750568,True,120,True,21.026409621628403,normal,59.419299922768246,17.87656419477785,0.0
101,3,stress_shift,115,24.85687790934101,77.08975978769647,0.6356543018561613,99,36.634701241738874,0.9120211565020456,True,120,True,23.83729686221843,normal,63.507349451953075,17.851598138021757,0.0
101,4,stress_shift,97,17.66695007578841,81.25107691191347,0.5639404360336503,97,36.66462393320542,0.9208307376710054,True,120,True,22.576120333599636,normal,61.78762723003442,22.453151951495418,0.0
101,5,stress_shift,114,19.139666547987233,86.73369404611086,0.6073008888326126,98,36.62928730750695,0.9178871879053216,True,120,True,25.935491327448737,normal,70.24557573023242,21.51061340928817,0.0
101,6,stress_shift,98,22.275508477534903,86.16369701389254,0.6617478987920561,97,36.731835926523416,0.8707849619303175,True,120,True,21.70713052917891,normal,60.64411016884561,19.503674574377662,0.0
101,7,stress_shift,108,17.140116102347022,85.19258790877302,0.6112760678245903,97,36.592985706824926,0.8731434946992482,True,120,True,24.852989919254863,normal,66.33155445296875,22.790325694497906,0.0
101,8,stress_shift,95,16.706819225794582,80.69127801947812,0.6373323477652236,97,36.65107565767183,0.9274206336146292,True,120,True,22.4424051298463,normal,61.31158623075378,23.067635695491468,0.0
101,9,stress_shift,102,16.10651238974141,84.07750642275329,0.5826616403764979,99,36.57394843141911,0.8671267343605195,True,120,True,23.991111895319637,normal,64.66326670587289,23.451832070565494,0.0
101,10,stress_shift,105,19.429587022829125,77.46765310545841,0.6535118870276746,97,36.75188245933806,0.8525903256766469,True,120,True,23.81352287837731,normal,64.78072695090377,21.32506430538936,0.0
101,11,stress_shift,103,16.246574162937055,83.03763153010014,0.6317590866157852,99,36.792438632035434,0.9250279241152551,True,120,True,24.212243874537652,normal,65.25216237234861,23.362192535720283,0.0
101,12,stress_shift,114,24.285025085220425,88.0227974018364,0.5737801837990276,97,36.601405736530836,0.8680938982805658,True,120,True,23.847998719488036,normal,63.80458690483585,18.217583945458927,0.0
101,13,stress_shift,103,21.080869440501143,88.47632058270449,0.6324545357526228,98,36.62188121252238,0.8758198386239477,True,120,True,22.94555187104524,normal,62.99572316838227,20.26824355807927,0.0
101,14,stress_shift,97,20.52680737619932,78.43633460515876,0.5555107772587455,98,36.65235876417273,0.8582103584013787,True,120,True,21.947283481216186,normal,61.1397688850024,20.622843279232434,0.0
101,15,stress_shift,101,22.338595709703245,84.08677126919717,0.5810307752074088,98,36.68785088717187,0.926184184980994,True,120,True,22.236952816791785,normal,61.766936374705715,19.46329874578992,0.0
101,16,stress_shift,113,20.22555170009718,81.15992239779186,0.6502349806687544,99,36.74979432000501,0.8740650932880613,True,120,True,25.59196676181989,normal,70.00721328727614,20.815646911937804,0.0
101,17,stress_shift,102,24.25197131768322,78.32373070583371,0.6146066857278737,97,36.676402277464994,0.9196528052829118,True,120,True,21.98643436512237,normal,61.52045781481195,18.238738356682738,0.0
101,18,stress_shift,97,15.87386607793637,87.69315944250502,0.5786001246748165,97,36.640076535275824,0.9212116417641537,True,120,True,22.9752947278849,normal,62.202506494996385,23.600725710120724,0.0
101,19,stress_shift,105,24.695027043099092,81.7764209600051,0.6717046745315647,97,36.677072490903846,0.8839042464582869,True,120,True,22.535183650447074,normal,62.85142733144991,17.95518269241658,0.0
101,20,stress_shift,107,21.624660500852553,75.22206305044479,0.5978930518470029,98,36.740878585169185,0.8700097025372863,True,120,True,23.279770099081475,normal,62.73503488578176,19.920217279454366,0.0
101,21,stress_shift,113,15.00328599825137,85.33960408048422,0.5679205668753107,99,36.50256690585602,0.8759210350799391,True,120,True,26.071102424815752,normal,67.6661622315002,24.15789696111912,0.0
101,22,stress_shift,111,21.702885423863414,84.70101016406356,0.5823076460549524,97,36.7076573439183,0.9081976938716231,True,120,True,24.171632925578958,normal,65.07425853649062,19.870153328727415,0.0
101,23,stress_shift,95,16.639691488470334,84.66294054331823,0.6835017312864157,98,36.53374439798681,0.9091164380170309,True,120,True,22.427287989980996,normal,61.06978355705004,23.110597447378986,0.0
101,24,stress_shift,100,21.655360113156412,87.0902744582288,0.6608965351001451,98,36.689754099410514,0.8677198443966482,True,120,True,22.321270013144122,normal,62.082322429586654,19.900569527579897,0.0
101,25,stress_shift,100,16.750682984703634,89.56180814063931,0.6040832303555392,97,36.57217932567497,0.8755878654179071,True,120,True,23.376553726363078,normal,63.20576231236915,23.039562889789675,0.0
101,26,stress_shift,98,17.070267985935086,89.773951099904,0.5586068433421212,97,36.56290445673655,0.8601735066948498,True,120,True,22.92874910961014,normal,62.486042406484565,22.835028489001544,0.0
101,27,stress_shift,111,21.453848134507453,76.24237179699315,0.5575058210188496,98,36.5200135317303,0.9180375953491013,True,120,True,24.064310430985554,normal,64.28078080116758,20.029537193915232,0.0
101,28,stress_shift,97,19.960089280628246,77.70068433576958,0.6037323014281457,98,36.51918263843298,0.8704670640155031,True,120,True,21.99125441306405,normal,60.727972083508305,20.98554286039792,0.0
101,29,stress_shift,97,19.497448765295523,79.85086384372177,0.6714185901297887,99,36.65130206977782,0.8532983895841519,True,120,True,22.122415584136192,normal,60.864979469334834,21.281632790210864,0.0
101,30,stress_shift,112,19.168751839169257,88.05113110861977,0.5866729604934473,98,36.64893792697224,0.8788224483195777,True,120,True,24.91884524895993,normal,66.02906137557224,21.491998822931677,0.0
101,31,stress_shift,103,19.240100211885974,83.21960640973097,0.6212180168721625,98,36.590793979062376,0.9219908294053368,True,120,True,23.52236929576698,normal,64.4016121158499,21.446335864392978,0.0
101,32,stress_shift,110,22.382715530691836,81.85970195911169,0.633779812325936,98,36.60205278933794,0.8575684621745061,True,120,True,23.861322115070593,normal,64.60183933901403,19.435062060357225,0.0
101,33,stress_shift,103,15.76297326837606,82.12275038436698,0.5892307056309568,97,36.508961449361436,0.9193980522881194,True,120,True,24.35679236804517,normal,65.66103467746984,23.67169710823932,0.0
101,34,stress_shift,111,21.259971463379358,78.0479533292432,0.6883014862316617,97,36.739681512657235,0.9020613988124084,True,120,True,24.33451872928916,normal,65.33117856280113,20.15361826343721,0.0
101,35,stress_shift,101,24.575441963827384,89.67490567605908,0.5612642589773964,97,36.756607013023384,0.8983310765611096,True,120,True,21.732674942136256,normal,61.21723284553288,18.031717143150473,0.0
101,36,stress_shift,101,18.515899746591693,80.92847363401401,0.5563489138254988,98,36.58115813933911,0.8951081644315331,True,120,True,23.24434491607055,normal,63.63099411621736,21.909824162181316,0.0
101,37,stress_shift,108,19.66059353216631,87.07547197980422,0.6276436131537305,99,36.7271318608302,0.8528070097973612,True,120,True,24.34173687692028,normal,65.95212431018899,21.177220139413564,0.0
101,38,stress_shift,100,24.370690443343943,82.15967250495177,0.6364770172305143,98,36.66398806834867,0.9230185508667418,True,120,True,21.617840549189875,normal,60.9087536113701,18.162758116259877,0.0
101,39,stress_shift,109,21.193838517017262,80.95108468184497,0.5618513573960385,99,36.688999651650995,0.923484964194437,True,120,True,23.914996729637686,normal,64.54735767352578,20.19594334910895,0.0
101,0,exercise,140,32.484299178466486,50.92303646089052,0.5643626709331189,97,36.73048473832867,0.9058919429186799,True,0,False,18.44719329280354,normal,35.629532979540855,4.970048525781449,0.0
101,1,exercise,122,21.416869111898983,55.56293261399341,0.5529537775464681,97,36.52293783667821,0.8607200272080299,True,0,False,19.934027571938174,normal,41.81672188921839,12.05320376838465,0.0
101,2,exercise,136,34.72680266848941,56.51537128037947,0.6405085294937302,97,36.52673404245498,0.8635690642750568,True,0,False,18.55683192693523,normal,38.30616639299274,3.534846292166776,0.0
101,3,exercise,144,34.78531686401151,52.089759787696465,0.6356543018561613,99,36.634701241738874,0.9120211565020456,True,0,False,18.08939215026408,normal,35.77677272927123,3.497397207032632,0.0
101,4,exercise,120,24.000425113682617,56.25107691191347,0.5639404360336503,97,36.66462393320542,0.9208307376710054,True,0,False,19.10367112427639,normal,41.099451691914275,10.399727927243125,0.0
101,5,exercise,133,26.20949982198085,61.733694046110855,0.6073008888326126,98,36.62928730750695,0.9178871879053216,True,0,False,20.719468476030272,normal,43.323099724499386,8.985920113932258,0.0
101,6,exercise,132,30.913262716302356,61.163697013892545,0.6617478987920561,97,36.731835926523416,0.8707849619303175,True,0,False,19.410200472637328,normal,41.27552801599532,5.975511861566492,0.0
101,7,exercise,140,23.210174153520533,60.19258790877302,0.6112760678245903,97,36.592985706824926,0.8731434946992482,True,0,False,21.437033982353558,normal,42.97284714874135,10.905488541746859,0.0
101,8,exercise,133,22.560228838691877,55.69127801947812,0.6373323477652236,97,36.65107565767183,0.9274206336146292,True,0,False,21.058280922989162,normal,41.53604678116271,11.3214535432372,0.0
101,9,exercise,128,21.659768584612117,59.07750642275329,0.5826616403764979,99,36.57394843141911,0.8671267343605195,True,0,False,20.85841064774921,normal,43.04792526801089,11.897748105848244,0.0
101,10,exercise,122,26.644380534243687,52.4676531054584,0.6535118870276746,97,36.75188245933806,0.8525903256766469,True,0,False,18.465771042407578,normal,38.631723602363294,8.70759645808404,0.0
101,11,exercise,131,21.86986124440558,58.03763153010014,0.6317590866157852,99,36.792438632035434,0.9250279241152551,True,0,False,21.19349099033022,normal,42.97723763337269,11.763288803580428,0.0
101,12,exercise,130,33.92753762783064,63.0227974018364,0.5737801837990276,97,36.601405736530836,0.8680938982805658,True,0,False,18.619943298868275,normal,41.40303110227317,4.046375918188391,0.0
101,13,exercise,122,29.121304160751713,63.47632058270449,0.6324545357526228,98,36.62188121252238,0.8758198386239477,True,0,False,18.719323338190758,normal,42.53222960119094,7.122365337118904,0.0
101,14,exercise,138,28.29021106429898,53.43633460515876,0.5555107772587455,98,36.65235876417273,0.8582103584013787,True,0,False,19.70369453697739,normal,38.47880360498324,7.654264918848654,0.0
101,15,exercise,137,31.00789356455487,59.08677126919717,0.5810307752074088,98,36.68785088717187,0.926184184980994,True,0,False,19.567943480180745,normal,40.36245025566584,5.914948118684883,0.0
101,16,exercise,129,27.83832755014577,56.15992239779186,0.6502349806687544,99,36.74979432000501,0.8740650932880613,True,0,False,19.409770186886565,normal,40.29704487058351,7.943470367906707,0.0
101,17,exercise,141,33.87795697652483,53.32373070583371,0.6146066857278737,97,36.676402277464994,0.9196528052829118,True,0,False,18.42810622687792,normal,36.80262571756514,4.07810753502411,0.0
101,18,exercise,142,21.310799116904555,62.693159442505014,0.5786001246748165,97,36.640076535275824,0.9212116417641537,True,0,False,22.11994003802161,normal,44.95259420192251,12.121088565181084,0.0
101,19,exercise,141,34.54254056464864,56.7764209600051,0.6717046745315647,97,36.677072490903846,0.8839042464582869,True,0,False,18.608838327180244,normal,38.35104922858605,3.6527740386248704,0.0
101,20,exercise,132,29.936990751278827,50.22206305044479,0.5978930518470029,98,36.740878585169185,0.8700097025372863,True,0,False,18.55697443551363,normal,35.69608153590589,6.60032591918155,0.0
101,21,exercise,142,20.004928997377053,60.33960408048422,0.5679205668753107,99,36.50256690585602,0.8759210350799391,True,0,False,22.27386760280735,normal,44.537117850588636,12.956845441678686,0.0
101,22,exercise,125,30.054328135795124,59.70101016406356,0.5823076460549524,97,36.7076573439183,0.9081976938716231,True,0,False,18.694323687522985,normal,41.3727295918556,6.52522999309112,0.0
101,23,exercise,121,22.459537232705497,59.66294054331823,0.6835017312864157,98,36.53374439798681,0.9091164380170309,True,0,False,19.935451333932143,normal,43.27851303583792,11.385896171068481,0.0
101,24,exercise,129,29.98304016973462,62.09027445822881,0.6608965351001451,98,36.689754099410514,0.8677198443966482,True,0,False,19.44142846436414,normal,42.57337765264951,6.5708542913698444,0.0
101,25,exercise,132,22.62602447705545,64.56180814063931,0.6040832303555392,97,36.57217932567497,0.8755878654179071,True,0,False,21.549271682461463,normal,45.07564431931835,11.279344334684513,0.0
101,26,exercise,127,23.10540197890263,64.773951099904,0.5586068433421212,97,36.56290445673655,0.8601735066948498,True,0,False,20.88042661760138,normal,45.328846822971386,10.972542733502316,0.0
101,27,exercise,126,29.68077220176118,51.242371796993154,0.5575058210188496,98,36.5200135317303,0.9180375953491013,True,0,False,18.071476984750703,normal,36.911101462898586,6.764305790872845,0.0
101,28,exercise,141,27.440133920942365,52.70068433576958,0.6037323014281457,98,36.51918263843298,0.8704670640155031,True,0,False,19.77226436176486,normal,37.92336675064577,8.198314290596887,0.0
101,29,exercise,132,26.74617314794329,54.85086384372177,0.6714185901297887,99,36.65130206977782,0.8532983895841519,True,0,False,19.88652594457155,normal,39.780521210271054,8.642449185316295,0.0
101,30,exercise,130,26.253127758753887,63.05113110861977,0.5866729604934473,98,36.64893792697224,0.8788224483195777,True,0,False,20.438961411141552,normal,43.89158461481162,8.957998234397513,0.0
101,31,exercise,141,26.36015031782896,58.21960640973098,0.6212180168721625,98,36.590793979062376,0.9219908294053368,True,0,False,20.65106078293141,normal,41.70262073664223,8.889503796589466,0.0
101,32,exercise,140,31.074073296037753,56.85970195911169,0.633779812325936,98,36.60205278933794,0.8575684621745061,True,0,False,19.40170849833444,normal,39.39994489581887,5.8725930905358386,0.0
101,33,exercise,140,21.14445990256409,57.12275038436698,0.5892307056309568,97,36.508961449361436,0.9193980522881194,True,0,False,21.71555273789508,normal,42.520405732867744,12.227545662358981,0.0
101,34,exercise,131,29.389957195069037,53.04795332924319,0.6883014862316617,97,36.739681512657235,0.9020613988124084,True,0,False,19.03256377337675,normal,38.29905913787344,6.950427395155816,0.0
101,35,exercise,143,34.363162945741074,64.67490567605908,0.5612642589773964,97,36.756607013023384,0.8983310765611096,True,0,False,19.277275252513164,normal,42.10581824592617,3.7675757147257127,0.0
101,36,exercise,138,25.273849619887535,55.92847363401401,0.5563489138254988,98,36.58115813933911,0.8951081644315331,True,0,False,20.642790037321642,normal,40.71053742640274,9.584736243271978,0.0
101,37,exercise,129,26.99089029824946,62.07547197980423,0.6276436131537305,99,36.7271318608302,0.8528070097973612,True,0,False,20.055176866767166,normal,43.08907813413679,8.485830209120344,0.0
101,38,exercise,143,34.05603566501591,57.15967250495178,0.6364770172305143,98,36.66398806834867,0.9230185508667418,True,0,False,18.751195051653696,normal,38.73041694592462,3.964137174389816,0.0
101,39,exercise,136,29.290757775525893,55.951084681844975,0.5618513573960385,99,36.688999651650995,0.923484964194437,True,0,False,19.5874492450959,normal,38.810189238615195,7.013915023663428,0.0
101,0,ecg_scalar_shift,70,49.429966115355256,29.60809366513221,1.9384432966479261,97,36.73048473832867,0.9058919429186799,True,120,True,17.09273540547516,normal,8.5357993958345,73.85589340502457,0.0
101,1,ecg_scalar_shift,68,47.418196994008795,34.61667150222384,1.9717539223863423,97,36.52293783667821,0.8607200272080299,True,120,True,17.571008492645095,normal,10.908453251339004,74.79969446761302,0.0
101,2,ecg_scalar_shift,73,48.35834994271759,29.0800068212061,1.6988077789002265,97,36.52673404245498,0.8635690642750568,True,120,True,16.416254910719957,normal,9.150175113569315,67.06622040217309,0.0
101,3,ecg_scalar_shift,73,45.457551498501026,29.133903037284583,1.9902288347056145,99,36.634701241738874,0.9120211565020456,True,120,True,18.322990066499397,normal,10.47324105225856,75.32315031665908,0.0
101,4,ecg_scalar_shift,74,47.69225364034064,29.363710519291573,1.8102821238836497,97,36.66462393320542,0.9208307376710054,True,120,True,17.297838864088384,normal,9.975866529938317,70.22466017670341,0.0
101,5,ecg_scalar_shift,72,52.57611332570981,33.18332580854434,1.915061695617338,98,36.62928730750695,0.9178871879053216,True,120,True,17.147394318130836,normal,9.238688537054914,73.19341470915792,0.0
101,6,ecg_scalar_shift,68,53.8955547567938,32.37583362573298,1.9328276685701336,97,36.731835926523416,0.8707849619303175,True,120,True,16.522038542658937,normal,8.445687399720688,73.69678394282045,0.0
101,7,ecg_scalar_shift,68,50.42373712044177,32.00608781150033,1.6948828733384955,97,36.592985706824926,0.8731434946992482,True,120,True,15.488967505742805,normal,8.23579229762676,66.95501474459071,0.0
101,8,ecg_scalar_shift,73,47.93744002221311,35.55362629711783,1.8787220572551546,97,36.65107565767183,0.9274206336146292,True,120,True,17.902208856535356,normal,12.160919175803377,72.16379162222938,0.0
101,9,ecg_scalar_shift,68,48.353330199009086,33.20734697935835,1.8309983763416149,99,36.57394843141911,0.8671267343605195,True,120,True,16.58214987032277,normal,9.729422495577554,70.81162066301243,0.0
101,10,ecg_scalar_shift,74,45.91724180976771,31.45742719549646,1.90143062008309,97,36.75188245933806,0.8525903256766469,True,120,True,17.976681408040534,normal,10.54482786953587,72.80720090235423,0.0
101,11,ecg_scalar_shift,74,53.64508089246163,28.683329041808612,1.907530540599398,99,36.792438632035434,0.9250279241152551,True,120,True,17.302388764429146,normal,9.324537019276704,72.98003198364961,0.0
101,12,ecg_scalar_shift,73,48.10919183243729,33.53583490332716,1.8174995360627846,97,36.601405736530836,0.8680938982805658,True,120,True,17.274214396252553,normal,10.466675986189586,70.4291535217789,0.0
101,13,ecg_scalar_shift,68,53.81580246121514,29.712945670589562,1.8169311541559905,98,36.62188121252238,0.8758198386239477,True,120,True,15.921815301432789,normal,8.366998404440725,70.41304936775308,0.0
101,14,ecg_scalar_shift,71,45.992771789706076,29.72098455151555,1.9123613761445306,98,36.65235876417273,0.8582103584013787,True,120,True,17.58999673144042,normal,10.156107602534805,73.11690565742838,0.0
101,15,ecg_scalar_shift,69,49.10954280724892,28.26188120833446,1.6353353581841577,98,36.68785088717187,0.926184184980994,True,120,True,15.472693991181135,normal,8.692686100224638,65.26783514855114,0.0
101,16,ecg_scalar_shift,73,48.65653616212016,29.99848596308126,1.7608594254331447,99,36.74979432000501,0.8740650932880613,True,120,True,16.838487016943873,normal,9.841907572997386,68.82435038727243,0.0
101,17,ecg_scalar_shift,74,52.599157129333236,35.28804663206734,1.820654082075349,97,36.676402277464994,0.9196528052829118,True,120,True,17.314726798622594,normal,11.489338092995883,70.51853232546823,0.0
101,18,ecg_scalar_shift,68,52.96264175909148,28.104773547891792,1.8303923490267593,97,36.640076535275824,0.9212116417641537,True,120,True,16.056579059992465,normal,8.4363562965811,70.79444988909152,0.0
101,19,ecg_scalar_shift,75,51.564209341795774,28.212618615085873,1.8171922086760484,97,36.677072490903846,0.8839042464582869,True,120,True,17.18320819958972,normal,9.814402903002595,70.42044591248803,0.0
101,20,ecg_scalar_shift,76,49.1075821717501,34.13619377947899,1.7320857186986984,98,36.740878585169185,0.8700097025372863,True,120,True,17.221016461881284,normal,10.896977167615479,68.00909536312979,0.0
101,21,ecg_scalar_shift,75,49.509748854179485,32.30696925242344,1.6346484333286542,99,36.50256690585602,0.8759210350799391,True,120,True,16.403279433414806,normal,9.93610830151561,65.2483722776452,0.0
101,22,ecg_scalar_shift,68,51.63873942267842,28.59488791459325,1.9249593337484854,97,36.7076573439183,0.9081976938716231,True,120,True,16.616958659841202,normal,8.407863293687283,73.47384778954043,0.0
101,23,ecg_scalar_shift,73,45.46872450585269,31.125281475489395,1.9228994821428333,98,36.53374439798681,0.9091164380170309,True,120,True,17.948870952903267,normal,10.306368206665793,73.41548532738028,0.0
101,24,ecg_scalar_shift,76,48.25772311709817,30.540038623448915,1.6472984065578462,98,36.689754099410514,0.8677198443966482,True,120,True,16.906761410420486,normal,11.25664677012023,65.60678818580564,0.0
101,25,ecg_scalar_shift,74,54.3333349933709,32.43928273950759,1.7393057619782337,97,36.57217932567497,0.8755878654179071,True,120,True,16.357214591159646,normal,9.080280819506186,68.21366325604995,0.0
101,26,ecg_scalar_shift,74,54.878548757945396,34.17750460383324,1.7669825619668569,97,36.56290445673655,0.8601735066948498,True,120,True,16.75491495936985,normal,10.695943418149312,68.99783925572761,0.0
101,27,ecg_scalar_shift,69,47.01799847477315,29.048833332952448,1.6192912001770283,98,36.5200135317303,0.9180375953491013,True,120,True,15.713977534866242,normal,9.757354148130142,64.81325067168247,0.0
101,28,ecg_scalar_shift,70,49.84530992498676,33.544242702936245,1.781733627605465,98,36.51918263843298,0.8704670640155031,True,120,True,16.299244787211233,normal,8.712666168220405,69.41578611548817,0.0
101,29,ecg_scalar_shift,72,49.879726526427135,35.702272724522885,1.6001163257650879,99,36.65130206977782,0.8532983895841519,True,120,True,15.983693841693839,normal,10.755542645770767,64.26996256334417,0.0
101,30,ecg_scalar_shift,76,49.578150805070635,35.84644364192792,1.9879345340039587,98,36.64893792697224,0.8788224483195777,True,120,True,18.8849128946335,normal,13.056122025971622,75.25814513011217,0.0
101,31,ecg_scalar_shift,71,53.5991477790674,29.6131778180475,1.733438737463981,98,36.590793979062376,0.9219908294053368,True,120,True,15.900431593505003,normal,8.495304166555984,68.0474308948128,0.0
101,32,ecg_scalar_shift,69,48.097777637093884,34.62599752886689,1.9173307351418483,98,36.60205278933794,0.8575684621745061,True,120,True,17.393185253035735,normal,11.018898164291652,73.25770416235237,0.0
101,33,ecg_scalar_shift,68,52.755533921966084,30.75459015733358,1.8720400961527148,97,36.508961449361436,0.9193980522881194,True,120,True,16.226726127572846,normal,8.12927490954211,71.97446939099359,0.0
101,34,ecg_scalar_shift,73,49.18071621450353,32.70054419664761,1.87778995819687,97,36.739681512657235,0.9020613988124084,True,120,True,17.3756760805832,normal,9.696306500663264,72.13738214891131,0.0
101,35,ecg_scalar_shift,75,52.28816947379408,29.88865769489444,1.8425060837195641,97,36.756607013023384,0.8983310765611096,True,120,True,17.291386320494144,normal,9.950977478682505,71.13767237205433,0.0
101,36,ecg_scalar_shift,74,51.85609188482012,33.522553808057395,1.89975086853382,98,36.58115813933911,0.8951081644315331,True,120,True,17.631328762164557,normal,10.747679172869342,72.75960794179157,0.0
101,37,ecg_scalar_shift,72,50.9824060275354,31.173994863388792,1.647816525298534,99,36.7271318608302,0.8528070097973612,True,120,True,15.752804694698819,normal,8.506382191944166,65.6214682167918,0.0
101,38,ecg_scalar_shift,70,46.979129594831036,29.407418692558544,1.6086741892608079,98,36.66398806834867,0.9230185508667418,True,120,True,15.757466225637064,normal,9.605247654424025,64.51243536238955,0.0
101,39,ecg_scalar_shift,73,53.04680292602014,32.59270331852093,1.8484429377895113,99,36.688999651650995,0.923484964194437,True,120,True,16.689799585443964,normal,8.067442465453233,71.30588323736949,0.0
101,0,poor_contact,179,11.099547041151698,85.8546277460096,1.9242578145869023,89,39.0,0.31353298899437776,False,120,True,19.800427032726258,normal,77.55885056115942,0.0,0.0
101,1,poor_contact,180,11.018071722595641,90.48120967911987,1.988271245033419,83,39.0,0.32352617671590267,False,120,True,22.702297251497797,normal,77.7276022492114,0.0,0.0
101,2,poor_contact,161,10.48685874122598,92.22699780392614,1.9727205189968369,85,39.0,0.24164233367006793,False,120,True,22.749749152440653,normal,78.09374346019024,0.0,0.0
101,3,poor_contact,157,8.359511498514419,88.72896605251519,1.950839202812349,81,39.0,0.3290686504116843,False,120,True,22.87074314989321,normal,79.02733911954641,0.0,0.0
101,4,poor_contact,170,10.646131768987992,90.63244991785955,1.8743862987051403,80,39.0,0.2750846371650949,False,120,True,22.69114172151496,normal,77.64152562897345,0.0,0.0
101,5,poor_contact,165,8.427525460552319,91.0873359333713,1.8485207473313474,82,39.0,0.3065185086852014,False,120,True,23.418432331980775,normal,83.25333589491338,0.0,0.0
101,6,poor_contact,146,14.666353021293936,91.72585898042179,1.8733054922433525,82,39.0,0.31184830057104007,False,120,True,22.52893296135959,normal,76.3899148253055,0.0,0.0
101,7,poor_contact,157,13.39270009593526,87.1076512497296,1.9330436013652326,82,39.0,0.24046486200154868,False,120,True,22.58276122101182,normal,76.80525633496775,0.0,0.0
101,8,poor_contact,169,12.755656465351471,85.47350609613574,1.9527614951309777,84,39.0,0.29561661717654636,False,120,True,22.64031022947799,normal,77.24930732621905,0.0,0.0
101,9,poor_contact,148,11.718098388835182,86.95643661832838,1.8449835681992264,88,39.0,0.2812995129024844,False,120,True,20.534575295462446,normal,77.66801925511146,0.0,0.0
101,10,poor_contact,169,9.543160162685263,91.17515159458318,1.8713176152233977,81,39.0,0.3024291860249269,False,120,True,22.762566819888505,normal,78.19264521518909,0.0,0.0
101,11,poor_contact,179,11.486562376238975,88.72782254653467,1.9260236018773802,88,39.0,0.3042591621798194,False,120,True,20.539540384973723,normal,77.70633013097007,0.0,0.0
101,12,poor_contact,168,12.42343286421482,92.54952482202194,1.9675580176006833,89,39.0,0.27724986081883535,False,120,True,19.75781401506726,normal,77.23004641255605,0.0,0.0
101,13,poor_contact,154,10.524775022118327,85.25777816046148,1.978854342060881,89,39.0,0.2770793462467971,False,120,True,19.8588668906422,normal,78.00977539075774,0.0,0.0
101,14,poor_contact,150,11.89768712952283,89.76704921002317,1.8375553100517883,88,39.0,0.30570841284335915,False,120,True,20.526292082969,normal,77.60410557846451,0.0,0.0
101,15,poor_contact,159,14.8167497450391,89.57076040153734,1.8404527882168926,80,39.0,0.22260060745524726,False,120,True,22.48105865773318,normal,76.02051433436095,0.0,0.0
101,16,poor_contact,176,12.147703605453163,91.82736473739037,1.9713002806349336,88,39.0,0.2602578276299433,False,120,True,21.080141571339873,normal,81.87763558132617,0.0,0.0
101,17,poor_contact,162,14.449724154600803,87.80810779585083,1.9546701232999673,87,39.0,0.2781962246226047,False,120,True,21.11396361028947,normal,76.58305254852988,0.0,0.0
101,18,poor_contact,162,8.706892444504806,85.45796865176285,1.9215416034424662,82,39.0,0.28111770470802777,False,120,True,22.83634582839464,normal,78.76192768823026,0.0,0.0
101,19,poor_contact,142,10.43761606128722,88.71768334057766,1.8183493771036718,82,39.0,0.27715766260281444,False,120,True,22.761388118322724,normal,78.18355029570004,0.0,0.0
101,20,poor_contact,176,11.781609419159695,90.3335035862904,1.959045701499932,87,39.0,0.25162571560960956,False,120,True,21.217330983186862,normal,77.38064030236778,0.0,0.0
101,21,poor_contact,149,9.447656835934765,92.89080465483663,1.8949531239549076,87,39.0,0.22239452999859624,False,120,True,21.351590525411567,normal,78.41659356027445,0.0,0.0
101,22,poor_contact,154,11.978575116915447,90.21425007666953,1.8587195786984856,88,39.0,0.3094878001245456,False,120,True,20.531141368660712,normal,77.64152290633267,0.0,0.0
101,23,poor_contact,147,10.577520626845557,93.27501421256542,1.940849420538337,82,39.0,0.30886984464285,False,120,True,22.727335416672535,normal,77.92079796815227,0.0,0.0
101,24,poor_contact,155,12.050620899444963,85.69334424813198,1.8167602939585161,84,39.0,0.2261895219673538,False,120,True,22.693622836786403,normal,77.66067003693212,0.0,0.0
101,25,poor_contact,143,12.297306376977772,90.98272722412781,1.9475628385515955,84,39.0,0.2537917285934701,False,120,True,22.58171868634925,normal,76.7972120860282,0.0,0.0
101,26,poor_contact,162,12.765700596805992,94.37259624259266,1.9514503825024738,84,39.0,0.26209476859005704,False,120,True,22.62325522171041,normal,77.11771004406182,0.0,0.0
101,27,poor_contact,175,12.631059317644567,94.30086931135244,1.828421193535359,87,39.0,0.21778736005310845,False,120,True,21.209673647054103,normal,77.32155591862735,0.0,0.0
101,28,poor_contact,141,10.609684887412874,94.38649918802578,1.947837290740402,89,39.0,0.2665200882816395,False,120,True,19.82263664236875,normal,77.73022100593171,0.0,0.0
101,29,poor_contact,156,14.506118788075211,92.72764685278358,1.8101149458459722,83,39.0,0.21203489772952633,False,120,True,22.499622177229124,normal,76.16375136750868,0.0,0.0
101,30,poor_contact,149,10.440231473903976,85.48184382888947,1.9937292357758838,84,39.0,0.32838036020118755,False,120,True,22.780796807217893,normal,78.33330869766894,0.0,0.0
101,31,poor_contact,165,9.10522034361167,90.82176029573445,1.822480755187164,86,39.0,0.2520316212391943,False,120,True,22.112222403651955,normal,78.73011113928979,0.0,0.0
101,32,poor_contact,160,8.79758934391878,86.24171571372418,1.987818793621287,85,39.0,0.3071992205425545,False,120,True,22.869831457384667,normal,79.02030445512861,0.0,0.0
101,33,poor_contact,165,12.060403030982204,91.63081711533303,1.8957266302174016,83,39.0,0.29361202884581444,False,120,True,22.65765326082066,normal,77.38312701250511,0.0,0.0
101,34,poor_contact,164,13.087160199752361,89.07699387109366,1.8851957855251884,82,39.0,0.295336987459061,False,120,True,22.620439004786554,normal,77.0959799752049,0.0,0.0
101,35,poor_contact,175,9.612311845069229,87.90191380935698,1.8909387226108287,86,39.0,0.2847518251158692,False,120,True,22.090370952002353,normal,78.5615042592774,0.0,0.0
101,36,poor_contact,174,8.777123207546666,86.47196155328722,1.8626782510688575,80,39.0,0.30192526056014596,False,120,True,23.372921890541164,normal,82.90217508133617,0.0,0.0
101,37,poor_contact,157,9.706593047361261,86.23776493112705,1.8172008222040708,83,39.0,0.22634495758956014,False,120,True,22.810549071007838,normal,78.56287863431974,0.0,0.0
101,38,poor_contact,157,8.858058321340241,92.03347079276764,1.8402994891317734,82,39.0,0.21460225677824232,False,120,True,22.833678388893873,normal,78.74134559331691,0.0,0.0
101,39,poor_contact,179,10.395323346689542,94.11433471428319,1.8184626500150232,88,39.0,0.28653288133685334,False,120,True,20.504572003117566,normal,77.43651236973433,0.0,0.0
101,0,missing,0,,,,,0.0,0.172,False,120,True,0.9129281300658906,normal,7.044198534459033,0.0,0.0
101,1,missing,0,,,,,0.0,0.172,False,120,True,0.9309981705951035,normal,7.1836278595301195,0.0,0.0
101,2,missing,0,,,,,0.0,0.172,False,120,True,0.947570909574252,normal,7.311503931900094,0.0,0.0
101,3,missing,0,,,,,0.0,0.172,False,120,True,0.9649348655125248,normal,7.445485073399111,0.0,0.0
101,4,missing,0,,,,,0.0,0.172,False,120,True,0.9013415491529629,normal,6.954795903958049,0.0,0.0
101,5,missing,0,,,,,0.0,0.172,False,120,True,0.9945379426294502,normal,7.67390387831366,0.0,0.0
101,6,missing,0,,,,,0.0,0.172,False,120,True,0.9549141367691255,normal,7.3681646355642405,0.0,0.0
101,7,missing,0,,,,,0.0,0.172,False,120,True,0.9473986349799689,normal,7.310174652623218,0.0,0.0
101,8,missing,0,,,,,0.0,0.172,False,120,True,0.9567556154940438,normal,7.382373576342931,0.0,0.0
101,9,missing,0,,,,,0.0,0.172,False,120,True,0.9573326326359343,normal,7.386825869104431,0.0,0.0
101,10,missing,0,,,,,0.0,0.172,False,120,True,0.9195749744626075,normal,7.095485914063331,0.0,0.0
101,11,missing,0,,,,,0.0,0.172,False,120,True,0.9572805063536145,normal,7.3864236601359154,0.0,0.0
101,12,missing,0,,,,,0.0,0.172,False,120,True,0.9553534879372548,normal,7.3715546908738805,0.0,0.0
101,13,missing,0,,,,,0.0,0.172,False,120,True,0.9506870745799609,normal,7.3355484149688355,0.0,0.0
101,14,missing,0,,,,,0.0,0.172,False,120,True,0.9613883926576519,normal,7.41812031371645,0.0,0.0
101,15,missing,0,,,,,0.0,0.172,False,120,True,0.8985600476746997,normal,6.93333370119367,0.0,0.0
101,16,missing,0,,,,,0.0,0.172,False,120,True,1.0156405282291328,normal,7.836732470903802,0.0,0.0
101,17,missing,0,,,,,0.0,0.172,False,120,True,0.9534523004149433,normal,7.356885034065922,0.0,0.0
101,18,missing,0,,,,,0.0,0.172,False,120,True,0.9490015690166057,normal,7.3225429708071434,0.0,0.0
101,19,missing,0,,,,,0.0,0.172,False,120,True,0.9549854920176694,normal,7.368715216185722,0.0,0.0
101,20,missing,0,,,,,0.0,0.172,False,120,True,0.9280792692859703,normal,7.161105472885573,0.0,0.0
101,21,missing,0,,,,,0.0,0.172,False,120,True,0.9405117126202015,normal,7.257034819600321,0.0,0.0
101,22,missing,0,,,,,0.0,0.172,False,120,True,0.9749750418048758,normal,7.522955569482067,0.0,0.0
101,23,missing,0,,,,,0.0,0.172,False,120,True,0.9363360677944543,normal,7.224815337920172,0.0,0.0
101,24,missing,0,,,,,0.0,0.172,False,120,True,0.970253498558578,normal,7.486523908631003,0.0,0.0
101,25,missing,0,,,,,0.0,0.172,False,120,True,0.8778624021393551,normal,6.773629646136999,0.0,0.0
101,26,missing,0,,,,,0.0,0.172,False,120,True,0.9495194967326837,normal,7.326539326641078,0.0,0.0
101,27,missing,0,,,,,0.0,0.172,False,120,True,0.9630343070969106,normal,7.430820270809496,0.0,0.0
101,28,missing,0,,,,,0.0,0.172,False,120,True,0.9148149853074228,normal,7.058757602680732,0.0,0.0
101,29,missing,0,,,,,0.0,0.172,False,120,True,0.9179993815721239,normal,7.083328561513302,0.0,0.0
101,30,missing,0,,,,,0.0,0.172,False,120,True,0.9864492042815387,normal,7.611490773777305,0.0,0.0
101,31,missing,0,,,,,0.0,0.172,False,120,True,0.9657224313397674,normal,7.4515619702142555,0.0,0.0
101,32,missing,0,,,,,0.0,0.172,False,120,True,0.983758442554275,normal,7.590728723412616,0.0,0.0
101,33,missing,0,,,,,0.0,0.172,False,120,True,0.9383050984364981,normal,7.2400084755902645,0.0,0.0
101,34,missing,0,,,,,0.0,0.172,False,120,True,0.9594158425157275,normal,7.4029000194114785,0.0,0.0
101,35,missing,0,,,,,0.0,0.172,False,120,True,0.9738113788199747,normal,7.513976688425731,0.0,0.0
101,36,missing,0,,,,,0.0,0.172,False,120,True,0.9671735242689281,normal,7.46275867491457,0.0,0.0
101,37,missing,0,,,,,0.0,0.172,False,120,True,0.974113728961929,normal,7.516309637051923,0.0,0.0
101,38,missing,0,,,,,0.0,0.172,False,120,True,0.9526950681214815,normal,7.351042192295383,0.0,0.0
101,39,missing,0,,,,,0.0,0.172,False,120,True,0.8561714659664527,normal,6.6062613114695425,0.0,0.0
101,0,fall_inactive,70,49.429966115355256,29.60809366513221,0.5643626709331189,97,36.73048473832867,0.8778919429186798,True,0,False,82.0,criticalReview,8.486209153060479,3.36,92.0
101,1,fall_inactive,68,47.418196994008795,34.61667150222384,0.5529537775464681,97,36.52293783667821,0.83272002720803,True,0,False,82.0,criticalReview,10.921582173769515,3.36,92.0
101,2,fall_inactive,73,48.35834994271759,29.0800068212061,0.6405085294937302,97,36.52673404245498,0.8355690642750566,True,0,False,82.0,criticalReview,9.191547905089159,3.36,92.0
101,3,fall_inactive,73,45.457551498501026,29.133903037284583,0.6356543018561613,99,36.634701241738874,0.8840211565020457,True,0,False,82.0,criticalReview,10.512564302990189,3.36,92.0
101,4,fall_inactive,74,47.69225364034064,29.363710519291573,0.5639404360336503,97,36.66462393320542,0.8928307376710054,True,0,False,82.0,criticalReview,9.918516402259861,3.36,92.0
101,5,fall_inactive,72,52.57611332570981,33.18332580854434,0.6073008888326126,98,36.62928730750695,0.8898871879053217,True,0,False,82.0,criticalReview,9.338080431571967,3.36,92.0
101,6,fall_inactive,68,53.8955547567938,32.37583362573298,0.6617478987920561,97,36.731835926523416,0.8427849619303176,True,0,False,82.0,criticalReview,8.399590041339133,3.36,92.0
101,7,fall_inactive,68,50.42373712044177,32.00608781150033,0.6112760678245903,97,36.592985706824926,0.8451434946992483,True,0,False,82.0,criticalReview,8.23579229762676,3.36,92.0
101,8,fall_inactive,73,47.93744002221311,35.55362629711783,0.6373323477652236,97,36.65107565767183,0.8994206336146293,True,0,False,82.0,criticalReview,12.012238676569469,3.36,92.0
101,9,fall_inactive,68,48.353330199009086,33.20734697935835,0.5826616403764979,99,36.57394843141911,0.8391267343605195,True,0,False,82.0,criticalReview,9.689272938874874,3.36,92.0
101,10,fall_inactive,74,45.91724180976771,31.45742719549646,0.6535118870276746,97,36.75188245933806,0.8245903256766468,True,0,False,82.0,criticalReview,10.52528990589256,3.36,92.0
101,11,fall_inactive,74,53.64508089246163,28.683329041808612,0.6317590866157852,99,36.792438632035434,0.897027924115255,True,0,False,82.0,criticalReview,9.324537019276704,3.36,92.0
101,12,fall_inactive,73,48.10919183243729,33.53583490332716,0.5737801837990276,97,36.601405736530836,0.8400938982805659,True,0,False,82.0,criticalReview,10.539609483948096,3.36,92.0
101,13,fall_inactive,68,53.81580246121514,29.712945670589562,0.6324545357526228,98,36.62188121252238,0.8478198386239477,True,0,False,82.0,criticalReview,8.366998404440725,3.36,92.0
101,14,fall_inactive,71,45.992771789706076,29.72098455151555,0.5555107772587455,98,36.65235876417273,0.8302103584013786,True,0,False,82.0,criticalReview,10.111737459833114,3.36,92.0
101,15,fall_inactive,69,49.10954280724892,28.26188120833446,0.5810307752074088,98,36.68785088717187,0.898184184980994,True,0,False,82.0,criticalReview,8.620120492037458,3.36,92.0
101,16,fall_inactive,73,48.65653616212016,29.99848596308126,0.6502349806687544,99,36.74979432000501,0.8460650932880613,True,0,False,82.0,criticalReview,9.876926834707069,3.36,92.0
101,17,fall_inactive,74,52.599157129333236,35.28804663206734,0.6146066857278737,97,36.676402277464994,0.8916528052829118,True,0,False,82.0,criticalReview,11.45272431583265,3.36,92.0
101,18,fall_inactive,68,52.96264175909148,28.104773547891792,0.5786001246748165,97,36.640076535275824,0.8932116417641536,True,0,False,82.0,criticalReview,8.4363562965811,3.36,92.0
101,19,fall_inactive,75,51.564209341795774,28.212618615085873,0.6717046745315647,97,36.677072490903846,0.8559042464582868,True,0,False,82.0,criticalReview,9.88228861728831,3.36,92.0
101,20,fall_inactive,76,49.1075821717501,34.13619377947899,0.5978930518470029,98,36.740878585169185,0.8420097025372861,True,0,False,82.0,criticalReview,10.841281606909458,3.36,92.0
101,21,fall_inactive,75,49.509748854179485,32.30696925242344,0.5679205668753107,99,36.50256690585602,0.847921035079939,True,0,False,82.0,criticalReview,9.72034515717004,3.36,92.0
101,22,fall_inactive,68,51.63873942267842,28.59488791459325,0.5823076460549524,97,36.7076573439183,0.8801976938716229,True,0,False,82.0,criticalReview,8.407863293687283,3.36,92.0
101,23,fall_inactive,73,45.46872450585269,31.125281475489395,0.6835017312864157,98,36.53374439798681,0.8811164380170308,True,0,False,82.0,criticalReview,10.420239951827215,3.36,92.0
101,24,fall_inactive,76,48.25772311709817,30.540038623448915,0.6608965351001451,98,36.689754099410514,0.8397198443966483,True,0,False,82.0,criticalReview,11.248551407891517,3.36,92.0
101,25,fall_inactive,74,54.3333349933709,32.43928273950759,0.6040832303555392,97,36.57217932567497,0.8475878654179072,True,0,False,82.0,criticalReview,9.02036147883977,3.36,92.0
101,26,fall_inactive,74,54.878548757945396,34.17750460383324,0.5586068433421212,97,36.56290445673655,0.8321735066948499,True,0,False,82.0,criticalReview,10.660106577235151,3.36,92.0
101,27,fall_inactive,69,47.01799847477315,29.048833332952448,0.5575058210188496,98,36.5200135317303,0.8900375953491013,True,0,False,82.0,criticalReview,9.741508648483121,3.36,92.0
101,28,fall_inactive,70,49.84530992498676,33.544242702936245,0.6037323014281457,98,36.51918263843298,0.8424670640155032,True,0,False,82.0,criticalReview,8.723028448203998,3.36,92.0
101,29,fall_inactive,72,49.879726526427135,35.702272724522885,0.6714185901297887,99,36.65130206977782,0.8252983895841519,True,0,False,82.0,criticalReview,10.76868218839407,3.36,92.0
101,30,fall_inactive,76,49.578150805070635,35.84644364192792,0.5866729604934473,98,36.64893792697224,0.8508224483195777,True,0,False,82.0,criticalReview,12.926371253675162,3.36,92.0
101,31,fall_inactive,71,53.5991477790674,29.6131778180475,0.6212180168721625,98,36.590793979062376,0.8939908294053369,True,0,False,82.0,criticalReview,8.495304166555984,3.36,92.0
101,32,fall_inactive,69,48.097777637093884,34.62599752886689,0.633779812325936,98,36.60205278933794,0.8295684621745062,True,0,False,82.0,criticalReview,10.997149476054398,3.36,92.0
101,33,fall_inactive,68,52.755533921966084,30.75459015733358,0.5892307056309568,97,36.508961449361436,0.8913980522881193,True,0,False,82.0,criticalReview,8.12927490954211,3.36,92.0
101,34,fall_inactive,73,49.18071621450353,32.70054419664761,0.6883014862316617,97,36.739681512657235,0.8740613988124084,True,0,False,82.0,criticalReview,9.66598770989931,3.36,92.0
101,35,fall_inactive,75,52.28816947379408,29.88865769489444,0.5612642589773964,97,36.756607013023384,0.8703310765611094,True,0,False,82.0,criticalReview,9.962291764396786,3.36,92.0
101,36,fall_inactive,74,51.85609188482012,33.522553808057395,0.5563489138254988,98,36.58115813933911,0.8671081644315329,True,0,False,82.0,criticalReview,10.769177213126763,3.36,92.0
101,37,fall_inactive,72,50.9824060275354,31.173994863388792,0.6276436131537305,99,36.7271318608302,0.8248070097973613,True,0,False,82.0,criticalReview,8.506382191944166,3.36,92.0
101,38,fall_inactive,70,46.979129594831036,29.407418692558544,0.6364770172305143,98,36.66398806834867,0.8950185508667416,True,0,False,82.0,criticalReview,9.592422328731647,3.36,92.0
101,39,fall_inactive,73,53.04680292602014,32.59270331852093,0.5618513573960385,99,36.688999651650995,0.8954849641944369,True,0,False,82.0,criticalReview,8.15764054699718,3.36,92.0
