trial,hz,width_s,peak_g,phase_index,phase,above_threshold_s,analytic_phase_probability,discrete_oracle_capture,captured,canceled,critical_ms
0,1,0.08,2.8,0,0.005,0.008888888888888878,0.008888888888888878,0,0,0,-1
1,1,0.08,2.8,1,0.015,0.008888888888888878,0.008888888888888878,0,0,0,-1
2,1,0.08,2.8,2,0.025,0.008888888888888878,0.008888888888888878,0,0,0,-1
3,1,0.08,2.8,3,0.035,0.008888888888888878,0.008888888888888878,0,0,0,-1
4,1,0.08,2.8,4,0.045,0.008888888888888878,0.008888888888888878,0,0,0,-1
5,1,0.08,2.8,5,0.055,0.008888888888888878,0.008888888888888878,0,0,0,-1
6,1,0.08,2.8,6,0.065,0.008888888888888878,0.008888888888888878,0,0,0,-1
7,1,0.08,2.8,7,0.075,0.008888888888888878,0.008888888888888878,0,0,0,-1
8,1,0.08,2.8,8,0.085,0.008888888888888878,0.008888888888888878,0,0,0,-1
9,1,0.08,2.8,9,0.095,0.008888888888888878,0.008888888888888878,0,0,0,-1
10,1,0.08,2.8,10,0.105,0.008888888888888878,0.008888888888888878,0,0,0,-1
11,1,0.08,2.8,11,0.115,0.008888888888888878,0.008888888888888878,0,0,0,-1
12,1,0.08,2.8,12,0.125,0.008888888888888878,0.008888888888888878,0,0,0,-1
13,1,0.08,2.8,13,0.135,0.008888888888888878,0.008888888888888878,0,0,0,-1
14,1,0.08,2.8,14,0.145,0.008888888888888878,0.008888888888888878,0,0,0,-1
15,1,0.08,2.8,15,0.155,0.008888888888888878,0.008888888888888878,0,0,0,-1
16,1,0.08,2.8,16,0.165,0.008888888888888878,0.008888888888888878,0,0,0,-1
17,1,0.08,2.8,17,0.175,0.008888888888888878,0.008888888888888878,0,0,0,-1
18,1,0.08,2.8,18,0.185,0.008888888888888878,0.008888888888888878,0,0,0,-1
19,1,0.08,2.8,19,0.195,0.008888888888888878,0.008888888888888878,0,0,0,-1
20,1,0.08,2.8,20,0.205,0.008888888888888878,0.008888888888888878,0,0,0,-1
21,1,0.08,2.8,21,0.215,0.008888888888888878,0.008888888888888878,0,0,0,-1
22,1,0.08,2.8,22,0.225,0.008888888888888878,0.008888888888888878,0,0,0,-1
23,1,0.08,2.8,23,0.235,0.008888888888888878,0.008888888888888878,0,0,0,-1
24,1,0.08,2.8,24,0.245,0.008888888888888878,0.008888888888888878,0,0,0,-1
25,1,0.08,2.8,25,0.255,0.008888888888888878,0.008888888888888878,0,0,0,-1
26,1,0.08,2.8,26,0.265,0.008888888888888878,0.008888888888888878,0,0,0,-1
27,1,0.08,2.8,27,0.275,0.008888888888888878,0.008888888888888878,0,0,0,-1
28,1,0.08,2.8,28,0.285,0.008888888888888878,0.008888888888888878,0,0,0,-1
29,1,0.08,2.8,29,0.295,0.008888888888888878,0.008888888888888878,0,0,0,-1
30,1,0.08,2.8,30,0.305,0.008888888888888878,0.008888888888888878,0,0,0,-1
31,1,0.08,2.8,31,0.315,0.008888888888888878,0.008888888888888878,0,0,0,-1
32,1,0.08,2.8,32,0.325,0.008888888888888878,0.008888888888888878,0,0,0,-1
33,1,0.08,2.8,33,0.335,0.008888888888888878,0.008888888888888878,0,0,0,-1
34,1,0.08,2.8,34,0.345,0.008888888888888878,0.008888888888888878,0,0,0,-1
35,1,0.08,2.8,35,0.355,0.008888888888888878,0.008888888888888878,0,0,0,-1
36,1,0.08,2.8,36,0.365,0.008888888888888878,0.008888888888888878,0,0,0,-1
37,1,0.08,2.8,37,0.375,0.008888888888888878,0.008888888888888878,0,0,0,-1
38,1,0.08,2.8,38,0.385,0.008888888888888878,0.008888888888888878,0,0,0,-1
39,1,0.08,2.8,39,0.395,0.008888888888888878,0.008888888888888878,0,0,0,-1
40,1,0.08,2.8,40,0.405,0.008888888888888878,0.008888888888888878,0,0,0,-1
41,1,0.08,2.8,41,0.415,0.008888888888888878,0.008888888888888878,0,0,0,-1
42,1,0.08,2.8,42,0.425,0.008888888888888878,0.008888888888888878,0,0,0,-1
43,1,0.08,2.8,43,0.435,0.008888888888888878,0.008888888888888878,0,0,0,-1
44,1,0.08,2.8,44,0.445,0.008888888888888878,0.008888888888888878,0,0,0,-1
45,1,0.08,2.8,45,0.455,0.008888888888888878,0.008888888888888878,0,0,0,-1
46,1,0.08,2.8,46,0.465,0.008888888888888878,0.008888888888888878,0,0,0,-1
47,1,0.08,2.8,47,0.475,0.008888888888888878,0.008888888888888878,0,0,0,-1
48,1,0.08,2.8,48,0.485,0.008888888888888878,0.008888888888888878,0,0,0,-1
49,1,0.08,2.8,49,0.495,0.008888888888888878,0.008888888888888878,0,0,0,-1
50,1,0.08,2.8,50,0.505,0.008888888888888878,0.008888888888888878,0,0,0,-1
51,1,0.08,2.8,51,0.515,0.008888888888888878,0.008888888888888878,0,0,0,-1
52,1,0.08,2.8,52,0.525,0.008888888888888878,0.008888888888888878,0,0,0,-1
53,1,0.08,2.8,53,0.535,0.008888888888888878,0.008888888888888878,0,0,0,-1
54,1,0.08,2.8,54,0.545,0.008888888888888878,0.008888888888888878,0,0,0,-1
55,1,0.08,2.8,55,0.555,0.008888888888888878,0.008888888888888878,0,0,0,-1
56,1,0.08,2.8,56,0.565,0.008888888888888878,0.008888888888888878,0,0,0,-1
57,1,0.08,2.8,57,0.575,0.008888888888888878,0.008888888888888878,0,0,0,-1
58,1,0.08,2.8,58,0.585,0.008888888888888878,0.008888888888888878,0,0,0,-1
59,1,0.08,2.8,59,0.595,0.008888888888888878,0.008888888888888878,0,0,0,-1
60,1,0.08,2.8,60,0.605,0.008888888888888878,0.008888888888888878,0,0,0,-1
61,1,0.08,2.8,61,0.615,0.008888888888888878,0.008888888888888878,0,0,0,-1
62,1,0.08,2.8,62,0.625,0.008888888888888878,0.008888888888888878,0,0,0,-1
63,1,0.08,2.8,63,0.635,0.008888888888888878,0.008888888888888878,0,0,0,-1
64,1,0.08,2.8,64,0.645,0.008888888888888878,0.008888888888888878,0,0,0,-1
65,1,0.08,2.8,65,0.655,0.008888888888888878,0.008888888888888878,0,0,0,-1
66,1,0.08,2.8,66,0.665,0.008888888888888878,0.008888888888888878,0,0,0,-1
67,1,0.08,2.8,67,0.675,0.008888888888888878,0.008888888888888878,0,0,0,-1
68,1,0.08,2.8,68,0.685,0.008888888888888878,0.008888888888888878,0,0,0,-1
69,1,0.08,2.8,69,0.695,0.008888888888888878,0.008888888888888878,0,0,0,-1
70,1,0.08,2.8,70,0.705,0.008888888888888878,0.008888888888888878,0,0,0,-1
71,1,0.08,2.8,71,0.715,0.008888888888888878,0.008888888888888878,0,0,0,-1
72,1,0.08,2.8,72,0.725,0.008888888888888878,0.008888888888888878,0,0,0,-1
73,1,0.08,2.8,73,0.735,0.008888888888888878,0.008888888888888878,0,0,0,-1
74,1,0.08,2.8,74,0.745,0.008888888888888878,0.008888888888888878,0,0,0,-1
75,1,0.08,2.8,75,0.755,0.008888888888888878,0.008888888888888878,0,0,0,-1
76,1,0.08,2.8,76,0.765,0.008888888888888878,0.008888888888888878,0,0,0,-1
77,1,0.08,2.8,77,0.775,0.008888888888888878,0.008888888888888878,0,0,0,-1
78,1,0.08,2.8,78,0.785,0.008888888888888878,0.008888888888888878,0,0,0,-1
79,1,0.08,2.8,79,0.795,0.008888888888888878,0.008888888888888878,0,0,0,-1
80,1,0.08,2.8,80,0.805,0.008888888888888878,0.008888888888888878,0,0,0,-1
81,1,0.08,2.8,81,0.815,0.008888888888888878,0.008888888888888878,0,0,0,-1
82,1,0.08,2.8,82,0.825,0.008888888888888878,0.008888888888888878,0,0,0,-1
83,1,0.08,2.8,83,0.835,0.008888888888888878,0.008888888888888878,0,0,0,-1
84,1,0.08,2.8,84,0.845,0.008888888888888878,0.008888888888888878,0,0,0,-1
85,1,0.08,2.8,85,0.855,0.008888888888888878,0.008888888888888878,0,0,0,-1
86,1,0.08,2.8,86,0.865,0.008888888888888878,0.008888888888888878,0,0,0,-1
87,1,0.08,2.8,87,0.875,0.008888888888888878,0.008888888888888878,0,0,0,-1
88,1,0.08,2.8,88,0.885,0.008888888888888878,0.008888888888888878,0,0,0,-1
89,1,0.08,2.8,89,0.895,0.008888888888888878,0.008888888888888878,0,0,0,-1
90,1,0.08,2.8,90,0.905,0.008888888888888878,0.008888888888888878,0,0,0,-1
91,1,0.08,2.8,91,0.915,0.008888888888888878,0.008888888888888878,0,0,0,-1
92,1,0.08,2.8,92,0.925,0.008888888888888878,0.008888888888888878,0,0,0,-1
93,1,0.08,2.8,93,0.935,0.008888888888888878,0.008888888888888878,0,0,0,-1
94,1,0.08,2.8,94,0.945,0.008888888888888878,0.008888888888888878,0,0,0,-1
95,1,0.08,2.8,95,0.955,0.008888888888888878,0.008888888888888878,0,0,0,-1
96,1,0.08,2.8,96,0.965,0.008888888888888878,0.008888888888888878,0,0,0,-1
97,1,0.08,2.8,97,0.975,0.008888888888888878,0.008888888888888878,0,0,0,-1
98,1,0.08,2.8,98,0.985,0.008888888888888878,0.008888888888888878,0,0,0,-1
99,1,0.08,2.8,99,0.995,0.008888888888888878,0.008888888888888878,0,0,0,-1
100,1,0.08,3.5,0,0.005,0.0288,0.0288,1,1,1,-1
101,1,0.08,3.5,1,0.015,0.0288,0.0288,0,0,0,-1
102,1,0.08,3.5,2,0.025,0.0288,0.0288,0,0,0,-1
103,1,0.08,3.5,3,0.035,0.0288,0.0288,0,0,0,-1
104,1,0.08,3.5,4,0.045,0.0288,0.0288,0,0,0,-1
105,1,0.08,3.5,5,0.055,0.0288,0.0288,0,0,0,-1
106,1,0.08,3.5,6,0.065,0.0288,0.0288,0,0,0,-1
107,1,0.08,3.5,7,0.075,0.0288,0.0288,0,0,0,-1
108,1,0.08,3.5,8,0.085,0.0288,0.0288,0,0,0,-1
109,1,0.08,3.5,9,0.095,0.0288,0.0288,0,0,0,-1
110,1,0.08,3.5,10,0.105,0.0288,0.0288,0,0,0,-1
111,1,0.08,3.5,11,0.115,0.0288,0.0288,0,0,0,-1
112,1,0.08,3.5,12,0.125,0.0288,0.0288,0,0,0,-1
113,1,0.08,3.5,13,0.135,0.0288,0.0288,0,0,0,-1
114,1,0.08,3.5,14,0.145,0.0288,0.0288,0,0,0,-1
115,1,0.08,3.5,15,0.155,0.0288,0.0288,0,0,0,-1
116,1,0.08,3.5,16,0.165,0.0288,0.0288,0,0,0,-1
117,1,0.08,3.5,17,0.175,0.0288,0.0288,0,0,0,-1
118,1,0.08,3.5,18,0.185,0.0288,0.0288,0,0,0,-1
119,1,0.08,3.5,19,0.195,0.0288,0.0288,0,0,0,-1
120,1,0.08,3.5,20,0.205,0.0288,0.0288,0,0,0,-1
121,1,0.08,3.5,21,0.215,0.0288,0.0288,0,0,0,-1
122,1,0.08,3.5,22,0.225,0.0288,0.0288,0,0,0,-1
123,1,0.08,3.5,23,0.235,0.0288,0.0288,0,0,0,-1
124,1,0.08,3.5,24,0.245,0.0288,0.0288,0,0,0,-1
125,1,0.08,3.5,25,0.255,0.0288,0.0288,0,0,0,-1
126,1,0.08,3.5,26,0.265,0.0288,0.0288,0,0,0,-1
127,1,0.08,3.5,27,0.275,0.0288,0.0288,0,0,0,-1
128,1,0.08,3.5,28,0.285,0.0288,0.0288,0,0,0,-1
129,1,0.08,3.5,29,0.295,0.0288,0.0288,0,0,0,-1
130,1,0.08,3.5,30,0.305,0.0288,0.0288,0,0,0,-1
131,1,0.08,3.5,31,0.315,0.0288,0.0288,0,0,0,-1
132,1,0.08,3.5,32,0.325,0.0288,0.0288,0,0,0,-1
133,1,0.08,3.5,33,0.335,0.0288,0.0288,0,0,0,-1
134,1,0.08,3.5,34,0.345,0.0288,0.0288,0,0,0,-1
135,1,0.08,3.5,35,0.355,0.0288,0.0288,0,0,0,-1
136,1,0.08,3.5,36,0.365,0.0288,0.0288,0,0,0,-1
137,1,0.08,3.5,37,0.375,0.0288,0.0288,0,0,0,-1
138,1,0.08,3.5,38,0.385,0.0288,0.0288,0,0,0,-1
139,1,0.08,3.5,39,0.395,0.0288,0.0288,0,0,0,-1
140,1,0.08,3.5,40,0.405,0.0288,0.0288,0,0,0,-1
141,1,0.08,3.5,41,0.415,0.0288,0.0288,0,0,0,-1
142,1,0.08,3.5,42,0.425,0.0288,0.0288,0,0,0,-1
143,1,0.08,3.5,43,0.435,0.0288,0.0288,0,0,0,-1
144,1,0.08,3.5,44,0.445,0.0288,0.0288,0,0,0,-1
145,1,0.08,3.5,45,0.455,0.0288,0.0288,0,0,0,-1
146,1,0.08,3.5,46,0.465,0.0288,0.0288,0,0,0,-1
147,1,0.08,3.5,47,0.475,0.0288,0.0288,0,0,0,-1
148,1,0.08,3.5,48,0.485,0.0288,0.0288,0,0,0,-1
149,1,0.08,3.5,49,0.495,0.0288,0.0288,0,0,0,-1
150,1,0.08,3.5,50,0.505,0.0288,0.0288,0,0,0,-1
151,1,0.08,3.5,51,0.515,0.0288,0.0288,0,0,0,-1
152,1,0.08,3.5,52,0.525,0.0288,0.0288,0,0,0,-1
153,1,0.08,3.5,53,0.535,0.0288,0.0288,0,0,0,-1
154,1,0.08,3.5,54,0.545,0.0288,0.0288,0,0,0,-1
155,1,0.08,3.5,55,0.555,0.0288,0.0288,0,0,0,-1
156,1,0.08,3.5,56,0.565,0.0288,0.0288,0,0,0,-1
157,1,0.08,3.5,57,0.575,0.0288,0.0288,0,0,0,-1
158,1,0.08,3.5,58,0.585,0.0288,0.0288,0,0,0,-1
159,1,0.08,3.5,59,0.595,0.0288,0.0288,0,0,0,-1
160,1,0.08,3.5,60,0.605,0.0288,0.0288,0,0,0,-1
161,1,0.08,3.5,61,0.615,0.0288,0.0288,0,0,0,-1
162,1,0.08,3.5,62,0.625,0.0288,0.0288,0,0,0,-1
163,1,0.08,3.5,63,0.635,0.0288,0.0288,0,0,0,-1
164,1,0.08,3.5,64,0.645,0.0288,0.0288,0,0,0,-1
165,1,0.08,3.5,65,0.655,0.0288,0.0288,0,0,0,-1
166,1,0.08,3.5,66,0.665,0.0288,0.0288,0,0,0,-1
167,1,0.08,3.5,67,0.675,0.0288,0.0288,0,0,0,-1
168,1,0.08,3.5,68,0.685,0.0288,0.0288,0,0,0,-1
169,1,0.08,3.5,69,0.695,0.0288,0.0288,0,0,0,-1
170,1,0.08,3.5,70,0.705,0.0288,0.0288,0,0,0,-1
171,1,0.08,3.5,71,0.715,0.0288,0.0288,0,0,0,-1
172,1,0.08,3.5,72,0.725,0.0288,0.0288,0,0,0,-1
173,1,0.08,3.5,73,0.735,0.0288,0.0288,0,0,0,-1
174,1,0.08,3.5,74,0.745,0.0288,0.0288,0,0,0,-1
175,1,0.08,3.5,75,0.755,0.0288,0.0288,0,0,0,-1
176,1,0.08,3.5,76,0.765,0.0288,0.0288,0,0,0,-1
177,1,0.08,3.5,77,0.775,0.0288,0.0288,0,0,0,-1
178,1,0.08,3.5,78,0.785,0.0288,0.0288,0,0,0,-1
179,1,0.08,3.5,79,0.795,0.0288,0.0288,0,0,0,-1
180,1,0.08,3.5,80,0.805,0.0288,0.0288,0,0,0,-1
181,1,0.08,3.5,81,0.815,0.0288,0.0288,0,0,0,-1
182,1,0.08,3.5,82,0.825,0.0288,0.0288,0,0,0,-1
183,1,0.08,3.5,83,0.835,0.0288,0.0288,0,0,0,-1
184,1,0.08,3.5,84,0.845,0.0288,0.0288,0,0,0,-1
185,1,0.08,3.5,85,0.855,0.0288,0.0288,0,0,0,-1
186,1,0.08,3.5,86,0.865,0.0288,0.0288,0,0,0,-1
187,1,0.08,3.5,87,0.875,0.0288,0.0288,0,0,0,-1
188,1,0.08,3.5,88,0.885,0.0288,0.0288,0,0,0,-1
189,1,0.08,3.5,89,0.895,0.0288,0.0288,0,0,0,-1
190,1,0.08,3.5,90,0.905,0.0288,0.0288,0,0,0,-1
191,1,0.08,3.5,91,0.915,0.0288,0.0288,0,0,0,-1
192,1,0.08,3.5,92,0.925,0.0288,0.0288,0,0,0,-1
193,1,0.08,3.5,93,0.935,0.0288,0.0288,0,0,0,-1
194,1,0.08,3.5,94,0.945,0.0288,0.0288,0,0,0,-1
195,1,0.08,3.5,95,0.955,0.0288,0.0288,0,0,0,-1
196,1,0.08,3.5,96,0.965,0.0288,0.0288,0,0,0,-1
197,1,0.08,3.5,97,0.975,0.0288,0.0288,0,0,0,-1
198,1,0.08,3.5,98,0.985,0.0288,0.0288,0,0,0,-1
199,1,0.08,3.5,99,0.995,0.0288,0.0288,1,1,1,-1
200,1,0.08,4.2,0,0.005,0.04,0.04,1,1,1,-1
201,1,0.08,4.2,1,0.015,0.04,0.04,1,1,1,-1
202,1,0.08,4.2,2,0.025,0.04,0.04,0,0,0,-1
203,1,0.08,4.2,3,0.035,0.04,0.04,0,0,0,-1
204,1,0.08,4.2,4,0.045,0.04,0.04,0,0,0,-1
205,1,0.08,4.2,5,0.055,0.04,0.04,0,0,0,-1
206,1,0.08,4.2,6,0.065,0.04,0.04,0,0,0,-1
207,1,0.08,4.2,7,0.075,0.04,0.04,0,0,0,-1
208,1,0.08,4.2,8,0.085,0.04,0.04,0,0,0,-1
209,1,0.08,4.2,9,0.095,0.04,0.04,0,0,0,-1
210,1,0.08,4.2,10,0.105,0.04,0.04,0,0,0,-1
211,1,0.08,4.2,11,0.115,0.04,0.04,0,0,0,-1
212,1,0.08,4.2,12,0.125,0.04,0.04,0,0,0,-1
213,1,0.08,4.2,13,0.135,0.04,0.04,0,0,0,-1
214,1,0.08,4.2,14,0.145,0.04,0.04,0,0,0,-1
215,1,0.08,4.2,15,0.155,0.04,0.04,0,0,0,-1
216,1,0.08,4.2,16,0.165,0.04,0.04,0,0,0,-1
217,1,0.08,4.2,17,0.175,0.04,0.04,0,0,0,-1
218,1,0.08,4.2,18,0.185,0.04,0.04,0,0,0,-1
219,1,0.08,4.2,19,0.195,0.04,0.04,0,0,0,-1
220,1,0.08,4.2,20,0.205,0.04,0.04,0,0,0,-1
221,1,0.08,4.2,21,0.215,0.04,0.04,0,0,0,-1
222,1,0.08,4.2,22,0.225,0.04,0.04,0,0,0,-1
223,1,0.08,4.2,23,0.235,0.04,0.04,0,0,0,-1
224,1,0.08,4.2,24,0.245,0.04,0.04,0,0,0,-1
225,1,0.08,4.2,25,0.255,0.04,0.04,0,0,0,-1
226,1,0.08,4.2,26,0.265,0.04,0.04,0,0,0,-1
227,1,0.08,4.2,27,0.275,0.04,0.04,0,0,0,-1
228,1,0.08,4.2,28,0.285,0.04,0.04,0,0,0,-1
229,1,0.08,4.2,29,0.295,0.04,0.04,0,0,0,-1
230,1,0.08,4.2,30,0.305,0.04,0.04,0,0,0,-1
231,1,0.08,4.2,31,0.315,0.04,0.04,0,0,0,-1
232,1,0.08,4.2,32,0.325,0.04,0.04,0,0,0,-1
233,1,0.08,4.2,33,0.335,0.04,0.04,0,0,0,-1
234,1,0.08,4.2,34,0.345,0.04,0.04,0,0,0,-1
235,1,0.08,4.2,35,0.355,0.04,0.04,0,0,0,-1
236,1,0.08,4.2,36,0.365,0.04,0.04,0,0,0,-1
237,1,0.08,4.2,37,0.375,0.04,0.04,0,0,0,-1
238,1,0.08,4.2,38,0.385,0.04,0.04,0,0,0,-1
239,1,0.08,4.2,39,0.395,0.04,0.04,0,0,0,-1
240,1,0.08,4.2,40,0.405,0.04,0.04,0,0,0,-1
241,1,0.08,4.2,41,0.415,0.04,0.04,0,0,0,-1
242,1,0.08,4.2,42,0.425,0.04,0.04,0,0,0,-1
243,1,0.08,4.2,43,0.435,0.04,0.04,0,0,0,-1
244,1,0.08,4.2,44,0.445,0.04,0.04,0,0,0,-1
245,1,0.08,4.2,45,0.455,0.04,0.04,0,0,0,-1
246,1,0.08,4.2,46,0.465,0.04,0.04,0,0,0,-1
247,1,0.08,4.2,47,0.475,0.04,0.04,0,0,0,-1
248,1,0.08,4.2,48,0.485,0.04,0.04,0,0,0,-1
249,1,0.08,4.2,49,0.495,0.04,0.04,0,0,0,-1
250,1,0.08,4.2,50,0.505,0.04,0.04,0,0,0,-1
251,1,0.08,4.2,51,0.515,0.04,0.04,0,0,0,-1
252,1,0.08,4.2,52,0.525,0.04,0.04,0,0,0,-1
253,1,0.08,4.2,53,0.535,0.04,0.04,0,0,0,-1
254,1,0.08,4.2,54,0.545,0.04,0.04,0,0,0,-1
255,1,0.08,4.2,55,0.555,0.04,0.04,0,0,0,-1
256,1,0.08,4.2,56,0.565,0.04,0.04,0,0,0,-1
257,1,0.08,4.2,57,0.575,0.04,0.04,0,0,0,-1
258,1,0.08,4.2,58,0.585,0.04,0.04,0,0,0,-1
259,1,0.08,4.2,59,0.595,0.04,0.04,0,0,0,-1
260,1,0.08,4.2,60,0.605,0.04,0.04,0,0,0,-1
261,1,0.08,4.2,61,0.615,0.04,0.04,0,0,0,-1
262,1,0.08,4.2,62,0.625,0.04,0.04,0,0,0,-1
263,1,0.08,4.2,63,0.635,0.04,0.04,0,0,0,-1
264,1,0.08,4.2,64,0.645,0.04,0.04,0,0,0,-1
265,1,0.08,4.2,65,0.655,0.04,0.04,0,0,0,-1
266,1,0.08,4.2,66,0.665,0.04,0.04,0,0,0,-1
267,1,0.08,4.2,67,0.675,0.04,0.04,0,0,0,-1
268,1,0.08,4.2,68,0.685,0.04,0.04,0,0,0,-1
269,1,0.08,4.2,69,0.695,0.04,0.04,0,0,0,-1
270,1,0.08,4.2,70,0.705,0.04,0.04,0,0,0,-1
271,1,0.08,4.2,71,0.715,0.04,0.04,0,0,0,-1
272,1,0.08,4.2,72,0.725,0.04,0.04,0,0,0,-1
273,1,0.08,4.2,73,0.735,0.04,0.04,0,0,0,-1
274,1,0.08,4.2,74,0.745,0.04,0.04,0,0,0,-1
275,1,0.08,4.2,75,0.755,0.04,0.04,0,0,0,-1
276,1,0.08,4.2,76,0.765,0.04,0.04,0,0,0,-1
277,1,0.08,4.2,77,0.775,0.04,0.04,0,0,0,-1
278,1,0.08,4.2,78,0.785,0.04,0.04,0,0,0,-1
279,1,0.08,4.2,79,0.795,0.04,0.04,0,0,0,-1
280,1,0.08,4.2,80,0.805,0.04,0.04,0,0,0,-1
281,1,0.08,4.2,81,0.815,0.04,0.04,0,0,0,-1
282,1,0.08,4.2,82,0.825,0.04,0.04,0,0,0,-1
283,1,0.08,4.2,83,0.835,0.04,0.04,0,0,0,-1
284,1,0.08,4.2,84,0.845,0.04,0.04,0,0,0,-1
285,1,0.08,4.2,85,0.855,0.04,0.04,0,0,0,-1
286,1,0.08,4.2,86,0.865,0.04,0.04,0,0,0,-1
287,1,0.08,4.2,87,0.875,0.04,0.04,0,0,0,-1
288,1,0.08,4.2,88,0.885,0.04,0.04,0,0,0,-1
289,1,0.08,4.2,89,0.895,0.04,0.04,0,0,0,-1
290,1,0.08,4.2,90,0.905,0.04,0.04,0,0,0,-1
291,1,0.08,4.2,91,0.915,0.04,0.04,0,0,0,-1
292,1,0.08,4.2,92,0.925,0.04,0.04,0,0,0,-1
293,1,0.08,4.2,93,0.935,0.04,0.04,0,0,0,-1
294,1,0.08,4.2,94,0.945,0.04,0.04,0,0,0,-1
295,1,0.08,4.2,95,0.955,0.04,0.04,0,0,0,-1
296,1,0.08,4.2,96,0.965,0.04,0.04,0,0,0,-1
297,1,0.08,4.2,97,0.975,0.04,0.04,0,0,0,-1
298,1,0.08,4.2,98,0.985,0.04,0.04,1,1,1,-1
299,1,0.08,4.2,99,0.995,0.04,0.04,1,1,1,-1
300,1,0.16,2.8,0,0.005,0.017777777777777757,0.017777777777777757,1,1,1,-1
301,1,0.16,2.8,1,0.015,0.017777777777777757,0.017777777777777757,0,0,0,-1
302,1,0.16,2.8,2,0.025,0.017777777777777757,0.017777777777777757,0,0,0,-1
303,1,0.16,2.8,3,0.035,0.017777777777777757,0.017777777777777757,0,0,0,-1
304,1,0.16,2.8,4,0.045,0.017777777777777757,0.017777777777777757,0,0,0,-1
305,1,0.16,2.8,5,0.055,0.017777777777777757,0.017777777777777757,0,0,0,-1
306,1,0.16,2.8,6,0.065,0.017777777777777757,0.017777777777777757,0,0,0,-1
307,1,0.16,2.8,7,0.075,0.017777777777777757,0.017777777777777757,0,0,0,-1
308,1,0.16,2.8,8,0.085,0.017777777777777757,0.017777777777777757,0,0,0,-1
309,1,0.16,2.8,9,0.095,0.017777777777777757,0.017777777777777757,0,0,0,-1
310,1,0.16,2.8,10,0.105,0.017777777777777757,0.017777777777777757,0,0,0,-1
311,1,0.16,2.8,11,0.115,0.017777777777777757,0.017777777777777757,0,0,0,-1
312,1,0.16,2.8,12,0.125,0.017777777777777757,0.017777777777777757,0,0,0,-1
313,1,0.16,2.8,13,0.135,0.017777777777777757,0.017777777777777757,0,0,0,-1
314,1,0.16,2.8,14,0.145,0.017777777777777757,0.017777777777777757,0,0,0,-1
315,1,0.16,2.8,15,0.155,0.017777777777777757,0.017777777777777757,0,0,0,-1
316,1,0.16,2.8,16,0.165,0.017777777777777757,0.017777777777777757,0,0,0,-1
317,1,0.16,2.8,17,0.175,0.017777777777777757,0.017777777777777757,0,0,0,-1
318,1,0.16,2.8,18,0.185,0.017777777777777757,0.017777777777777757,0,0,0,-1
319,1,0.16,2.8,19,0.195,0.017777777777777757,0.017777777777777757,0,0,0,-1
320,1,0.16,2.8,20,0.205,0.017777777777777757,0.017777777777777757,0,0,0,-1
321,1,0.16,2.8,21,0.215,0.017777777777777757,0.017777777777777757,0,0,0,-1
322,1,0.16,2.8,22,0.225,0.017777777777777757,0.017777777777777757,0,0,0,-1
323,1,0.16,2.8,23,0.235,0.017777777777777757,0.017777777777777757,0,0,0,-1
324,1,0.16,2.8,24,0.245,0.017777777777777757,0.017777777777777757,0,0,0,-1
325,1,0.16,2.8,25,0.255,0.017777777777777757,0.017777777777777757,0,0,0,-1
326,1,0.16,2.8,26,0.265,0.017777777777777757,0.017777777777777757,0,0,0,-1
327,1,0.16,2.8,27,0.275,0.017777777777777757,0.017777777777777757,0,0,0,-1
328,1,0.16,2.8,28,0.285,0.017777777777777757,0.017777777777777757,0,0,0,-1
329,1,0.16,2.8,29,0.295,0.017777777777777757,0.017777777777777757,0,0,0,-1
330,1,0.16,2.8,30,0.305,0.017777777777777757,0.017777777777777757,0,0,0,-1
331,1,0.16,2.8,31,0.315,0.017777777777777757,0.017777777777777757,0,0,0,-1
332,1,0.16,2.8,32,0.325,0.017777777777777757,0.017777777777777757,0,0,0,-1
333,1,0.16,2.8,33,0.335,0.017777777777777757,0.017777777777777757,0,0,0,-1
334,1,0.16,2.8,34,0.345,0.017777777777777757,0.017777777777777757,0,0,0,-1
335,1,0.16,2.8,35,0.355,0.017777777777777757,0.017777777777777757,0,0,0,-1
336,1,0.16,2.8,36,0.365,0.017777777777777757,0.017777777777777757,0,0,0,-1
337,1,0.16,2.8,37,0.375,0.017777777777777757,0.017777777777777757,0,0,0,-1
338,1,0.16,2.8,38,0.385,0.017777777777777757,0.017777777777777757,0,0,0,-1
339,1,0.16,2.8,39,0.395,0.017777777777777757,0.017777777777777757,0,0,0,-1
340,1,0.16,2.8,40,0.405,0.017777777777777757,0.017777777777777757,0,0,0,-1
341,1,0.16,2.8,41,0.415,0.017777777777777757,0.017777777777777757,0,0,0,-1
342,1,0.16,2.8,42,0.425,0.017777777777777757,0.017777777777777757,0,0,0,-1
343,1,0.16,2.8,43,0.435,0.017777777777777757,0.017777777777777757,0,0,0,-1
344,1,0.16,2.8,44,0.445,0.017777777777777757,0.017777777777777757,0,0,0,-1
345,1,0.16,2.8,45,0.455,0.017777777777777757,0.017777777777777757,0,0,0,-1
346,1,0.16,2.8,46,0.465,0.017777777777777757,0.017777777777777757,0,0,0,-1
347,1,0.16,2.8,47,0.475,0.017777777777777757,0.017777777777777757,0,0,0,-1
348,1,0.16,2.8,48,0.485,0.017777777777777757,0.017777777777777757,0,0,0,-1
349,1,0.16,2.8,49,0.495,0.017777777777777757,0.017777777777777757,0,0,0,-1
350,1,0.16,2.8,50,0.505,0.017777777777777757,0.017777777777777757,0,0,0,-1
351,1,0.16,2.8,51,0.515,0.017777777777777757,0.017777777777777757,0,0,0,-1
352,1,0.16,2.8,52,0.525,0.017777777777777757,0.017777777777777757,0,0,0,-1
353,1,0.16,2.8,53,0.535,0.017777777777777757,0.017777777777777757,0,0,0,-1
354,1,0.16,2.8,54,0.545,0.017777777777777757,0.017777777777777757,0,0,0,-1
355,1,0.16,2.8,55,0.555,0.017777777777777757,0.017777777777777757,0,0,0,-1
356,1,0.16,2.8,56,0.565,0.017777777777777757,0.017777777777777757,0,0,0,-1
357,1,0.16,2.8,57,0.575,0.017777777777777757,0.017777777777777757,0,0,0,-1
358,1,0.16,2.8,58,0.585,0.017777777777777757,0.017777777777777757,0,0,0,-1
359,1,0.16,2.8,59,0.595,0.017777777777777757,0.017777777777777757,0,0,0,-1
360,1,0.16,2.8,60,0.605,0.017777777777777757,0.017777777777777757,0,0,0,-1
361,1,0.16,2.8,61,0.615,0.017777777777777757,0.017777777777777757,0,0,0,-1
362,1,0.16,2.8,62,0.625,0.017777777777777757,0.017777777777777757,0,0,0,-1
363,1,0.16,2.8,63,0.635,0.017777777777777757,0.017777777777777757,0,0,0,-1
364,1,0.16,2.8,64,0.645,0.017777777777777757,0.017777777777777757,0,0,0,-1
365,1,0.16,2.8,65,0.655,0.017777777777777757,0.017777777777777757,0,0,0,-1
366,1,0.16,2.8,66,0.665,0.017777777777777757,0.017777777777777757,0,0,0,-1
367,1,0.16,2.8,67,0.675,0.017777777777777757,0.017777777777777757,0,0,0,-1
368,1,0.16,2.8,68,0.685,0.017777777777777757,0.017777777777777757,0,0,0,-1
369,1,0.16,2.8,69,0.695,0.017777777777777757,0.017777777777777757,0,0,0,-1
370,1,0.16,2.8,70,0.705,0.017777777777777757,0.017777777777777757,0,0,0,-1
371,1,0.16,2.8,71,0.715,0.017777777777777757,0.017777777777777757,0,0,0,-1
372,1,0.16,2.8,72,0.725,0.017777777777777757,0.017777777777777757,0,0,0,-1
373,1,0.16,2.8,73,0.735,0.017777777777777757,0.017777777777777757,0,0,0,-1
374,1,0.16,2.8,74,0.745,0.017777777777777757,0.017777777777777757,0,0,0,-1
375,1,0.16,2.8,75,0.755,0.017777777777777757,0.017777777777777757,0,0,0,-1
376,1,0.16,2.8,76,0.765,0.017777777777777757,0.017777777777777757,0,0,0,-1
377,1,0.16,2.8,77,0.775,0.017777777777777757,0.017777777777777757,0,0,0,-1
378,1,0.16,2.8,78,0.785,0.017777777777777757,0.017777777777777757,0,0,0,-1
379,1,0.16,2.8,79,0.795,0.017777777777777757,0.017777777777777757,0,0,0,-1
380,1,0.16,2.8,80,0.805,0.017777777777777757,0.017777777777777757,0,0,0,-1
381,1,0.16,2.8,81,0.815,0.017777777777777757,0.017777777777777757,0,0,0,-1
382,1,0.16,2.8,82,0.825,0.017777777777777757,0.017777777777777757,0,0,0,-1
383,1,0.16,2.8,83,0.835,0.017777777777777757,0.017777777777777757,0,0,0,-1
384,1,0.16,2.8,84,0.845,0.017777777777777757,0.017777777777777757,0,0,0,-1
385,1,0.16,2.8,85,0.855,0.017777777777777757,0.017777777777777757,0,0,0,-1
386,1,0.16,2.8,86,0.865,0.017777777777777757,0.017777777777777757,0,0,0,-1
387,1,0.16,2.8,87,0.875,0.017777777777777757,0.017777777777777757,0,0,0,-1
388,1,0.16,2.8,88,0.885,0.017777777777777757,0.017777777777777757,0,0,0,-1
389,1,0.16,2.8,89,0.895,0.017777777777777757,0.017777777777777757,0,0,0,-1
390,1,0.16,2.8,90,0.905,0.017777777777777757,0.017777777777777757,0,0,0,-1
391,1,0.16,2.8,91,0.915,0.017777777777777757,0.017777777777777757,0,0,0,-1
392,1,0.16,2.8,92,0.925,0.017777777777777757,0.017777777777777757,0,0,0,-1
393,1,0.16,2.8,93,0.935,0.017777777777777757,0.017777777777777757,0,0,0,-1
394,1,0.16,2.8,94,0.945,0.017777777777777757,0.017777777777777757,0,0,0,-1
395,1,0.16,2.8,95,0.955,0.017777777777777757,0.017777777777777757,0,0,0,-1
396,1,0.16,2.8,96,0.965,0.017777777777777757,0.017777777777777757,0,0,0,-1
397,1,0.16,2.8,97,0.975,0.017777777777777757,0.017777777777777757,0,0,0,-1
398,1,0.16,2.8,98,0.985,0.017777777777777757,0.017777777777777757,0,0,0,-1
399,1,0.16,2.8,99,0.995,0.017777777777777757,0.017777777777777757,1,1,1,-1
400,1,0.16,3.5,0,0.005,0.0576,0.0576,1,1,1,-1
401,1,0.16,3.5,1,0.015,0.0576,0.0576,1,1,1,-1
402,1,0.16,3.5,2,0.025,0.0576,0.0576,1,1,1,-1
403,1,0.16,3.5,3,0.035,0.0576,0.0576,0,0,0,-1
404,1,0.16,3.5,4,0.045,0.0576,0.0576,0,0,0,-1
405,1,0.16,3.5,5,0.055,0.0576,0.0576,0,0,0,-1
406,1,0.16,3.5,6,0.065,0.0576,0.0576,0,0,0,-1
407,1,0.16,3.5,7,0.075,0.0576,0.0576,0,0,0,-1
408,1,0.16,3.5,8,0.085,0.0576,0.0576,0,0,0,-1
409,1,0.16,3.5,9,0.095,0.0576,0.0576,0,0,0,-1
410,1,0.16,3.5,10,0.105,0.0576,0.0576,0,0,0,-1
411,1,0.16,3.5,11,0.115,0.0576,0.0576,0,0,0,-1
412,1,0.16,3.5,12,0.125,0.0576,0.0576,0,0,0,-1
413,1,0.16,3.5,13,0.135,0.0576,0.0576,0,0,0,-1
414,1,0.16,3.5,14,0.145,0.0576,0.0576,0,0,0,-1
415,1,0.16,3.5,15,0.155,0.0576,0.0576,0,0,0,-1
416,1,0.16,3.5,16,0.165,0.0576,0.0576,0,0,0,-1
417,1,0.16,3.5,17,0.175,0.0576,0.0576,0,0,0,-1
418,1,0.16,3.5,18,0.185,0.0576,0.0576,0,0,0,-1
419,1,0.16,3.5,19,0.195,0.0576,0.0576,0,0,0,-1
420,1,0.16,3.5,20,0.205,0.0576,0.0576,0,0,0,-1
421,1,0.16,3.5,21,0.215,0.0576,0.0576,0,0,0,-1
422,1,0.16,3.5,22,0.225,0.0576,0.0576,0,0,0,-1
423,1,0.16,3.5,23,0.235,0.0576,0.0576,0,0,0,-1
424,1,0.16,3.5,24,0.245,0.0576,0.0576,0,0,0,-1
425,1,0.16,3.5,25,0.255,0.0576,0.0576,0,0,0,-1
426,1,0.16,3.5,26,0.265,0.0576,0.0576,0,0,0,-1
427,1,0.16,3.5,27,0.275,0.0576,0.0576,0,0,0,-1
428,1,0.16,3.5,28,0.285,0.0576,0.0576,0,0,0,-1
429,1,0.16,3.5,29,0.295,0.0576,0.0576,0,0,0,-1
430,1,0.16,3.5,30,0.305,0.0576,0.0576,0,0,0,-1
431,1,0.16,3.5,31,0.315,0.0576,0.0576,0,0,0,-1
432,1,0.16,3.5,32,0.325,0.0576,0.0576,0,0,0,-1
433,1,0.16,3.5,33,0.335,0.0576,0.0576,0,0,0,-1
434,1,0.16,3.5,34,0.345,0.0576,0.0576,0,0,0,-1
435,1,0.16,3.5,35,0.355,0.0576,0.0576,0,0,0,-1
436,1,0.16,3.5,36,0.365,0.0576,0.0576,0,0,0,-1
437,1,0.16,3.5,37,0.375,0.0576,0.0576,0,0,0,-1
438,1,0.16,3.5,38,0.385,0.0576,0.0576,0,0,0,-1
439,1,0.16,3.5,39,0.395,0.0576,0.0576,0,0,0,-1
440,1,0.16,3.5,40,0.405,0.0576,0.0576,0,0,0,-1
441,1,0.16,3.5,41,0.415,0.0576,0.0576,0,0,0,-1
442,1,0.16,3.5,42,0.425,0.0576,0.0576,0,0,0,-1
443,1,0.16,3.5,43,0.435,0.0576,0.0576,0,0,0,-1
444,1,0.16,3.5,44,0.445,0.0576,0.0576,0,0,0,-1
445,1,0.16,3.5,45,0.455,0.0576,0.0576,0,0,0,-1
446,1,0.16,3.5,46,0.465,0.0576,0.0576,0,0,0,-1
447,1,0.16,3.5,47,0.475,0.0576,0.0576,0,0,0,-1
448,1,0.16,3.5,48,0.485,0.0576,0.0576,0,0,0,-1
449,1,0.16,3.5,49,0.495,0.0576,0.0576,0,0,0,-1
450,1,0.16,3.5,50,0.505,0.0576,0.0576,0,0,0,-1
451,1,0.16,3.5,51,0.515,0.0576,0.0576,0,0,0,-1
452,1,0.16,3.5,52,0.525,0.0576,0.0576,0,0,0,-1
453,1,0.16,3.5,53,0.535,0.0576,0.0576,0,0,0,-1
454,1,0.16,3.5,54,0.545,0.0576,0.0576,0,0,0,-1
455,1,0.16,3.5,55,0.555,0.0576,0.0576,0,0,0,-1
456,1,0.16,3.5,56,0.565,0.0576,0.0576,0,0,0,-1
457,1,0.16,3.5,57,0.575,0.0576,0.0576,0,0,0,-1
458,1,0.16,3.5,58,0.585,0.0576,0.0576,0,0,0,-1
459,1,0.16,3.5,59,0.595,0.0576,0.0576,0,0,0,-1
460,1,0.16,3.5,60,0.605,0.0576,0.0576,0,0,0,-1
461,1,0.16,3.5,61,0.615,0.0576,0.0576,0,0,0,-1
462,1,0.16,3.5,62,0.625,0.0576,0.0576,0,0,0,-1
463,1,0.16,3.5,63,0.635,0.0576,0.0576,0,0,0,-1
464,1,0.16,3.5,64,0.645,0.0576,0.0576,0,0,0,-1
465,1,0.16,3.5,65,0.655,0.0576,0.0576,0,0,0,-1
466,1,0.16,3.5,66,0.665,0.0576,0.0576,0,0,0,-1
467,1,0.16,3.5,67,0.675,0.0576,0.0576,0,0,0,-1
468,1,0.16,3.5,68,0.685,0.0576,0.0576,0,0,0,-1
469,1,0.16,3.5,69,0.695,0.0576,0.0576,0,0,0,-1
470,1,0.16,3.5,70,0.705,0.0576,0.0576,0,0,0,-1
471,1,0.16,3.5,71,0.715,0.0576,0.0576,0,0,0,-1
472,1,0.16,3.5,72,0.725,0.0576,0.0576,0,0,0,-1
473,1,0.16,3.5,73,0.735,0.0576,0.0576,0,0,0,-1
474,1,0.16,3.5,74,0.745,0.0576,0.0576,0,0,0,-1
475,1,0.16,3.5,75,0.755,0.0576,0.0576,0,0,0,-1
476,1,0.16,3.5,76,0.765,0.0576,0.0576,0,0,0,-1
477,1,0.16,3.5,77,0.775,0.0576,0.0576,0,0,0,-1
478,1,0.16,3.5,78,0.785,0.0576,0.0576,0,0,0,-1
479,1,0.16,3.5,79,0.795,0.0576,0.0576,0,0,0,-1
480,1,0.16,3.5,80,0.805,0.0576,0.0576,0,0,0,-1
481,1,0.16,3.5,81,0.815,0.0576,0.0576,0,0,0,-1
482,1,0.16,3.5,82,0.825,0.0576,0.0576,0,0,0,-1
483,1,0.16,3.5,83,0.835,0.0576,0.0576,0,0,0,-1
484,1,0.16,3.5,84,0.845,0.0576,0.0576,0,0,0,-1
485,1,0.16,3.5,85,0.855,0.0576,0.0576,0,0,0,-1
486,1,0.16,3.5,86,0.865,0.0576,0.0576,0,0,0,-1
487,1,0.16,3.5,87,0.875,0.0576,0.0576,0,0,0,-1
488,1,0.16,3.5,88,0.885,0.0576,0.0576,0,0,0,-1
489,1,0.16,3.5,89,0.895,0.0576,0.0576,0,0,0,-1
490,1,0.16,3.5,90,0.905,0.0576,0.0576,0,0,0,-1
491,1,0.16,3.5,91,0.915,0.0576,0.0576,0,0,0,-1
492,1,0.16,3.5,92,0.925,0.0576,0.0576,0,0,0,-1
493,1,0.16,3.5,93,0.935,0.0576,0.0576,0,0,0,-1
494,1,0.16,3.5,94,0.945,0.0576,0.0576,0,0,0,-1
495,1,0.16,3.5,95,0.955,0.0576,0.0576,0,0,0,-1
496,1,0.16,3.5,96,0.965,0.0576,0.0576,0,0,0,-1
497,1,0.16,3.5,97,0.975,0.0576,0.0576,1,1,1,-1
498,1,0.16,3.5,98,0.985,0.0576,0.0576,1,1,1,-1
499,1,0.16,3.5,99,0.995,0.0576,0.0576,1,1,1,-1
500,1,0.16,4.2,0,0.005,0.08,0.08,1,1,1,-1
501,1,0.16,4.2,1,0.015,0.08,0.08,1,1,1,-1
502,1,0.16,4.2,2,0.025,0.08,0.08,1,1,1,-1
503,1,0.16,4.2,3,0.035,0.08,0.08,1,1,1,-1
504,1,0.16,4.2,4,0.045,0.08,0.08,0,0,0,-1
505,1,0.16,4.2,5,0.055,0.08,0.08,0,0,0,-1
506,1,0.16,4.2,6,0.065,0.08,0.08,0,0,0,-1
507,1,0.16,4.2,7,0.075,0.08,0.08,0,0,0,-1
508,1,0.16,4.2,8,0.085,0.08,0.08,0,0,0,-1
509,1,0.16,4.2,9,0.095,0.08,0.08,0,0,0,-1
510,1,0.16,4.2,10,0.105,0.08,0.08,0,0,0,-1
511,1,0.16,4.2,11,0.115,0.08,0.08,0,0,0,-1
512,1,0.16,4.2,12,0.125,0.08,0.08,0,0,0,-1
513,1,0.16,4.2,13,0.135,0.08,0.08,0,0,0,-1
514,1,0.16,4.2,14,0.145,0.08,0.08,0,0,0,-1
515,1,0.16,4.2,15,0.155,0.08,0.08,0,0,0,-1
516,1,0.16,4.2,16,0.165,0.08,0.08,0,0,0,-1
517,1,0.16,4.2,17,0.175,0.08,0.08,0,0,0,-1
518,1,0.16,4.2,18,0.185,0.08,0.08,0,0,0,-1
519,1,0.16,4.2,19,0.195,0.08,0.08,0,0,0,-1
520,1,0.16,4.2,20,0.205,0.08,0.08,0,0,0,-1
521,1,0.16,4.2,21,0.215,0.08,0.08,0,0,0,-1
522,1,0.16,4.2,22,0.225,0.08,0.08,0,0,0,-1
523,1,0.16,4.2,23,0.235,0.08,0.08,0,0,0,-1
524,1,0.16,4.2,24,0.245,0.08,0.08,0,0,0,-1
525,1,0.16,4.2,25,0.255,0.08,0.08,0,0,0,-1
526,1,0.16,4.2,26,0.265,0.08,0.08,0,0,0,-1
527,1,0.16,4.2,27,0.275,0.08,0.08,0,0,0,-1
528,1,0.16,4.2,28,0.285,0.08,0.08,0,0,0,-1
529,1,0.16,4.2,29,0.295,0.08,0.08,0,0,0,-1
530,1,0.16,4.2,30,0.305,0.08,0.08,0,0,0,-1
531,1,0.16,4.2,31,0.315,0.08,0.08,0,0,0,-1
532,1,0.16,4.2,32,0.325,0.08,0.08,0,0,0,-1
533,1,0.16,4.2,33,0.335,0.08,0.08,0,0,0,-1
534,1,0.16,4.2,34,0.345,0.08,0.08,0,0,0,-1
535,1,0.16,4.2,35,0.355,0.08,0.08,0,0,0,-1
536,1,0.16,4.2,36,0.365,0.08,0.08,0,0,0,-1
537,1,0.16,4.2,37,0.375,0.08,0.08,0,0,0,-1
538,1,0.16,4.2,38,0.385,0.08,0.08,0,0,0,-1
539,1,0.16,4.2,39,0.395,0.08,0.08,0,0,0,-1
540,1,0.16,4.2,40,0.405,0.08,0.08,0,0,0,-1
541,1,0.16,4.2,41,0.415,0.08,0.08,0,0,0,-1
542,1,0.16,4.2,42,0.425,0.08,0.08,0,0,0,-1
543,1,0.16,4.2,43,0.435,0.08,0.08,0,0,0,-1
544,1,0.16,4.2,44,0.445,0.08,0.08,0,0,0,-1
545,1,0.16,4.2,45,0.455,0.08,0.08,0,0,0,-1
546,1,0.16,4.2,46,0.465,0.08,0.08,0,0,0,-1
547,1,0.16,4.2,47,0.475,0.08,0.08,0,0,0,-1
548,1,0.16,4.2,48,0.485,0.08,0.08,0,0,0,-1
549,1,0.16,4.2,49,0.495,0.08,0.08,0,0,0,-1
550,1,0.16,4.2,50,0.505,0.08,0.08,0,0,0,-1
551,1,0.16,4.2,51,0.515,0.08,0.08,0,0,0,-1
552,1,0.16,4.2,52,0.525,0.08,0.08,0,0,0,-1
553,1,0.16,4.2,53,0.535,0.08,0.08,0,0,0,-1
554,1,0.16,4.2,54,0.545,0.08,0.08,0,0,0,-1
555,1,0.16,4.2,55,0.555,0.08,0.08,0,0,0,-1
556,1,0.16,4.2,56,0.565,0.08,0.08,0,0,0,-1
557,1,0.16,4.2,57,0.575,0.08,0.08,0,0,0,-1
558,1,0.16,4.2,58,0.585,0.08,0.08,0,0,0,-1
559,1,0.16,4.2,59,0.595,0.08,0.08,0,0,0,-1
560,1,0.16,4.2,60,0.605,0.08,0.08,0,0,0,-1
561,1,0.16,4.2,61,0.615,0.08,0.08,0,0,0,-1
562,1,0.16,4.2,62,0.625,0.08,0.08,0,0,0,-1
563,1,0.16,4.2,63,0.635,0.08,0.08,0,0,0,-1
564,1,0.16,4.2,64,0.645,0.08,0.08,0,0,0,-1
565,1,0.16,4.2,65,0.655,0.08,0.08,0,0,0,-1
566,1,0.16,4.2,66,0.665,0.08,0.08,0,0,0,-1
567,1,0.16,4.2,67,0.675,0.08,0.08,0,0,0,-1
568,1,0.16,4.2,68,0.685,0.08,0.08,0,0,0,-1
569,1,0.16,4.2,69,0.695,0.08,0.08,0,0,0,-1
570,1,0.16,4.2,70,0.705,0.08,0.08,0,0,0,-1
571,1,0.16,4.2,71,0.715,0.08,0.08,0,0,0,-1
572,1,0.16,4.2,72,0.725,0.08,0.08,0,0,0,-1
573,1,0.16,4.2,73,0.735,0.08,0.08,0,0,0,-1
574,1,0.16,4.2,74,0.745,0.08,0.08,0,0,0,-1
575,1,0.16,4.2,75,0.755,0.08,0.08,0,0,0,-1
576,1,0.16,4.2,76,0.765,0.08,0.08,0,0,0,-1
577,1,0.16,4.2,77,0.775,0.08,0.08,0,0,0,-1
578,1,0.16,4.2,78,0.785,0.08,0.08,0,0,0,-1
579,1,0.16,4.2,79,0.795,0.08,0.08,0,0,0,-1
580,1,0.16,4.2,80,0.805,0.08,0.08,0,0,0,-1
581,1,0.16,4.2,81,0.815,0.08,0.08,0,0,0,-1
582,1,0.16,4.2,82,0.825,0.08,0.08,0,0,0,-1
583,1,0.16,4.2,83,0.835,0.08,0.08,0,0,0,-1
584,1,0.16,4.2,84,0.845,0.08,0.08,0,0,0,-1
585,1,0.16,4.2,85,0.855,0.08,0.08,0,0,0,-1
586,1,0.16,4.2,86,0.865,0.08,0.08,0,0,0,-1
587,1,0.16,4.2,87,0.875,0.08,0.08,0,0,0,-1
588,1,0.16,4.2,88,0.885,0.08,0.08,0,0,0,-1
589,1,0.16,4.2,89,0.895,0.08,0.08,0,0,0,-1
590,1,0.16,4.2,90,0.905,0.08,0.08,0,0,0,-1
591,1,0.16,4.2,91,0.915,0.08,0.08,0,0,0,-1
592,1,0.16,4.2,92,0.925,0.08,0.08,0,0,0,-1
593,1,0.16,4.2,93,0.935,0.08,0.08,0,0,0,-1
594,1,0.16,4.2,94,0.945,0.08,0.08,0,0,0,-1
595,1,0.16,4.2,95,0.955,0.08,0.08,0,0,0,-1
596,1,0.16,4.2,96,0.965,0.08,0.08,1,1,1,-1
597,1,0.16,4.2,97,0.975,0.08,0.08,1,1,1,-1
598,1,0.16,4.2,98,0.985,0.08,0.08,1,1,1,-1
599,1,0.16,4.2,99,0.995,0.08,0.08,1,1,1,-1
600,1,0.24,2.8,0,0.005,0.02666666666666663,0.02666666666666663,1,1,1,-1
601,1,0.24,2.8,1,0.015,0.02666666666666663,0.02666666666666663,0,0,0,-1
602,1,0.24,2.8,2,0.025,0.02666666666666663,0.02666666666666663,0,0,0,-1
603,1,0.24,2.8,3,0.035,0.02666666666666663,0.02666666666666663,0,0,0,-1
604,1,0.24,2.8,4,0.045,0.02666666666666663,0.02666666666666663,0,0,0,-1
605,1,0.24,2.8,5,0.055,0.02666666666666663,0.02666666666666663,0,0,0,-1
606,1,0.24,2.8,6,0.065,0.02666666666666663,0.02666666666666663,0,0,0,-1
607,1,0.24,2.8,7,0.075,0.02666666666666663,0.02666666666666663,0,0,0,-1
608,1,0.24,2.8,8,0.085,0.02666666666666663,0.02666666666666663,0,0,0,-1
609,1,0.24,2.8,9,0.095,0.02666666666666663,0.02666666666666663,0,0,0,-1
610,1,0.24,2.8,10,0.105,0.02666666666666663,0.02666666666666663,0,0,0,-1
611,1,0.24,2.8,11,0.115,0.02666666666666663,0.02666666666666663,0,0,0,-1
612,1,0.24,2.8,12,0.125,0.02666666666666663,0.02666666666666663,0,0,0,-1
613,1,0.24,2.8,13,0.135,0.02666666666666663,0.02666666666666663,0,0,0,-1
614,1,0.24,2.8,14,0.145,0.02666666666666663,0.02666666666666663,0,0,0,-1
615,1,0.24,2.8,15,0.155,0.02666666666666663,0.02666666666666663,0,0,0,-1
616,1,0.24,2.8,16,0.165,0.02666666666666663,0.02666666666666663,0,0,0,-1
617,1,0.24,2.8,17,0.175,0.02666666666666663,0.02666666666666663,0,0,0,-1
618,1,0.24,2.8,18,0.185,0.02666666666666663,0.02666666666666663,0,0,0,-1
619,1,0.24,2.8,19,0.195,0.02666666666666663,0.02666666666666663,0,0,0,-1
620,1,0.24,2.8,20,0.205,0.02666666666666663,0.02666666666666663,0,0,0,-1
621,1,0.24,2.8,21,0.215,0.02666666666666663,0.02666666666666663,0,0,0,-1
622,1,0.24,2.8,22,0.225,0.02666666666666663,0.02666666666666663,0,0,0,-1
623,1,0.24,2.8,23,0.235,0.02666666666666663,0.02666666666666663,0,0,0,-1
624,1,0.24,2.8,24,0.245,0.02666666666666663,0.02666666666666663,0,0,0,-1
625,1,0.24,2.8,25,0.255,0.02666666666666663,0.02666666666666663,0,0,0,-1
626,1,0.24,2.8,26,0.265,0.02666666666666663,0.02666666666666663,0,0,0,-1
627,1,0.24,2.8,27,0.275,0.02666666666666663,0.02666666666666663,0,0,0,-1
628,1,0.24,2.8,28,0.285,0.02666666666666663,0.02666666666666663,0,0,0,-1
629,1,0.24,2.8,29,0.295,0.02666666666666663,0.02666666666666663,0,0,0,-1
630,1,0.24,2.8,30,0.305,0.02666666666666663,0.02666666666666663,0,0,0,-1
631,1,0.24,2.8,31,0.315,0.02666666666666663,0.02666666666666663,0,0,0,-1
632,1,0.24,2.8,32,0.325,0.02666666666666663,0.02666666666666663,0,0,0,-1
633,1,0.24,2.8,33,0.335,0.02666666666666663,0.02666666666666663,0,0,0,-1
634,1,0.24,2.8,34,0.345,0.02666666666666663,0.02666666666666663,0,0,0,-1
635,1,0.24,2.8,35,0.355,0.02666666666666663,0.02666666666666663,0,0,0,-1
636,1,0.24,2.8,36,0.365,0.02666666666666663,0.02666666666666663,0,0,0,-1
637,1,0.24,2.8,37,0.375,0.02666666666666663,0.02666666666666663,0,0,0,-1
638,1,0.24,2.8,38,0.385,0.02666666666666663,0.02666666666666663,0,0,0,-1
639,1,0.24,2.8,39,0.395,0.02666666666666663,0.02666666666666663,0,0,0,-1
640,1,0.24,2.8,40,0.405,0.02666666666666663,0.02666666666666663,0,0,0,-1
641,1,0.24,2.8,41,0.415,0.02666666666666663,0.02666666666666663,0,0,0,-1
642,1,0.24,2.8,42,0.425,0.02666666666666663,0.02666666666666663,0,0,0,-1
643,1,0.24,2.8,43,0.435,0.02666666666666663,0.02666666666666663,0,0,0,-1
644,1,0.24,2.8,44,0.445,0.02666666666666663,0.02666666666666663,0,0,0,-1
645,1,0.24,2.8,45,0.455,0.02666666666666663,0.02666666666666663,0,0,0,-1
646,1,0.24,2.8,46,0.465,0.02666666666666663,0.02666666666666663,0,0,0,-1
647,1,0.24,2.8,47,0.475,0.02666666666666663,0.02666666666666663,0,0,0,-1
648,1,0.24,2.8,48,0.485,0.02666666666666663,0.02666666666666663,0,0,0,-1
649,1,0.24,2.8,49,0.495,0.02666666666666663,0.02666666666666663,0,0,0,-1
650,1,0.24,2.8,50,0.505,0.02666666666666663,0.02666666666666663,0,0,0,-1
651,1,0.24,2.8,51,0.515,0.02666666666666663,0.02666666666666663,0,0,0,-1
652,1,0.24,2.8,52,0.525,0.02666666666666663,0.02666666666666663,0,0,0,-1
653,1,0.24,2.8,53,0.535,0.02666666666666663,0.02666666666666663,0,0,0,-1
654,1,0.24,2.8,54,0.545,0.02666666666666663,0.02666666666666663,0,0,0,-1
655,1,0.24,2.8,55,0.555,0.02666666666666663,0.02666666666666663,0,0,0,-1
656,1,0.24,2.8,56,0.565,0.02666666666666663,0.02666666666666663,0,0,0,-1
657,1,0.24,2.8,57,0.575,0.02666666666666663,0.02666666666666663,0,0,0,-1
658,1,0.24,2.8,58,0.585,0.02666666666666663,0.02666666666666663,0,0,0,-1
659,1,0.24,2.8,59,0.595,0.02666666666666663,0.02666666666666663,0,0,0,-1
660,1,0.24,2.8,60,0.605,0.02666666666666663,0.02666666666666663,0,0,0,-1
661,1,0.24,2.8,61,0.615,0.02666666666666663,0.02666666666666663,0,0,0,-1
662,1,0.24,2.8,62,0.625,0.02666666666666663,0.02666666666666663,0,0,0,-1
663,1,0.24,2.8,63,0.635,0.02666666666666663,0.02666666666666663,0,0,0,-1
664,1,0.24,2.8,64,0.645,0.02666666666666663,0.02666666666666663,0,0,0,-1
665,1,0.24,2.8,65,0.655,0.02666666666666663,0.02666666666666663,0,0,0,-1
666,1,0.24,2.8,66,0.665,0.02666666666666663,0.02666666666666663,0,0,0,-1
667,1,0.24,2.8,67,0.675,0.02666666666666663,0.02666666666666663,0,0,0,-1
668,1,0.24,2.8,68,0.685,0.02666666666666663,0.02666666666666663,0,0,0,-1
669,1,0.24,2.8,69,0.695,0.02666666666666663,0.02666666666666663,0,0,0,-1
670,1,0.24,2.8,70,0.705,0.02666666666666663,0.02666666666666663,0,0,0,-1
671,1,0.24,2.8,71,0.715,0.02666666666666663,0.02666666666666663,0,0,0,-1
672,1,0.24,2.8,72,0.725,0.02666666666666663,0.02666666666666663,0,0,0,-1
673,1,0.24,2.8,73,0.735,0.02666666666666663,0.02666666666666663,0,0,0,-1
674,1,0.24,2.8,74,0.745,0.02666666666666663,0.02666666666666663,0,0,0,-1
675,1,0.24,2.8,75,0.755,0.02666666666666663,0.02666666666666663,0,0,0,-1
676,1,0.24,2.8,76,0.765,0.02666666666666663,0.02666666666666663,0,0,0,-1
677,1,0.24,2.8,77,0.775,0.02666666666666663,0.02666666666666663,0,0,0,-1
678,1,0.24,2.8,78,0.785,0.02666666666666663,0.02666666666666663,0,0,0,-1
679,1,0.24,2.8,79,0.795,0.02666666666666663,0.02666666666666663,0,0,0,-1
680,1,0.24,2.8,80,0.805,0.02666666666666663,0.02666666666666663,0,0,0,-1
681,1,0.24,2.8,81,0.815,0.02666666666666663,0.02666666666666663,0,0,0,-1
682,1,0.24,2.8,82,0.825,0.02666666666666663,0.02666666666666663,0,0,0,-1
683,1,0.24,2.8,83,0.835,0.02666666666666663,0.02666666666666663,0,0,0,-1
684,1,0.24,2.8,84,0.845,0.02666666666666663,0.02666666666666663,0,0,0,-1
685,1,0.24,2.8,85,0.855,0.02666666666666663,0.02666666666666663,0,0,0,-1
686,1,0.24,2.8,86,0.865,0.02666666666666663,0.02666666666666663,0,0,0,-1
687,1,0.24,2.8,87,0.875,0.02666666666666663,0.02666666666666663,0,0,0,-1
688,1,0.24,2.8,88,0.885,0.02666666666666663,0.02666666666666663,0,0,0,-1
689,1,0.24,2.8,89,0.895,0.02666666666666663,0.02666666666666663,0,0,0,-1
690,1,0.24,2.8,90,0.905,0.02666666666666663,0.02666666666666663,0,0,0,-1
691,1,0.24,2.8,91,0.915,0.02666666666666663,0.02666666666666663,0,0,0,-1
692,1,0.24,2.8,92,0.925,0.02666666666666663,0.02666666666666663,0,0,0,-1
693,1,0.24,2.8,93,0.935,0.02666666666666663,0.02666666666666663,0,0,0,-1
694,1,0.24,2.8,94,0.945,0.02666666666666663,0.02666666666666663,0,0,0,-1
695,1,0.24,2.8,95,0.955,0.02666666666666663,0.02666666666666663,0,0,0,-1
696,1,0.24,2.8,96,0.965,0.02666666666666663,0.02666666666666663,0,0,0,-1
697,1,0.24,2.8,97,0.975,0.02666666666666663,0.02666666666666663,0,0,0,-1
698,1,0.24,2.8,98,0.985,0.02666666666666663,0.02666666666666663,0,0,0,-1
699,1,0.24,2.8,99,0.995,0.02666666666666663,0.02666666666666663,1,1,1,-1
700,1,0.24,3.5,0,0.005,0.08639999999999999,0.08639999999999999,1,1,1,-1
701,1,0.24,3.5,1,0.015,0.08639999999999999,0.08639999999999999,1,1,1,-1
702,1,0.24,3.5,2,0.025,0.08639999999999999,0.08639999999999999,1,1,1,-1
703,1,0.24,3.5,3,0.035,0.08639999999999999,0.08639999999999999,1,1,1,-1
704,1,0.24,3.5,4,0.045,0.08639999999999999,0.08639999999999999,0,0,0,-1
705,1,0.24,3.5,5,0.055,0.08639999999999999,0.08639999999999999,0,0,0,-1
706,1,0.24,3.5,6,0.065,0.08639999999999999,0.08639999999999999,0,0,0,-1
707,1,0.24,3.5,7,0.075,0.08639999999999999,0.08639999999999999,0,0,0,-1
708,1,0.24,3.5,8,0.085,0.08639999999999999,0.08639999999999999,0,0,0,-1
709,1,0.24,3.5,9,0.095,0.08639999999999999,0.08639999999999999,0,0,0,-1
710,1,0.24,3.5,10,0.105,0.08639999999999999,0.08639999999999999,0,0,0,-1
711,1,0.24,3.5,11,0.115,0.08639999999999999,0.08639999999999999,0,0,0,-1
712,1,0.24,3.5,12,0.125,0.08639999999999999,0.08639999999999999,0,0,0,-1
713,1,0.24,3.5,13,0.135,0.08639999999999999,0.08639999999999999,0,0,0,-1
714,1,0.24,3.5,14,0.145,0.08639999999999999,0.08639999999999999,0,0,0,-1
715,1,0.24,3.5,15,0.155,0.08639999999999999,0.08639999999999999,0,0,0,-1
716,1,0.24,3.5,16,0.165,0.08639999999999999,0.08639999999999999,0,0,0,-1
717,1,0.24,3.5,17,0.175,0.08639999999999999,0.08639999999999999,0,0,0,-1
718,1,0.24,3.5,18,0.185,0.08639999999999999,0.08639999999999999,0,0,0,-1
719,1,0.24,3.5,19,0.195,0.08639999999999999,0.08639999999999999,0,0,0,-1
720,1,0.24,3.5,20,0.205,0.08639999999999999,0.08639999999999999,0,0,0,-1
721,1,0.24,3.5,21,0.215,0.08639999999999999,0.08639999999999999,0,0,0,-1
722,1,0.24,3.5,22,0.225,0.08639999999999999,0.08639999999999999,0,0,0,-1
723,1,0.24,3.5,23,0.235,0.08639999999999999,0.08639999999999999,0,0,0,-1
724,1,0.24,3.5,24,0.245,0.08639999999999999,0.08639999999999999,0,0,0,-1
725,1,0.24,3.5,25,0.255,0.08639999999999999,0.08639999999999999,0,0,0,-1
726,1,0.24,3.5,26,0.265,0.08639999999999999,0.08639999999999999,0,0,0,-1
727,1,0.24,3.5,27,0.275,0.08639999999999999,0.08639999999999999,0,0,0,-1
728,1,0.24,3.5,28,0.285,0.08639999999999999,0.08639999999999999,0,0,0,-1
729,1,0.24,3.5,29,0.295,0.08639999999999999,0.08639999999999999,0,0,0,-1
730,1,0.24,3.5,30,0.305,0.08639999999999999,0.08639999999999999,0,0,0,-1
731,1,0.24,3.5,31,0.315,0.08639999999999999,0.08639999999999999,0,0,0,-1
732,1,0.24,3.5,32,0.325,0.08639999999999999,0.08639999999999999,0,0,0,-1
733,1,0.24,3.5,33,0.335,0.08639999999999999,0.08639999999999999,0,0,0,-1
734,1,0.24,3.5,34,0.345,0.08639999999999999,0.08639999999999999,0,0,0,-1
735,1,0.24,3.5,35,0.355,0.08639999999999999,0.08639999999999999,0,0,0,-1
736,1,0.24,3.5,36,0.365,0.08639999999999999,0.08639999999999999,0,0,0,-1
737,1,0.24,3.5,37,0.375,0.08639999999999999,0.08639999999999999,0,0,0,-1
738,1,0.24,3.5,38,0.385,0.08639999999999999,0.08639999999999999,0,0,0,-1
739,1,0.24,3.5,39,0.395,0.08639999999999999,0.08639999999999999,0,0,0,-1
740,1,0.24,3.5,40,0.405,0.08639999999999999,0.08639999999999999,0,0,0,-1
741,1,0.24,3.5,41,0.415,0.08639999999999999,0.08639999999999999,0,0,0,-1
742,1,0.24,3.5,42,0.425,0.08639999999999999,0.08639999999999999,0,0,0,-1
743,1,0.24,3.5,43,0.435,0.08639999999999999,0.08639999999999999,0,0,0,-1
744,1,0.24,3.5,44,0.445,0.08639999999999999,0.08639999999999999,0,0,0,-1
745,1,0.24,3.5,45,0.455,0.08639999999999999,0.08639999999999999,0,0,0,-1
746,1,0.24,3.5,46,0.465,0.08639999999999999,0.08639999999999999,0,0,0,-1
747,1,0.24,3.5,47,0.475,0.08639999999999999,0.08639999999999999,0,0,0,-1
748,1,0.24,3.5,48,0.485,0.08639999999999999,0.08639999999999999,0,0,0,-1
749,1,0.24,3.5,49,0.495,0.08639999999999999,0.08639999999999999,0,0,0,-1
750,1,0.24,3.5,50,0.505,0.08639999999999999,0.08639999999999999,0,0,0,-1
751,1,0.24,3.5,51,0.515,0.08639999999999999,0.08639999999999999,0,0,0,-1
752,1,0.24,3.5,52,0.525,0.08639999999999999,0.08639999999999999,0,0,0,-1
753,1,0.24,3.5,53,0.535,0.08639999999999999,0.08639999999999999,0,0,0,-1
754,1,0.24,3.5,54,0.545,0.08639999999999999,0.08639999999999999,0,0,0,-1
755,1,0.24,3.5,55,0.555,0.08639999999999999,0.08639999999999999,0,0,0,-1
756,1,0.24,3.5,56,0.565,0.08639999999999999,0.08639999999999999,0,0,0,-1
757,1,0.24,3.5,57,0.575,0.08639999999999999,0.08639999999999999,0,0,0,-1
758,1,0.24,3.5,58,0.585,0.08639999999999999,0.08639999999999999,0,0,0,-1
759,1,0.24,3.5,59,0.595,0.08639999999999999,0.08639999999999999,0,0,0,-1
760,1,0.24,3.5,60,0.605,0.08639999999999999,0.08639999999999999,0,0,0,-1
761,1,0.24,3.5,61,0.615,0.08639999999999999,0.08639999999999999,0,0,0,-1
762,1,0.24,3.5,62,0.625,0.08639999999999999,0.08639999999999999,0,0,0,-1
763,1,0.24,3.5,63,0.635,0.08639999999999999,0.08639999999999999,0,0,0,-1
764,1,0.24,3.5,64,0.645,0.08639999999999999,0.08639999999999999,0,0,0,-1
765,1,0.24,3.5,65,0.655,0.08639999999999999,0.08639999999999999,0,0,0,-1
766,1,0.24,3.5,66,0.665,0.08639999999999999,0.08639999999999999,0,0,0,-1
767,1,0.24,3.5,67,0.675,0.08639999999999999,0.08639999999999999,0,0,0,-1
768,1,0.24,3.5,68,0.685,0.08639999999999999,0.08639999999999999,0,0,0,-1
769,1,0.24,3.5,69,0.695,0.08639999999999999,0.08639999999999999,0,0,0,-1
770,1,0.24,3.5,70,0.705,0.08639999999999999,0.08639999999999999,0,0,0,-1
771,1,0.24,3.5,71,0.715,0.08639999999999999,0.08639999999999999,0,0,0,-1
772,1,0.24,3.5,72,0.725,0.08639999999999999,0.08639999999999999,0,0,0,-1
773,1,0.24,3.5,73,0.735,0.08639999999999999,0.08639999999999999,0,0,0,-1
774,1,0.24,3.5,74,0.745,0.08639999999999999,0.08639999999999999,0,0,0,-1
775,1,0.24,3.5,75,0.755,0.08639999999999999,0.08639999999999999,0,0,0,-1
776,1,0.24,3.5,76,0.765,0.08639999999999999,0.08639999999999999,0,0,0,-1
777,1,0.24,3.5,77,0.775,0.08639999999999999,0.08639999999999999,0,0,0,-1
778,1,0.24,3.5,78,0.785,0.08639999999999999,0.08639999999999999,0,0,0,-1
779,1,0.24,3.5,79,0.795,0.08639999999999999,0.08639999999999999,0,0,0,-1
780,1,0.24,3.5,80,0.805,0.08639999999999999,0.08639999999999999,0,0,0,-1
781,1,0.24,3.5,81,0.815,0.08639999999999999,0.08639999999999999,0,0,0,-1
782,1,0.24,3.5,82,0.825,0.08639999999999999,0.08639999999999999,0,0,0,-1
783,1,0.24,3.5,83,0.835,0.08639999999999999,0.08639999999999999,0,0,0,-1
784,1,0.24,3.5,84,0.845,0.08639999999999999,0.08639999999999999,0,0,0,-1
785,1,0.24,3.5,85,0.855,0.08639999999999999,0.08639999999999999,0,0,0,-1
786,1,0.24,3.5,86,0.865,0.08639999999999999,0.08639999999999999,0,0,0,-1
787,1,0.24,3.5,87,0.875,0.08639999999999999,0.08639999999999999,0,0,0,-1
788,1,0.24,3.5,88,0.885,0.08639999999999999,0.08639999999999999,0,0,0,-1
789,1,0.24,3.5,89,0.895,0.08639999999999999,0.08639999999999999,0,0,0,-1
790,1,0.24,3.5,90,0.905,0.08639999999999999,0.08639999999999999,0,0,0,-1
791,1,0.24,3.5,91,0.915,0.08639999999999999,0.08639999999999999,0,0,0,-1
792,1,0.24,3.5,92,0.925,0.08639999999999999,0.08639999999999999,0,0,0,-1
793,1,0.24,3.5,93,0.935,0.08639999999999999,0.08639999999999999,0,0,0,-1
794,1,0.24,3.5,94,0.945,0.08639999999999999,0.08639999999999999,0,0,0,-1
795,1,0.24,3.5,95,0.955,0.08639999999999999,0.08639999999999999,0,0,0,-1
796,1,0.24,3.5,96,0.965,0.08639999999999999,0.08639999999999999,1,1,1,-1
797,1,0.24,3.5,97,0.975,0.08639999999999999,0.08639999999999999,1,1,1,-1
798,1,0.24,3.5,98,0.985,0.08639999999999999,0.08639999999999999,1,1,1,-1
799,1,0.24,3.5,99,0.995,0.08639999999999999,0.08639999999999999,1,1,1,-1
800,1,0.24,4.2,0,0.005,0.12,0.12,1,1,1,-1
801,1,0.24,4.2,1,0.015,0.12,0.12,1,1,1,-1
802,1,0.24,4.2,2,0.025,0.12,0.12,1,1,1,-1
803,1,0.24,4.2,3,0.035,0.12,0.12,1,1,1,-1
804,1,0.24,4.2,4,0.045,0.12,0.12,1,1,1,-1
805,1,0.24,4.2,5,0.055,0.12,0.12,1,1,1,-1
806,1,0.24,4.2,6,0.065,0.12,0.12,0,0,0,-1
807,1,0.24,4.2,7,0.075,0.12,0.12,0,0,0,-1
808,1,0.24,4.2,8,0.085,0.12,0.12,0,0,0,-1
809,1,0.24,4.2,9,0.095,0.12,0.12,0,0,0,-1
810,1,0.24,4.2,10,0.105,0.12,0.12,0,0,0,-1
811,1,0.24,4.2,11,0.115,0.12,0.12,0,0,0,-1
812,1,0.24,4.2,12,0.125,0.12,0.12,0,0,0,-1
813,1,0.24,4.2,13,0.135,0.12,0.12,0,0,0,-1
814,1,0.24,4.2,14,0.145,0.12,0.12,0,0,0,-1
815,1,0.24,4.2,15,0.155,0.12,0.12,0,0,0,-1
816,1,0.24,4.2,16,0.165,0.12,0.12,0,0,0,-1
817,1,0.24,4.2,17,0.175,0.12,0.12,0,0,0,-1
818,1,0.24,4.2,18,0.185,0.12,0.12,0,0,0,-1
819,1,0.24,4.2,19,0.195,0.12,0.12,0,0,0,-1
820,1,0.24,4.2,20,0.205,0.12,0.12,0,0,0,-1
821,1,0.24,4.2,21,0.215,0.12,0.12,0,0,0,-1
822,1,0.24,4.2,22,0.225,0.12,0.12,0,0,0,-1
823,1,0.24,4.2,23,0.235,0.12,0.12,0,0,0,-1
824,1,0.24,4.2,24,0.245,0.12,0.12,0,0,0,-1
825,1,0.24,4.2,25,0.255,0.12,0.12,0,0,0,-1
826,1,0.24,4.2,26,0.265,0.12,0.12,0,0,0,-1
827,1,0.24,4.2,27,0.275,0.12,0.12,0,0,0,-1
828,1,0.24,4.2,28,0.285,0.12,0.12,0,0,0,-1
829,1,0.24,4.2,29,0.295,0.12,0.12,0,0,0,-1
830,1,0.24,4.2,30,0.305,0.12,0.12,0,0,0,-1
831,1,0.24,4.2,31,0.315,0.12,0.12,0,0,0,-1
832,1,0.24,4.2,32,0.325,0.12,0.12,0,0,0,-1
833,1,0.24,4.2,33,0.335,0.12,0.12,0,0,0,-1
834,1,0.24,4.2,34,0.345,0.12,0.12,0,0,0,-1
835,1,0.24,4.2,35,0.355,0.12,0.12,0,0,0,-1
836,1,0.24,4.2,36,0.365,0.12,0.12,0,0,0,-1
837,1,0.24,4.2,37,0.375,0.12,0.12,0,0,0,-1
838,1,0.24,4.2,38,0.385,0.12,0.12,0,0,0,-1
839,1,0.24,4.2,39,0.395,0.12,0.12,0,0,0,-1
840,1,0.24,4.2,40,0.405,0.12,0.12,0,0,0,-1
841,1,0.24,4.2,41,0.415,0.12,0.12,0,0,0,-1
842,1,0.24,4.2,42,0.425,0.12,0.12,0,0,0,-1
843,1,0.24,4.2,43,0.435,0.12,0.12,0,0,0,-1
844,1,0.24,4.2,44,0.445,0.12,0.12,0,0,0,-1
845,1,0.24,4.2,45,0.455,0.12,0.12,0,0,0,-1
846,1,0.24,4.2,46,0.465,0.12,0.12,0,0,0,-1
847,1,0.24,4.2,47,0.475,0.12,0.12,0,0,0,-1
848,1,0.24,4.2,48,0.485,0.12,0.12,0,0,0,-1
849,1,0.24,4.2,49,0.495,0.12,0.12,0,0,0,-1
850,1,0.24,4.2,50,0.505,0.12,0.12,0,0,0,-1
851,1,0.24,4.2,51,0.515,0.12,0.12,0,0,0,-1
852,1,0.24,4.2,52,0.525,0.12,0.12,0,0,0,-1
853,1,0.24,4.2,53,0.535,0.12,0.12,0,0,0,-1
854,1,0.24,4.2,54,0.545,0.12,0.12,0,0,0,-1
855,1,0.24,4.2,55,0.555,0.12,0.12,0,0,0,-1
856,1,0.24,4.2,56,0.565,0.12,0.12,0,0,0,-1
857,1,0.24,4.2,57,0.575,0.12,0.12,0,0,0,-1
858,1,0.24,4.2,58,0.585,0.12,0.12,0,0,0,-1
859,1,0.24,4.2,59,0.595,0.12,0.12,0,0,0,-1
860,1,0.24,4.2,60,0.605,0.12,0.12,0,0,0,-1
861,1,0.24,4.2,61,0.615,0.12,0.12,0,0,0,-1
862,1,0.24,4.2,62,0.625,0.12,0.12,0,0,0,-1
863,1,0.24,4.2,63,0.635,0.12,0.12,0,0,0,-1
864,1,0.24,4.2,64,0.645,0.12,0.12,0,0,0,-1
865,1,0.24,4.2,65,0.655,0.12,0.12,0,0,0,-1
866,1,0.24,4.2,66,0.665,0.12,0.12,0,0,0,-1
867,1,0.24,4.2,67,0.675,0.12,0.12,0,0,0,-1
868,1,0.24,4.2,68,0.685,0.12,0.12,0,0,0,-1
869,1,0.24,4.2,69,0.695,0.12,0.12,0,0,0,-1
870,1,0.24,4.2,70,0.705,0.12,0.12,0,0,0,-1
871,1,0.24,4.2,71,0.715,0.12,0.12,0,0,0,-1
872,1,0.24,4.2,72,0.725,0.12,0.12,0,0,0,-1
873,1,0.24,4.2,73,0.735,0.12,0.12,0,0,0,-1
874,1,0.24,4.2,74,0.745,0.12,0.12,0,0,0,-1
875,1,0.24,4.2,75,0.755,0.12,0.12,0,0,0,-1
876,1,0.24,4.2,76,0.765,0.12,0.12,0,0,0,-1
877,1,0.24,4.2,77,0.775,0.12,0.12,0,0,0,-1
878,1,0.24,4.2,78,0.785,0.12,0.12,0,0,0,-1
879,1,0.24,4.2,79,0.795,0.12,0.12,0,0,0,-1
880,1,0.24,4.2,80,0.805,0.12,0.12,0,0,0,-1
881,1,0.24,4.2,81,0.815,0.12,0.12,0,0,0,-1
882,1,0.24,4.2,82,0.825,0.12,0.12,0,0,0,-1
883,1,0.24,4.2,83,0.835,0.12,0.12,0,0,0,-1
884,1,0.24,4.2,84,0.845,0.12,0.12,0,0,0,-1
885,1,0.24,4.2,85,0.855,0.12,0.12,0,0,0,-1
886,1,0.24,4.2,86,0.865,0.12,0.12,0,0,0,-1
887,1,0.24,4.2,87,0.875,0.12,0.12,0,0,0,-1
888,1,0.24,4.2,88,0.885,0.12,0.12,0,0,0,-1
889,1,0.24,4.2,89,0.895,0.12,0.12,0,0,0,-1
890,1,0.24,4.2,90,0.905,0.12,0.12,0,0,0,-1
891,1,0.24,4.2,91,0.915,0.12,0.12,0,0,0,-1
892,1,0.24,4.2,92,0.925,0.12,0.12,0,0,0,-1
893,1,0.24,4.2,93,0.935,0.12,0.12,0,0,0,-1
894,1,0.24,4.2,94,0.945,0.12,0.12,1,1,1,-1
895,1,0.24,4.2,95,0.955,0.12,0.12,1,1,1,-1
896,1,0.24,4.2,96,0.965,0.12,0.12,1,1,1,-1
897,1,0.24,4.2,97,0.975,0.12,0.12,1,1,1,-1
898,1,0.24,4.2,98,0.985,0.12,0.12,1,1,1,-1
899,1,0.24,4.2,99,0.995,0.12,0.12,1,1,1,-1
0,5,0.08,2.8,0,0.005,0.008888888888888878,0.04444444444444439,1,1,1,-1
1,5,0.08,2.8,1,0.015,0.008888888888888878,0.04444444444444439,1,1,1,-1
2,5,0.08,2.8,2,0.025,0.008888888888888878,0.04444444444444439,0,0,0,-1
3,5,0.08,2.8,3,0.035,0.008888888888888878,0.04444444444444439,0,0,0,-1
4,5,0.08,2.8,4,0.045,0.008888888888888878,0.04444444444444439,0,0,0,-1
5,5,0.08,2.8,5,0.055,0.008888888888888878,0.04444444444444439,0,0,0,-1
6,5,0.08,2.8,6,0.065,0.008888888888888878,0.04444444444444439,0,0,0,-1
7,5,0.08,2.8,7,0.075,0.008888888888888878,0.04444444444444439,0,0,0,-1
8,5,0.08,2.8,8,0.085,0.008888888888888878,0.04444444444444439,0,0,0,-1
9,5,0.08,2.8,9,0.095,0.008888888888888878,0.04444444444444439,0,0,0,-1
10,5,0.08,2.8,10,0.105,0.008888888888888878,0.04444444444444439,0,0,0,-1
11,5,0.08,2.8,11,0.115,0.008888888888888878,0.04444444444444439,0,0,0,-1
12,5,0.08,2.8,12,0.125,0.008888888888888878,0.04444444444444439,0,0,0,-1
13,5,0.08,2.8,13,0.135,0.008888888888888878,0.04444444444444439,0,0,0,-1
14,5,0.08,2.8,14,0.145,0.008888888888888878,0.04444444444444439,0,0,0,-1
15,5,0.08,2.8,15,0.155,0.008888888888888878,0.04444444444444439,0,0,0,-1
16,5,0.08,2.8,16,0.165,0.008888888888888878,0.04444444444444439,0,0,0,-1
17,5,0.08,2.8,17,0.175,0.008888888888888878,0.04444444444444439,0,0,0,-1
18,5,0.08,2.8,18,0.185,0.008888888888888878,0.04444444444444439,0,0,0,-1
19,5,0.08,2.8,19,0.195,0.008888888888888878,0.04444444444444439,0,0,0,-1
20,5,0.08,2.8,20,0.205,0.008888888888888878,0.04444444444444439,0,0,0,-1
21,5,0.08,2.8,21,0.215,0.008888888888888878,0.04444444444444439,0,0,0,-1
22,5,0.08,2.8,22,0.225,0.008888888888888878,0.04444444444444439,0,0,0,-1
23,5,0.08,2.8,23,0.235,0.008888888888888878,0.04444444444444439,0,0,0,-1
24,5,0.08,2.8,24,0.245,0.008888888888888878,0.04444444444444439,0,0,0,-1
25,5,0.08,2.8,25,0.255,0.008888888888888878,0.04444444444444439,0,0,0,-1
26,5,0.08,2.8,26,0.265,0.008888888888888878,0.04444444444444439,0,0,0,-1
27,5,0.08,2.8,27,0.275,0.008888888888888878,0.04444444444444439,0,0,0,-1
28,5,0.08,2.8,28,0.285,0.008888888888888878,0.04444444444444439,0,0,0,-1
29,5,0.08,2.8,29,0.295,0.008888888888888878,0.04444444444444439,0,0,0,-1
30,5,0.08,2.8,30,0.305,0.008888888888888878,0.04444444444444439,0,0,0,-1
31,5,0.08,2.8,31,0.315,0.008888888888888878,0.04444444444444439,0,0,0,-1
32,5,0.08,2.8,32,0.325,0.008888888888888878,0.04444444444444439,0,0,0,-1
33,5,0.08,2.8,33,0.335,0.008888888888888878,0.04444444444444439,0,0,0,-1
34,5,0.08,2.8,34,0.345,0.008888888888888878,0.04444444444444439,0,0,0,-1
35,5,0.08,2.8,35,0.355,0.008888888888888878,0.04444444444444439,0,0,0,-1
36,5,0.08,2.8,36,0.365,0.008888888888888878,0.04444444444444439,0,0,0,-1
37,5,0.08,2.8,37,0.375,0.008888888888888878,0.04444444444444439,0,0,0,-1
38,5,0.08,2.8,38,0.385,0.008888888888888878,0.04444444444444439,0,0,0,-1
39,5,0.08,2.8,39,0.395,0.008888888888888878,0.04444444444444439,0,0,0,-1
40,5,0.08,2.8,40,0.405,0.008888888888888878,0.04444444444444439,0,0,0,-1
41,5,0.08,2.8,41,0.415,0.008888888888888878,0.04444444444444439,0,0,0,-1
42,5,0.08,2.8,42,0.425,0.008888888888888878,0.04444444444444439,0,0,0,-1
43,5,0.08,2.8,43,0.435,0.008888888888888878,0.04444444444444439,0,0,0,-1
44,5,0.08,2.8,44,0.445,0.008888888888888878,0.04444444444444439,0,0,0,-1
45,5,0.08,2.8,45,0.455,0.008888888888888878,0.04444444444444439,0,0,0,-1
46,5,0.08,2.8,46,0.465,0.008888888888888878,0.04444444444444439,0,0,0,-1
47,5,0.08,2.8,47,0.475,0.008888888888888878,0.04444444444444439,0,0,0,-1
48,5,0.08,2.8,48,0.485,0.008888888888888878,0.04444444444444439,0,0,0,-1
49,5,0.08,2.8,49,0.495,0.008888888888888878,0.04444444444444439,0,0,0,-1
50,5,0.08,2.8,50,0.505,0.008888888888888878,0.04444444444444439,0,0,0,-1
51,5,0.08,2.8,51,0.515,0.008888888888888878,0.04444444444444439,0,0,0,-1
52,5,0.08,2.8,52,0.525,0.008888888888888878,0.04444444444444439,0,0,0,-1
53,5,0.08,2.8,53,0.535,0.008888888888888878,0.04444444444444439,0,0,0,-1
54,5,0.08,2.8,54,0.545,0.008888888888888878,0.04444444444444439,0,0,0,-1
55,5,0.08,2.8,55,0.555,0.008888888888888878,0.04444444444444439,0,0,0,-1
56,5,0.08,2.8,56,0.565,0.008888888888888878,0.04444444444444439,0,0,0,-1
57,5,0.08,2.8,57,0.575,0.008888888888888878,0.04444444444444439,0,0,0,-1
58,5,0.08,2.8,58,0.585,0.008888888888888878,0.04444444444444439,0,0,0,-1
59,5,0.08,2.8,59,0.595,0.008888888888888878,0.04444444444444439,0,0,0,-1
60,5,0.08,2.8,60,0.605,0.008888888888888878,0.04444444444444439,0,0,0,-1
61,5,0.08,2.8,61,0.615,0.008888888888888878,0.04444444444444439,0,0,0,-1
62,5,0.08,2.8,62,0.625,0.008888888888888878,0.04444444444444439,0,0,0,-1
63,5,0.08,2.8,63,0.635,0.008888888888888878,0.04444444444444439,0,0,0,-1
64,5,0.08,2.8,64,0.645,0.008888888888888878,0.04444444444444439,0,0,0,-1
65,5,0.08,2.8,65,0.655,0.008888888888888878,0.04444444444444439,0,0,0,-1
66,5,0.08,2.8,66,0.665,0.008888888888888878,0.04444444444444439,0,0,0,-1
67,5,0.08,2.8,67,0.675,0.008888888888888878,0.04444444444444439,0,0,0,-1
68,5,0.08,2.8,68,0.685,0.008888888888888878,0.04444444444444439,0,0,0,-1
69,5,0.08,2.8,69,0.695,0.008888888888888878,0.04444444444444439,0,0,0,-1
70,5,0.08,2.8,70,0.705,0.008888888888888878,0.04444444444444439,0,0,0,-1
71,5,0.08,2.8,71,0.715,0.008888888888888878,0.04444444444444439,0,0,0,-1
72,5,0.08,2.8,72,0.725,0.008888888888888878,0.04444444444444439,0,0,0,-1
73,5,0.08,2.8,73,0.735,0.008888888888888878,0.04444444444444439,0,0,0,-1
74,5,0.08,2.8,74,0.745,0.008888888888888878,0.04444444444444439,0,0,0,-1
75,5,0.08,2.8,75,0.755,0.008888888888888878,0.04444444444444439,0,0,0,-1
76,5,0.08,2.8,76,0.765,0.008888888888888878,0.04444444444444439,0,0,0,-1
77,5,0.08,2.8,77,0.775,0.008888888888888878,0.04444444444444439,0,0,0,-1
78,5,0.08,2.8,78,0.785,0.008888888888888878,0.04444444444444439,0,0,0,-1
79,5,0.08,2.8,79,0.795,0.008888888888888878,0.04444444444444439,0,0,0,-1
80,5,0.08,2.8,80,0.805,0.008888888888888878,0.04444444444444439,0,0,0,-1
81,5,0.08,2.8,81,0.815,0.008888888888888878,0.04444444444444439,0,0,0,-1
82,5,0.08,2.8,82,0.825,0.008888888888888878,0.04444444444444439,0,0,0,-1
83,5,0.08,2.8,83,0.835,0.008888888888888878,0.04444444444444439,0,0,0,-1
84,5,0.08,2.8,84,0.845,0.008888888888888878,0.04444444444444439,0,0,0,-1
85,5,0.08,2.8,85,0.855,0.008888888888888878,0.04444444444444439,0,0,0,-1
86,5,0.08,2.8,86,0.865,0.008888888888888878,0.04444444444444439,0,0,0,-1
87,5,0.08,2.8,87,0.875,0.008888888888888878,0.04444444444444439,0,0,0,-1
88,5,0.08,2.8,88,0.885,0.008888888888888878,0.04444444444444439,0,0,0,-1
89,5,0.08,2.8,89,0.895,0.008888888888888878,0.04444444444444439,0,0,0,-1
90,5,0.08,2.8,90,0.905,0.008888888888888878,0.04444444444444439,0,0,0,-1
91,5,0.08,2.8,91,0.915,0.008888888888888878,0.04444444444444439,0,0,0,-1
92,5,0.08,2.8,92,0.925,0.008888888888888878,0.04444444444444439,0,0,0,-1
93,5,0.08,2.8,93,0.935,0.008888888888888878,0.04444444444444439,0,0,0,-1
94,5,0.08,2.8,94,0.945,0.008888888888888878,0.04444444444444439,0,0,0,-1
95,5,0.08,2.8,95,0.955,0.008888888888888878,0.04444444444444439,0,0,0,-1
96,5,0.08,2.8,96,0.965,0.008888888888888878,0.04444444444444439,0,0,0,-1
97,5,0.08,2.8,97,0.975,0.008888888888888878,0.04444444444444439,0,0,0,-1
98,5,0.08,2.8,98,0.985,0.008888888888888878,0.04444444444444439,1,1,1,-1
99,5,0.08,2.8,99,0.995,0.008888888888888878,0.04444444444444439,1,1,1,-1
100,5,0.08,3.5,0,0.005,0.0288,0.144,1,1,1,-1
101,5,0.08,3.5,1,0.015,0.0288,0.144,1,1,1,-1
102,5,0.08,3.5,2,0.025,0.0288,0.144,1,1,1,-1
103,5,0.08,3.5,3,0.035,0.0288,0.144,1,1,1,-1
104,5,0.08,3.5,4,0.045,0.0288,0.144,1,1,1,-1
105,5,0.08,3.5,5,0.055,0.0288,0.144,1,1,1,-1
106,5,0.08,3.5,6,0.065,0.0288,0.144,1,1,1,-1
107,5,0.08,3.5,7,0.075,0.0288,0.144,0,0,0,-1
108,5,0.08,3.5,8,0.085,0.0288,0.144,0,0,0,-1
109,5,0.08,3.5,9,0.095,0.0288,0.144,0,0,0,-1
110,5,0.08,3.5,10,0.105,0.0288,0.144,0,0,0,-1
111,5,0.08,3.5,11,0.115,0.0288,0.144,0,0,0,-1
112,5,0.08,3.5,12,0.125,0.0288,0.144,0,0,0,-1
113,5,0.08,3.5,13,0.135,0.0288,0.144,0,0,0,-1
114,5,0.08,3.5,14,0.145,0.0288,0.144,0,0,0,-1
115,5,0.08,3.5,15,0.155,0.0288,0.144,0,0,0,-1
116,5,0.08,3.5,16,0.165,0.0288,0.144,0,0,0,-1
117,5,0.08,3.5,17,0.175,0.0288,0.144,0,0,0,-1
118,5,0.08,3.5,18,0.185,0.0288,0.144,0,0,0,-1
119,5,0.08,3.5,19,0.195,0.0288,0.144,0,0,0,-1
120,5,0.08,3.5,20,0.205,0.0288,0.144,0,0,0,-1
121,5,0.08,3.5,21,0.215,0.0288,0.144,0,0,0,-1
122,5,0.08,3.5,22,0.225,0.0288,0.144,0,0,0,-1
123,5,0.08,3.5,23,0.235,0.0288,0.144,0,0,0,-1
124,5,0.08,3.5,24,0.245,0.0288,0.144,0,0,0,-1
125,5,0.08,3.5,25,0.255,0.0288,0.144,0,0,0,-1
126,5,0.08,3.5,26,0.265,0.0288,0.144,0,0,0,-1
127,5,0.08,3.5,27,0.275,0.0288,0.144,0,0,0,-1
128,5,0.08,3.5,28,0.285,0.0288,0.144,0,0,0,-1
129,5,0.08,3.5,29,0.295,0.0288,0.144,0,0,0,-1
130,5,0.08,3.5,30,0.305,0.0288,0.144,0,0,0,-1
131,5,0.08,3.5,31,0.315,0.0288,0.144,0,0,0,-1
132,5,0.08,3.5,32,0.325,0.0288,0.144,0,0,0,-1
133,5,0.08,3.5,33,0.335,0.0288,0.144,0,0,0,-1
134,5,0.08,3.5,34,0.345,0.0288,0.144,0,0,0,-1
135,5,0.08,3.5,35,0.355,0.0288,0.144,0,0,0,-1
136,5,0.08,3.5,36,0.365,0.0288,0.144,0,0,0,-1
137,5,0.08,3.5,37,0.375,0.0288,0.144,0,0,0,-1
138,5,0.08,3.5,38,0.385,0.0288,0.144,0,0,0,-1
139,5,0.08,3.5,39,0.395,0.0288,0.144,0,0,0,-1
140,5,0.08,3.5,40,0.405,0.0288,0.144,0,0,0,-1
141,5,0.08,3.5,41,0.415,0.0288,0.144,0,0,0,-1
142,5,0.08,3.5,42,0.425,0.0288,0.144,0,0,0,-1
143,5,0.08,3.5,43,0.435,0.0288,0.144,0,0,0,-1
144,5,0.08,3.5,44,0.445,0.0288,0.144,0,0,0,-1
145,5,0.08,3.5,45,0.455,0.0288,0.144,0,0,0,-1
146,5,0.08,3.5,46,0.465,0.0288,0.144,0,0,0,-1
147,5,0.08,3.5,47,0.475,0.0288,0.144,0,0,0,-1
148,5,0.08,3.5,48,0.485,0.0288,0.144,0,0,0,-1
149,5,0.08,3.5,49,0.495,0.0288,0.144,0,0,0,-1
150,5,0.08,3.5,50,0.505,0.0288,0.144,0,0,0,-1
151,5,0.08,3.5,51,0.515,0.0288,0.144,0,0,0,-1
152,5,0.08,3.5,52,0.525,0.0288,0.144,0,0,0,-1
153,5,0.08,3.5,53,0.535,0.0288,0.144,0,0,0,-1
154,5,0.08,3.5,54,0.545,0.0288,0.144,0,0,0,-1
155,5,0.08,3.5,55,0.555,0.0288,0.144,0,0,0,-1
156,5,0.08,3.5,56,0.565,0.0288,0.144,0,0,0,-1
157,5,0.08,3.5,57,0.575,0.0288,0.144,0,0,0,-1
158,5,0.08,3.5,58,0.585,0.0288,0.144,0,0,0,-1
159,5,0.08,3.5,59,0.595,0.0288,0.144,0,0,0,-1
160,5,0.08,3.5,60,0.605,0.0288,0.144,0,0,0,-1
161,5,0.08,3.5,61,0.615,0.0288,0.144,0,0,0,-1
162,5,0.08,3.5,62,0.625,0.0288,0.144,0,0,0,-1
163,5,0.08,3.5,63,0.635,0.0288,0.144,0,0,0,-1
164,5,0.08,3.5,64,0.645,0.0288,0.144,0,0,0,-1
165,5,0.08,3.5,65,0.655,0.0288,0.144,0,0,0,-1
166,5,0.08,3.5,66,0.665,0.0288,0.144,0,0,0,-1
167,5,0.08,3.5,67,0.675,0.0288,0.144,0,0,0,-1
168,5,0.08,3.5,68,0.685,0.0288,0.144,0,0,0,-1
169,5,0.08,3.5,69,0.695,0.0288,0.144,0,0,0,-1
170,5,0.08,3.5,70,0.705,0.0288,0.144,0,0,0,-1
171,5,0.08,3.5,71,0.715,0.0288,0.144,0,0,0,-1
172,5,0.08,3.5,72,0.725,0.0288,0.144,0,0,0,-1
173,5,0.08,3.5,73,0.735,0.0288,0.144,0,0,0,-1
174,5,0.08,3.5,74,0.745,0.0288,0.144,0,0,0,-1
175,5,0.08,3.5,75,0.755,0.0288,0.144,0,0,0,-1
176,5,0.08,3.5,76,0.765,0.0288,0.144,0,0,0,-1
177,5,0.08,3.5,77,0.775,0.0288,0.144,0,0,0,-1
178,5,0.08,3.5,78,0.785,0.0288,0.144,0,0,0,-1
179,5,0.08,3.5,79,0.795,0.0288,0.144,0,0,0,-1
180,5,0.08,3.5,80,0.805,0.0288,0.144,0,0,0,-1
181,5,0.08,3.5,81,0.815,0.0288,0.144,0,0,0,-1
182,5,0.08,3.5,82,0.825,0.0288,0.144,0,0,0,-1
183,5,0.08,3.5,83,0.835,0.0288,0.144,0,0,0,-1
184,5,0.08,3.5,84,0.845,0.0288,0.144,0,0,0,-1
185,5,0.08,3.5,85,0.855,0.0288,0.144,0,0,0,-1
186,5,0.08,3.5,86,0.865,0.0288,0.144,0,0,0,-1
187,5,0.08,3.5,87,0.875,0.0288,0.144,0,0,0,-1
188,5,0.08,3.5,88,0.885,0.0288,0.144,0,0,0,-1
189,5,0.08,3.5,89,0.895,0.0288,0.144,0,0,0,-1
190,5,0.08,3.5,90,0.905,0.0288,0.144,0,0,0,-1
191,5,0.08,3.5,91,0.915,0.0288,0.144,0,0,0,-1
192,5,0.08,3.5,92,0.925,0.0288,0.144,0,0,0,-1
193,5,0.08,3.5,93,0.935,0.0288,0.144,1,1,1,-1
194,5,0.08,3.5,94,0.945,0.0288,0.144,1,1,1,-1
195,5,0.08,3.5,95,0.955,0.0288,0.144,1,1,1,-1
196,5,0.08,3.5,96,0.965,0.0288,0.144,1,1,1,-1
197,5,0.08,3.5,97,0.975,0.0288,0.144,1,1,1,-1
198,5,0.08,3.5,98,0.985,0.0288,0.144,1,1,1,-1
199,5,0.08,3.5,99,0.995,0.0288,0.144,1,1,1,-1
200,5,0.08,4.2,0,0.005,0.04,0.2,1,1,1,-1
201,5,0.08,4.2,1,0.015,0.04,0.2,1,1,1,-1
202,5,0.08,4.2,2,0.025,0.04,0.2,1,1,1,-1
203,5,0.08,4.2,3,0.035,0.04,0.2,1,1,1,-1
204,5,0.08,4.2,4,0.045,0.04,0.2,1,1,1,-1
205,5,0.08,4.2,5,0.055,0.04,0.2,1,1,1,-1
206,5,0.08,4.2,6,0.065,0.04,0.2,1,1,1,-1
207,5,0.08,4.2,7,0.075,0.04,0.2,1,1,1,-1
208,5,0.08,4.2,8,0.085,0.04,0.2,1,1,1,-1
209,5,0.08,4.2,9,0.095,0.04,0.2,1,1,1,-1
210,5,0.08,4.2,10,0.105,0.04,0.2,0,0,0,-1
211,5,0.08,4.2,11,0.115,0.04,0.2,0,0,0,-1
212,5,0.08,4.2,12,0.125,0.04,0.2,0,0,0,-1
213,5,0.08,4.2,13,0.135,0.04,0.2,0,0,0,-1
214,5,0.08,4.2,14,0.145,0.04,0.2,0,0,0,-1
215,5,0.08,4.2,15,0.155,0.04,0.2,0,0,0,-1
216,5,0.08,4.2,16,0.165,0.04,0.2,0,0,0,-1
217,5,0.08,4.2,17,0.175,0.04,0.2,0,0,0,-1
218,5,0.08,4.2,18,0.185,0.04,0.2,0,0,0,-1
219,5,0.08,4.2,19,0.195,0.04,0.2,0,0,0,-1
220,5,0.08,4.2,20,0.205,0.04,0.2,0,0,0,-1
221,5,0.08,4.2,21,0.215,0.04,0.2,0,0,0,-1
222,5,0.08,4.2,22,0.225,0.04,0.2,0,0,0,-1
223,5,0.08,4.2,23,0.235,0.04,0.2,0,0,0,-1
224,5,0.08,4.2,24,0.245,0.04,0.2,0,0,0,-1
225,5,0.08,4.2,25,0.255,0.04,0.2,0,0,0,-1
226,5,0.08,4.2,26,0.265,0.04,0.2,0,0,0,-1
227,5,0.08,4.2,27,0.275,0.04,0.2,0,0,0,-1
228,5,0.08,4.2,28,0.285,0.04,0.2,0,0,0,-1
229,5,0.08,4.2,29,0.295,0.04,0.2,0,0,0,-1
230,5,0.08,4.2,30,0.305,0.04,0.2,0,0,0,-1
231,5,0.08,4.2,31,0.315,0.04,0.2,0,0,0,-1
232,5,0.08,4.2,32,0.325,0.04,0.2,0,0,0,-1
233,5,0.08,4.2,33,0.335,0.04,0.2,0,0,0,-1
234,5,0.08,4.2,34,0.345,0.04,0.2,0,0,0,-1
235,5,0.08,4.2,35,0.355,0.04,0.2,0,0,0,-1
236,5,0.08,4.2,36,0.365,0.04,0.2,0,0,0,-1
237,5,0.08,4.2,37,0.375,0.04,0.2,0,0,0,-1
238,5,0.08,4.2,38,0.385,0.04,0.2,0,0,0,-1
239,5,0.08,4.2,39,0.395,0.04,0.2,0,0,0,-1
240,5,0.08,4.2,40,0.405,0.04,0.2,0,0,0,-1
241,5,0.08,4.2,41,0.415,0.04,0.2,0,0,0,-1
242,5,0.08,4.2,42,0.425,0.04,0.2,0,0,0,-1
243,5,0.08,4.2,43,0.435,0.04,0.2,0,0,0,-1
244,5,0.08,4.2,44,0.445,0.04,0.2,0,0,0,-1
245,5,0.08,4.2,45,0.455,0.04,0.2,0,0,0,-1
246,5,0.08,4.2,46,0.465,0.04,0.2,0,0,0,-1
247,5,0.08,4.2,47,0.475,0.04,0.2,0,0,0,-1
248,5,0.08,4.2,48,0.485,0.04,0.2,0,0,0,-1
249,5,0.08,4.2,49,0.495,0.04,0.2,0,0,0,-1
250,5,0.08,4.2,50,0.505,0.04,0.2,0,0,0,-1
251,5,0.08,4.2,51,0.515,0.04,0.2,0,0,0,-1
252,5,0.08,4.2,52,0.525,0.04,0.2,0,0,0,-1
253,5,0.08,4.2,53,0.535,0.04,0.2,0,0,0,-1
254,5,0.08,4.2,54,0.545,0.04,0.2,0,0,0,-1
255,5,0.08,4.2,55,0.555,0.04,0.2,0,0,0,-1
256,5,0.08,4.2,56,0.565,0.04,0.2,0,0,0,-1
257,5,0.08,4.2,57,0.575,0.04,0.2,0,0,0,-1
258,5,0.08,4.2,58,0.585,0.04,0.2,0,0,0,-1
259,5,0.08,4.2,59,0.595,0.04,0.2,0,0,0,-1
260,5,0.08,4.2,60,0.605,0.04,0.2,0,0,0,-1
261,5,0.08,4.2,61,0.615,0.04,0.2,0,0,0,-1
262,5,0.08,4.2,62,0.625,0.04,0.2,0,0,0,-1
263,5,0.08,4.2,63,0.635,0.04,0.2,0,0,0,-1
264,5,0.08,4.2,64,0.645,0.04,0.2,0,0,0,-1
265,5,0.08,4.2,65,0.655,0.04,0.2,0,0,0,-1
266,5,0.08,4.2,66,0.665,0.04,0.2,0,0,0,-1
267,5,0.08,4.2,67,0.675,0.04,0.2,0,0,0,-1
268,5,0.08,4.2,68,0.685,0.04,0.2,0,0,0,-1
269,5,0.08,4.2,69,0.695,0.04,0.2,0,0,0,-1
270,5,0.08,4.2,70,0.705,0.04,0.2,0,0,0,-1
271,5,0.08,4.2,71,0.715,0.04,0.2,0,0,0,-1
272,5,0.08,4.2,72,0.725,0.04,0.2,0,0,0,-1
273,5,0.08,4.2,73,0.735,0.04,0.2,0,0,0,-1
274,5,0.08,4.2,74,0.745,0.04,0.2,0,0,0,-1
275,5,0.08,4.2,75,0.755,0.04,0.2,0,0,0,-1
276,5,0.08,4.2,76,0.765,0.04,0.2,0,0,0,-1
277,5,0.08,4.2,77,0.775,0.04,0.2,0,0,0,-1
278,5,0.08,4.2,78,0.785,0.04,0.2,0,0,0,-1
279,5,0.08,4.2,79,0.795,0.04,0.2,0,0,0,-1
280,5,0.08,4.2,80,0.805,0.04,0.2,0,0,0,-1
281,5,0.08,4.2,81,0.815,0.04,0.2,0,0,0,-1
282,5,0.08,4.2,82,0.825,0.04,0.2,0,0,0,-1
283,5,0.08,4.2,83,0.835,0.04,0.2,0,0,0,-1
284,5,0.08,4.2,84,0.845,0.04,0.2,0,0,0,-1
285,5,0.08,4.2,85,0.855,0.04,0.2,0,0,0,-1
286,5,0.08,4.2,86,0.865,0.04,0.2,0,0,0,-1
287,5,0.08,4.2,87,0.875,0.04,0.2,0,0,0,-1
288,5,0.08,4.2,88,0.885,0.04,0.2,0,0,0,-1
289,5,0.08,4.2,89,0.895,0.04,0.2,0,0,0,-1
290,5,0.08,4.2,90,0.905,0.04,0.2,1,1,1,-1
291,5,0.08,4.2,91,0.915,0.04,0.2,1,1,1,-1
292,5,0.08,4.2,92,0.925,0.04,0.2,1,1,1,-1
293,5,0.08,4.2,93,0.935,0.04,0.2,1,1,1,-1
294,5,0.08,4.2,94,0.945,0.04,0.2,1,1,1,-1
295,5,0.08,4.2,95,0.955,0.04,0.2,1,1,1,-1
296,5,0.08,4.2,96,0.965,0.04,0.2,1,1,1,-1
297,5,0.08,4.2,97,0.975,0.04,0.2,1,1,1,-1
298,5,0.08,4.2,98,0.985,0.04,0.2,1,1,1,-1
299,5,0.08,4.2,99,0.995,0.04,0.2,1,1,1,-1
300,5,0.16,2.8,0,0.005,0.017777777777777757,0.08888888888888878,1,1,1,-1
301,5,0.16,2.8,1,0.015,0.017777777777777757,0.08888888888888878,1,1,1,-1
302,5,0.16,2.8,2,0.025,0.017777777777777757,0.08888888888888878,1,1,1,-1
303,5,0.16,2.8,3,0.035,0.017777777777777757,0.08888888888888878,1,1,1,-1
304,5,0.16,2.8,4,0.045,0.017777777777777757,0.08888888888888878,0,0,0,-1
305,5,0.16,2.8,5,0.055,0.017777777777777757,0.08888888888888878,0,0,0,-1
306,5,0.16,2.8,6,0.065,0.017777777777777757,0.08888888888888878,0,0,0,-1
307,5,0.16,2.8,7,0.075,0.017777777777777757,0.08888888888888878,0,0,0,-1
308,5,0.16,2.8,8,0.085,0.017777777777777757,0.08888888888888878,0,0,0,-1
309,5,0.16,2.8,9,0.095,0.017777777777777757,0.08888888888888878,0,0,0,-1
310,5,0.16,2.8,10,0.105,0.017777777777777757,0.08888888888888878,0,0,0,-1
311,5,0.16,2.8,11,0.115,0.017777777777777757,0.08888888888888878,0,0,0,-1
312,5,0.16,2.8,12,0.125,0.017777777777777757,0.08888888888888878,0,0,0,-1
313,5,0.16,2.8,13,0.135,0.017777777777777757,0.08888888888888878,0,0,0,-1
314,5,0.16,2.8,14,0.145,0.017777777777777757,0.08888888888888878,0,0,0,-1
315,5,0.16,2.8,15,0.155,0.017777777777777757,0.08888888888888878,0,0,0,-1
316,5,0.16,2.8,16,0.165,0.017777777777777757,0.08888888888888878,0,0,0,-1
317,5,0.16,2.8,17,0.175,0.017777777777777757,0.08888888888888878,0,0,0,-1
318,5,0.16,2.8,18,0.185,0.017777777777777757,0.08888888888888878,0,0,0,-1
319,5,0.16,2.8,19,0.195,0.017777777777777757,0.08888888888888878,0,0,0,-1
320,5,0.16,2.8,20,0.205,0.017777777777777757,0.08888888888888878,0,0,0,-1
321,5,0.16,2.8,21,0.215,0.017777777777777757,0.08888888888888878,0,0,0,-1
322,5,0.16,2.8,22,0.225,0.017777777777777757,0.08888888888888878,0,0,0,-1
323,5,0.16,2.8,23,0.235,0.017777777777777757,0.08888888888888878,0,0,0,-1
324,5,0.16,2.8,24,0.245,0.017777777777777757,0.08888888888888878,0,0,0,-1
325,5,0.16,2.8,25,0.255,0.017777777777777757,0.08888888888888878,0,0,0,-1
326,5,0.16,2.8,26,0.265,0.017777777777777757,0.08888888888888878,0,0,0,-1
327,5,0.16,2.8,27,0.275,0.017777777777777757,0.08888888888888878,0,0,0,-1
328,5,0.16,2.8,28,0.285,0.017777777777777757,0.08888888888888878,0,0,0,-1
329,5,0.16,2.8,29,0.295,0.017777777777777757,0.08888888888888878,0,0,0,-1
330,5,0.16,2.8,30,0.305,0.017777777777777757,0.08888888888888878,0,0,0,-1
331,5,0.16,2.8,31,0.315,0.017777777777777757,0.08888888888888878,0,0,0,-1
332,5,0.16,2.8,32,0.325,0.017777777777777757,0.08888888888888878,0,0,0,-1
333,5,0.16,2.8,33,0.335,0.017777777777777757,0.08888888888888878,0,0,0,-1
334,5,0.16,2.8,34,0.345,0.017777777777777757,0.08888888888888878,0,0,0,-1
335,5,0.16,2.8,35,0.355,0.017777777777777757,0.08888888888888878,0,0,0,-1
336,5,0.16,2.8,36,0.365,0.017777777777777757,0.08888888888888878,0,0,0,-1
337,5,0.16,2.8,37,0.375,0.017777777777777757,0.08888888888888878,0,0,0,-1
338,5,0.16,2.8,38,0.385,0.017777777777777757,0.08888888888888878,0,0,0,-1
339,5,0.16,2.8,39,0.395,0.017777777777777757,0.08888888888888878,0,0,0,-1
340,5,0.16,2.8,40,0.405,0.017777777777777757,0.08888888888888878,0,0,0,-1
341,5,0.16,2.8,41,0.415,0.017777777777777757,0.08888888888888878,0,0,0,-1
342,5,0.16,2.8,42,0.425,0.017777777777777757,0.08888888888888878,0,0,0,-1
343,5,0.16,2.8,43,0.435,0.017777777777777757,0.08888888888888878,0,0,0,-1
344,5,0.16,2.8,44,0.445,0.017777777777777757,0.08888888888888878,0,0,0,-1
345,5,0.16,2.8,45,0.455,0.017777777777777757,0.08888888888888878,0,0,0,-1
346,5,0.16,2.8,46,0.465,0.017777777777777757,0.08888888888888878,0,0,0,-1
347,5,0.16,2.8,47,0.475,0.017777777777777757,0.08888888888888878,0,0,0,-1
348,5,0.16,2.8,48,0.485,0.017777777777777757,0.08888888888888878,0,0,0,-1
349,5,0.16,2.8,49,0.495,0.017777777777777757,0.08888888888888878,0,0,0,-1
350,5,0.16,2.8,50,0.505,0.017777777777777757,0.08888888888888878,0,0,0,-1
351,5,0.16,2.8,51,0.515,0.017777777777777757,0.08888888888888878,0,0,0,-1
352,5,0.16,2.8,52,0.525,0.017777777777777757,0.08888888888888878,0,0,0,-1
353,5,0.16,2.8,53,0.535,0.017777777777777757,0.08888888888888878,0,0,0,-1
354,5,0.16,2.8,54,0.545,0.017777777777777757,0.08888888888888878,0,0,0,-1
355,5,0.16,2.8,55,0.555,0.017777777777777757,0.08888888888888878,0,0,0,-1
356,5,0.16,2.8,56,0.565,0.017777777777777757,0.08888888888888878,0,0,0,-1
357,5,0.16,2.8,57,0.575,0.017777777777777757,0.08888888888888878,0,0,0,-1
358,5,0.16,2.8,58,0.585,0.017777777777777757,0.08888888888888878,0,0,0,-1
359,5,0.16,2.8,59,0.595,0.017777777777777757,0.08888888888888878,0,0,0,-1
360,5,0.16,2.8,60,0.605,0.017777777777777757,0.08888888888888878,0,0,0,-1
361,5,0.16,2.8,61,0.615,0.017777777777777757,0.08888888888888878,0,0,0,-1
362,5,0.16,2.8,62,0.625,0.017777777777777757,0.08888888888888878,0,0,0,-1
363,5,0.16,2.8,63,0.635,0.017777777777777757,0.08888888888888878,0,0,0,-1
364,5,0.16,2.8,64,0.645,0.017777777777777757,0.08888888888888878,0,0,0,-1
365,5,0.16,2.8,65,0.655,0.017777777777777757,0.08888888888888878,0,0,0,-1
366,5,0.16,2.8,66,0.665,0.017777777777777757,0.08888888888888878,0,0,0,-1
367,5,0.16,2.8,67,0.675,0.017777777777777757,0.08888888888888878,0,0,0,-1
368,5,0.16,2.8,68,0.685,0.017777777777777757,0.08888888888888878,0,0,0,-1
369,5,0.16,2.8,69,0.695,0.017777777777777757,0.08888888888888878,0,0,0,-1
370,5,0.16,2.8,70,0.705,0.017777777777777757,0.08888888888888878,0,0,0,-1
371,5,0.16,2.8,71,0.715,0.017777777777777757,0.08888888888888878,0,0,0,-1
372,5,0.16,2.8,72,0.725,0.017777777777777757,0.08888888888888878,0,0,0,-1
373,5,0.16,2.8,73,0.735,0.017777777777777757,0.08888888888888878,0,0,0,-1
374,5,0.16,2.8,74,0.745,0.017777777777777757,0.08888888888888878,0,0,0,-1
375,5,0.16,2.8,75,0.755,0.017777777777777757,0.08888888888888878,0,0,0,-1
376,5,0.16,2.8,76,0.765,0.017777777777777757,0.08888888888888878,0,0,0,-1
377,5,0.16,2.8,77,0.775,0.017777777777777757,0.08888888888888878,0,0,0,-1
378,5,0.16,2.8,78,0.785,0.017777777777777757,0.08888888888888878,0,0,0,-1
379,5,0.16,2.8,79,0.795,0.017777777777777757,0.08888888888888878,0,0,0,-1
380,5,0.16,2.8,80,0.805,0.017777777777777757,0.08888888888888878,0,0,0,-1
381,5,0.16,2.8,81,0.815,0.017777777777777757,0.08888888888888878,0,0,0,-1
382,5,0.16,2.8,82,0.825,0.017777777777777757,0.08888888888888878,0,0,0,-1
383,5,0.16,2.8,83,0.835,0.017777777777777757,0.08888888888888878,0,0,0,-1
384,5,0.16,2.8,84,0.845,0.017777777777777757,0.08888888888888878,0,0,0,-1
385,5,0.16,2.8,85,0.855,0.017777777777777757,0.08888888888888878,0,0,0,-1
386,5,0.16,2.8,86,0.865,0.017777777777777757,0.08888888888888878,0,0,0,-1
387,5,0.16,2.8,87,0.875,0.017777777777777757,0.08888888888888878,0,0,0,-1
388,5,0.16,2.8,88,0.885,0.017777777777777757,0.08888888888888878,0,0,0,-1
389,5,0.16,2.8,89,0.895,0.017777777777777757,0.08888888888888878,0,0,0,-1
390,5,0.16,2.8,90,0.905,0.017777777777777757,0.08888888888888878,0,0,0,-1
391,5,0.16,2.8,91,0.915,0.017777777777777757,0.08888888888888878,0,0,0,-1
392,5,0.16,2.8,92,0.925,0.017777777777777757,0.08888888888888878,0,0,0,-1
393,5,0.16,2.8,93,0.935,0.017777777777777757,0.08888888888888878,0,0,0,-1
394,5,0.16,2.8,94,0.945,0.017777777777777757,0.08888888888888878,0,0,0,-1
395,5,0.16,2.8,95,0.955,0.017777777777777757,0.08888888888888878,0,0,0,-1
396,5,0.16,2.8,96,0.965,0.017777777777777757,0.08888888888888878,1,1,1,-1
397,5,0.16,2.8,97,0.975,0.017777777777777757,0.08888888888888878,1,1,1,-1
398,5,0.16,2.8,98,0.985,0.017777777777777757,0.08888888888888878,1,1,1,-1
399,5,0.16,2.8,99,0.995,0.017777777777777757,0.08888888888888878,1,1,1,-1
400,5,0.16,3.5,0,0.005,0.0576,0.288,1,1,1,-1
401,5,0.16,3.5,1,0.015,0.0576,0.288,1,1,1,-1
402,5,0.16,3.5,2,0.025,0.0576,0.288,1,1,1,-1
403,5,0.16,3.5,3,0.035,0.0576,0.288,1,1,1,-1
404,5,0.16,3.5,4,0.045,0.0576,0.288,1,1,1,-1
405,5,0.16,3.5,5,0.055,0.0576,0.288,1,1,1,-1
406,5,0.16,3.5,6,0.065,0.0576,0.288,1,1,1,-1
407,5,0.16,3.5,7,0.075,0.0576,0.288,1,1,1,-1
408,5,0.16,3.5,8,0.085,0.0576,0.288,1,1,1,-1
409,5,0.16,3.5,9,0.095,0.0576,0.288,1,1,1,-1
410,5,0.16,3.5,10,0.105,0.0576,0.288,1,1,1,-1
411,5,0.16,3.5,11,0.115,0.0576,0.288,1,1,1,-1
412,5,0.16,3.5,12,0.125,0.0576,0.288,1,1,1,-1
413,5,0.16,3.5,13,0.135,0.0576,0.288,1,1,1,-1
414,5,0.16,3.5,14,0.145,0.0576,0.288,0,0,0,-1
415,5,0.16,3.5,15,0.155,0.0576,0.288,0,0,0,-1
416,5,0.16,3.5,16,0.165,0.0576,0.288,0,0,0,-1
417,5,0.16,3.5,17,0.175,0.0576,0.288,0,0,0,-1
418,5,0.16,3.5,18,0.185,0.0576,0.288,0,0,0,-1
419,5,0.16,3.5,19,0.195,0.0576,0.288,0,0,0,-1
420,5,0.16,3.5,20,0.205,0.0576,0.288,0,0,0,-1
421,5,0.16,3.5,21,0.215,0.0576,0.288,0,0,0,-1
422,5,0.16,3.5,22,0.225,0.0576,0.288,0,0,0,-1
423,5,0.16,3.5,23,0.235,0.0576,0.288,0,0,0,-1
424,5,0.16,3.5,24,0.245,0.0576,0.288,0,0,0,-1
425,5,0.16,3.5,25,0.255,0.0576,0.288,0,0,0,-1
426,5,0.16,3.5,26,0.265,0.0576,0.288,0,0,0,-1
427,5,0.16,3.5,27,0.275,0.0576,0.288,0,0,0,-1
428,5,0.16,3.5,28,0.285,0.0576,0.288,0,0,0,-1
429,5,0.16,3.5,29,0.295,0.0576,0.288,0,0,0,-1
430,5,0.16,3.5,30,0.305,0.0576,0.288,0,0,0,-1
431,5,0.16,3.5,31,0.315,0.0576,0.288,0,0,0,-1
432,5,0.16,3.5,32,0.325,0.0576,0.288,0,0,0,-1
433,5,0.16,3.5,33,0.335,0.0576,0.288,0,0,0,-1
434,5,0.16,3.5,34,0.345,0.0576,0.288,0,0,0,-1
435,5,0.16,3.5,35,0.355,0.0576,0.288,0,0,0,-1
436,5,0.16,3.5,36,0.365,0.0576,0.288,0,0,0,-1
437,5,0.16,3.5,37,0.375,0.0576,0.288,0,0,0,-1
438,5,0.16,3.5,38,0.385,0.0576,0.288,0,0,0,-1
439,5,0.16,3.5,39,0.395,0.0576,0.288,0,0,0,-1
440,5,0.16,3.5,40,0.405,0.0576,0.288,0,0,0,-1
441,5,0.16,3.5,41,0.415,0.0576,0.288,0,0,0,-1
442,5,0.16,3.5,42,0.425,0.0576,0.288,0,0,0,-1
443,5,0.16,3.5,43,0.435,0.0576,0.288,0,0,0,-1
444,5,0.16,3.5,44,0.445,0.0576,0.288,0,0,0,-1
445,5,0.16,3.5,45,0.455,0.0576,0.288,0,0,0,-1
446,5,0.16,3.5,46,0.465,0.0576,0.288,0,0,0,-1
447,5,0.16,3.5,47,0.475,0.0576,0.288,0,0,0,-1
448,5,0.16,3.5,48,0.485,0.0576,0.288,0,0,0,-1
449,5,0.16,3.5,49,0.495,0.0576,0.288,0,0,0,-1
450,5,0.16,3.5,50,0.505,0.0576,0.288,0,0,0,-1
451,5,0.16,3.5,51,0.515,0.0576,0.288,0,0,0,-1
452,5,0.16,3.5,52,0.525,0.0576,0.288,0,0,0,-1
453,5,0.16,3.5,53,0.535,0.0576,0.288,0,0,0,-1
454,5,0.16,3.5,54,0.545,0.0576,0.288,0,0,0,-1
455,5,0.16,3.5,55,0.555,0.0576,0.288,0,0,0,-1
456,5,0.16,3.5,56,0.565,0.0576,0.288,0,0,0,-1
457,5,0.16,3.5,57,0.575,0.0576,0.288,0,0,0,-1
458,5,0.16,3.5,58,0.585,0.0576,0.288,0,0,0,-1
459,5,0.16,3.5,59,0.595,0.0576,0.288,0,0,0,-1
460,5,0.16,3.5,60,0.605,0.0576,0.288,0,0,0,-1
461,5,0.16,3.5,61,0.615,0.0576,0.288,0,0,0,-1
462,5,0.16,3.5,62,0.625,0.0576,0.288,0,0,0,-1
463,5,0.16,3.5,63,0.635,0.0576,0.288,0,0,0,-1
464,5,0.16,3.5,64,0.645,0.0576,0.288,0,0,0,-1
465,5,0.16,3.5,65,0.655,0.0576,0.288,0,0,0,-1
466,5,0.16,3.5,66,0.665,0.0576,0.288,0,0,0,-1
467,5,0.16,3.5,67,0.675,0.0576,0.288,0,0,0,-1
468,5,0.16,3.5,68,0.685,0.0576,0.288,0,0,0,-1
469,5,0.16,3.5,69,0.695,0.0576,0.288,0,0,0,-1
470,5,0.16,3.5,70,0.705,0.0576,0.288,0,0,0,-1
471,5,0.16,3.5,71,0.715,0.0576,0.288,0,0,0,-1
472,5,0.16,3.5,72,0.725,0.0576,0.288,0,0,0,-1
473,5,0.16,3.5,73,0.735,0.0576,0.288,0,0,0,-1
474,5,0.16,3.5,74,0.745,0.0576,0.288,0,0,0,-1
475,5,0.16,3.5,75,0.755,0.0576,0.288,0,0,0,-1
476,5,0.16,3.5,76,0.765,0.0576,0.288,0,0,0,-1
477,5,0.16,3.5,77,0.775,0.0576,0.288,0,0,0,-1
478,5,0.16,3.5,78,0.785,0.0576,0.288,0,0,0,-1
479,5,0.16,3.5,79,0.795,0.0576,0.288,0,0,0,-1
480,5,0.16,3.5,80,0.805,0.0576,0.288,0,0,0,-1
481,5,0.16,3.5,81,0.815,0.0576,0.288,0,0,0,-1
482,5,0.16,3.5,82,0.825,0.0576,0.288,0,0,0,-1
483,5,0.16,3.5,83,0.835,0.0576,0.288,0,0,0,-1
484,5,0.16,3.5,84,0.845,0.0576,0.288,0,0,0,-1
485,5,0.16,3.5,85,0.855,0.0576,0.288,0,0,0,-1
486,5,0.16,3.5,86,0.865,0.0576,0.288,1,1,1,-1
487,5,0.16,3.5,87,0.875,0.0576,0.288,1,1,1,-1
488,5,0.16,3.5,88,0.885,0.0576,0.288,1,1,1,-1
489,5,0.16,3.5,89,0.895,0.0576,0.288,1,1,1,-1
490,5,0.16,3.5,90,0.905,0.0576,0.288,1,1,1,-1
491,5,0.16,3.5,91,0.915,0.0576,0.288,1,1,1,-1
492,5,0.16,3.5,92,0.925,0.0576,0.288,1,1,1,-1
493,5,0.16,3.5,93,0.935,0.0576,0.288,1,1,1,-1
494,5,0.16,3.5,94,0.945,0.0576,0.288,1,1,1,-1
495,5,0.16,3.5,95,0.955,0.0576,0.288,1,1,1,-1
496,5,0.16,3.5,96,0.965,0.0576,0.288,1,1,1,-1
497,5,0.16,3.5,97,0.975,0.0576,0.288,1,1,1,-1
498,5,0.16,3.5,98,0.985,0.0576,0.288,1,1,1,-1
499,5,0.16,3.5,99,0.995,0.0576,0.288,1,1,1,-1
500,5,0.16,4.2,0,0.005,0.08,0.4,1,1,1,-1
501,5,0.16,4.2,1,0.015,0.08,0.4,1,1,1,-1
502,5,0.16,4.2,2,0.025,0.08,0.4,1,1,1,-1
503,5,0.16,4.2,3,0.035,0.08,0.4,1,1,1,-1
504,5,0.16,4.2,4,0.045,0.08,0.4,1,1,1,-1
505,5,0.16,4.2,5,0.055,0.08,0.4,1,1,1,-1
506,5,0.16,4.2,6,0.065,0.08,0.4,1,1,1,-1
507,5,0.16,4.2,7,0.075,0.08,0.4,1,1,1,-1
508,5,0.16,4.2,8,0.085,0.08,0.4,1,1,1,-1
509,5,0.16,4.2,9,0.095,0.08,0.4,1,1,1,-1
510,5,0.16,4.2,10,0.105,0.08,0.4,1,1,1,-1
511,5,0.16,4.2,11,0.115,0.08,0.4,1,1,1,-1
512,5,0.16,4.2,12,0.125,0.08,0.4,1,1,1,-1
513,5,0.16,4.2,13,0.135,0.08,0.4,1,1,1,-1
514,5,0.16,4.2,14,0.145,0.08,0.4,1,1,1,-1
515,5,0.16,4.2,15,0.155,0.08,0.4,1,1,1,-1
516,5,0.16,4.2,16,0.165,0.08,0.4,1,1,1,-1
517,5,0.16,4.2,17,0.175,0.08,0.4,1,1,1,-1
518,5,0.16,4.2,18,0.185,0.08,0.4,1,1,1,-1
519,5,0.16,4.2,19,0.195,0.08,0.4,1,1,1,-1
520,5,0.16,4.2,20,0.205,0.08,0.4,0,0,0,-1
521,5,0.16,4.2,21,0.215,0.08,0.4,0,0,0,-1
522,5,0.16,4.2,22,0.225,0.08,0.4,0,0,0,-1
523,5,0.16,4.2,23,0.235,0.08,0.4,0,0,0,-1
524,5,0.16,4.2,24,0.245,0.08,0.4,0,0,0,-1
525,5,0.16,4.2,25,0.255,0.08,0.4,0,0,0,-1
526,5,0.16,4.2,26,0.265,0.08,0.4,0,0,0,-1
527,5,0.16,4.2,27,0.275,0.08,0.4,0,0,0,-1
528,5,0.16,4.2,28,0.285,0.08,0.4,0,0,0,-1
529,5,0.16,4.2,29,0.295,0.08,0.4,0,0,0,-1
530,5,0.16,4.2,30,0.305,0.08,0.4,0,0,0,-1
531,5,0.16,4.2,31,0.315,0.08,0.4,0,0,0,-1
532,5,0.16,4.2,32,0.325,0.08,0.4,0,0,0,-1
533,5,0.16,4.2,33,0.335,0.08,0.4,0,0,0,-1
534,5,0.16,4.2,34,0.345,0.08,0.4,0,0,0,-1
535,5,0.16,4.2,35,0.355,0.08,0.4,0,0,0,-1
536,5,0.16,4.2,36,0.365,0.08,0.4,0,0,0,-1
537,5,0.16,4.2,37,0.375,0.08,0.4,0,0,0,-1
538,5,0.16,4.2,38,0.385,0.08,0.4,0,0,0,-1
539,5,0.16,4.2,39,0.395,0.08,0.4,0,0,0,-1
540,5,0.16,4.2,40,0.405,0.08,0.4,0,0,0,-1
541,5,0.16,4.2,41,0.415,0.08,0.4,0,0,0,-1
542,5,0.16,4.2,42,0.425,0.08,0.4,0,0,0,-1
543,5,0.16,4.2,43,0.435,0.08,0.4,0,0,0,-1
544,5,0.16,4.2,44,0.445,0.08,0.4,0,0,0,-1
545,5,0.16,4.2,45,0.455,0.08,0.4,0,0,0,-1
546,5,0.16,4.2,46,0.465,0.08,0.4,0,0,0,-1
547,5,0.16,4.2,47,0.475,0.08,0.4,0,0,0,-1
548,5,0.16,4.2,48,0.485,0.08,0.4,0,0,0,-1
549,5,0.16,4.2,49,0.495,0.08,0.4,0,0,0,-1
550,5,0.16,4.2,50,0.505,0.08,0.4,0,0,0,-1
551,5,0.16,4.2,51,0.515,0.08,0.4,0,0,0,-1
552,5,0.16,4.2,52,0.525,0.08,0.4,0,0,0,-1
553,5,0.16,4.2,53,0.535,0.08,0.4,0,0,0,-1
554,5,0.16,4.2,54,0.545,0.08,0.4,0,0,0,-1
555,5,0.16,4.2,55,0.555,0.08,0.4,0,0,0,-1
556,5,0.16,4.2,56,0.565,0.08,0.4,0,0,0,-1
557,5,0.16,4.2,57,0.575,0.08,0.4,0,0,0,-1
558,5,0.16,4.2,58,0.585,0.08,0.4,0,0,0,-1
559,5,0.16,4.2,59,0.595,0.08,0.4,0,0,0,-1
560,5,0.16,4.2,60,0.605,0.08,0.4,0,0,0,-1
561,5,0.16,4.2,61,0.615,0.08,0.4,0,0,0,-1
562,5,0.16,4.2,62,0.625,0.08,0.4,0,0,0,-1
563,5,0.16,4.2,63,0.635,0.08,0.4,0,0,0,-1
564,5,0.16,4.2,64,0.645,0.08,0.4,0,0,0,-1
565,5,0.16,4.2,65,0.655,0.08,0.4,0,0,0,-1
566,5,0.16,4.2,66,0.665,0.08,0.4,0,0,0,-1
567,5,0.16,4.2,67,0.675,0.08,0.4,0,0,0,-1
568,5,0.16,4.2,68,0.685,0.08,0.4,0,0,0,-1
569,5,0.16,4.2,69,0.695,0.08,0.4,0,0,0,-1
570,5,0.16,4.2,70,0.705,0.08,0.4,0,0,0,-1
571,5,0.16,4.2,71,0.715,0.08,0.4,0,0,0,-1
572,5,0.16,4.2,72,0.725,0.08,0.4,0,0,0,-1
573,5,0.16,4.2,73,0.735,0.08,0.4,0,0,0,-1
574,5,0.16,4.2,74,0.745,0.08,0.4,0,0,0,-1
575,5,0.16,4.2,75,0.755,0.08,0.4,0,0,0,-1
576,5,0.16,4.2,76,0.765,0.08,0.4,0,0,0,-1
577,5,0.16,4.2,77,0.775,0.08,0.4,0,0,0,-1
578,5,0.16,4.2,78,0.785,0.08,0.4,0,0,0,-1
579,5,0.16,4.2,79,0.795,0.08,0.4,0,0,0,-1
580,5,0.16,4.2,80,0.805,0.08,0.4,1,1,1,-1
581,5,0.16,4.2,81,0.815,0.08,0.4,1,1,1,-1
582,5,0.16,4.2,82,0.825,0.08,0.4,1,1,1,-1
583,5,0.16,4.2,83,0.835,0.08,0.4,1,1,1,-1
584,5,0.16,4.2,84,0.845,0.08,0.4,1,1,1,-1
585,5,0.16,4.2,85,0.855,0.08,0.4,1,1,1,-1
586,5,0.16,4.2,86,0.865,0.08,0.4,1,1,1,-1
587,5,0.16,4.2,87,0.875,0.08,0.4,1,1,1,-1
588,5,0.16,4.2,88,0.885,0.08,0.4,1,1,1,-1
589,5,0.16,4.2,89,0.895,0.08,0.4,1,1,1,-1
590,5,0.16,4.2,90,0.905,0.08,0.4,1,1,1,-1
591,5,0.16,4.2,91,0.915,0.08,0.4,1,1,1,-1
592,5,0.16,4.2,92,0.925,0.08,0.4,1,1,1,-1
593,5,0.16,4.2,93,0.935,0.08,0.4,1,1,1,-1
594,5,0.16,4.2,94,0.945,0.08,0.4,1,1,1,-1
595,5,0.16,4.2,95,0.955,0.08,0.4,1,1,1,-1
596,5,0.16,4.2,96,0.965,0.08,0.4,1,1,1,-1
597,5,0.16,4.2,97,0.975,0.08,0.4,1,1,1,-1
598,5,0.16,4.2,98,0.985,0.08,0.4,1,1,1,-1
599,5,0.16,4.2,99,0.995,0.08,0.4,1,1,1,-1
600,5,0.24,2.8,0,0.005,0.02666666666666663,0.13333333333333314,1,1,1,-1
601,5,0.24,2.8,1,0.015,0.02666666666666663,0.13333333333333314,1,1,1,-1
602,5,0.24,2.8,2,0.025,0.02666666666666663,0.13333333333333314,1,1,1,-1
603,5,0.24,2.8,3,0.035,0.02666666666666663,0.13333333333333314,1,1,1,-1
604,5,0.24,2.8,4,0.045,0.02666666666666663,0.13333333333333314,1,1,1,-1
605,5,0.24,2.8,5,0.055,0.02666666666666663,0.13333333333333314,1,1,1,-1
606,5,0.24,2.8,6,0.065,0.02666666666666663,0.13333333333333314,1,1,1,-1
607,5,0.24,2.8,7,0.075,0.02666666666666663,0.13333333333333314,0,0,0,-1
608,5,0.24,2.8,8,0.085,0.02666666666666663,0.13333333333333314,0,0,0,-1
609,5,0.24,2.8,9,0.095,0.02666666666666663,0.13333333333333314,0,0,0,-1
610,5,0.24,2.8,10,0.105,0.02666666666666663,0.13333333333333314,0,0,0,-1
611,5,0.24,2.8,11,0.115,0.02666666666666663,0.13333333333333314,0,0,0,-1
612,5,0.24,2.8,12,0.125,0.02666666666666663,0.13333333333333314,0,0,0,-1
613,5,0.24,2.8,13,0.135,0.02666666666666663,0.13333333333333314,0,0,0,-1
614,5,0.24,2.8,14,0.145,0.02666666666666663,0.13333333333333314,0,0,0,-1
615,5,0.24,2.8,15,0.155,0.02666666666666663,0.13333333333333314,0,0,0,-1
616,5,0.24,2.8,16,0.165,0.02666666666666663,0.13333333333333314,0,0,0,-1
617,5,0.24,2.8,17,0.175,0.02666666666666663,0.13333333333333314,0,0,0,-1
618,5,0.24,2.8,18,0.185,0.02666666666666663,0.13333333333333314,0,0,0,-1
619,5,0.24,2.8,19,0.195,0.02666666666666663,0.13333333333333314,0,0,0,-1
620,5,0.24,2.8,20,0.205,0.02666666666666663,0.13333333333333314,0,0,0,-1
621,5,0.24,2.8,21,0.215,0.02666666666666663,0.13333333333333314,0,0,0,-1
622,5,0.24,2.8,22,0.225,0.02666666666666663,0.13333333333333314,0,0,0,-1
623,5,0.24,2.8,23,0.235,0.02666666666666663,0.13333333333333314,0,0,0,-1
624,5,0.24,2.8,24,0.245,0.02666666666666663,0.13333333333333314,0,0,0,-1
625,5,0.24,2.8,25,0.255,0.02666666666666663,0.13333333333333314,0,0,0,-1
626,5,0.24,2.8,26,0.265,0.02666666666666663,0.13333333333333314,0,0,0,-1
627,5,0.24,2.8,27,0.275,0.02666666666666663,0.13333333333333314,0,0,0,-1
628,5,0.24,2.8,28,0.285,0.02666666666666663,0.13333333333333314,0,0,0,-1
629,5,0.24,2.8,29,0.295,0.02666666666666663,0.13333333333333314,0,0,0,-1
630,5,0.24,2.8,30,0.305,0.02666666666666663,0.13333333333333314,0,0,0,-1
631,5,0.24,2.8,31,0.315,0.02666666666666663,0.13333333333333314,0,0,0,-1
632,5,0.24,2.8,32,0.325,0.02666666666666663,0.13333333333333314,0,0,0,-1
633,5,0.24,2.8,33,0.335,0.02666666666666663,0.13333333333333314,0,0,0,-1
634,5,0.24,2.8,34,0.345,0.02666666666666663,0.13333333333333314,0,0,0,-1
635,5,0.24,2.8,35,0.355,0.02666666666666663,0.13333333333333314,0,0,0,-1
636,5,0.24,2.8,36,0.365,0.02666666666666663,0.13333333333333314,0,0,0,-1
637,5,0.24,2.8,37,0.375,0.02666666666666663,0.13333333333333314,0,0,0,-1
638,5,0.24,2.8,38,0.385,0.02666666666666663,0.13333333333333314,0,0,0,-1
639,5,0.24,2.8,39,0.395,0.02666666666666663,0.13333333333333314,0,0,0,-1
640,5,0.24,2.8,40,0.405,0.02666666666666663,0.13333333333333314,0,0,0,-1
641,5,0.24,2.8,41,0.415,0.02666666666666663,0.13333333333333314,0,0,0,-1
642,5,0.24,2.8,42,0.425,0.02666666666666663,0.13333333333333314,0,0,0,-1
643,5,0.24,2.8,43,0.435,0.02666666666666663,0.13333333333333314,0,0,0,-1
644,5,0.24,2.8,44,0.445,0.02666666666666663,0.13333333333333314,0,0,0,-1
645,5,0.24,2.8,45,0.455,0.02666666666666663,0.13333333333333314,0,0,0,-1
646,5,0.24,2.8,46,0.465,0.02666666666666663,0.13333333333333314,0,0,0,-1
647,5,0.24,2.8,47,0.475,0.02666666666666663,0.13333333333333314,0,0,0,-1
648,5,0.24,2.8,48,0.485,0.02666666666666663,0.13333333333333314,0,0,0,-1
649,5,0.24,2.8,49,0.495,0.02666666666666663,0.13333333333333314,0,0,0,-1
650,5,0.24,2.8,50,0.505,0.02666666666666663,0.13333333333333314,0,0,0,-1
651,5,0.24,2.8,51,0.515,0.02666666666666663,0.13333333333333314,0,0,0,-1
652,5,0.24,2.8,52,0.525,0.02666666666666663,0.13333333333333314,0,0,0,-1
653,5,0.24,2.8,53,0.535,0.02666666666666663,0.13333333333333314,0,0,0,-1
654,5,0.24,2.8,54,0.545,0.02666666666666663,0.13333333333333314,0,0,0,-1
655,5,0.24,2.8,55,0.555,0.02666666666666663,0.13333333333333314,0,0,0,-1
656,5,0.24,2.8,56,0.565,0.02666666666666663,0.13333333333333314,0,0,0,-1
657,5,0.24,2.8,57,0.575,0.02666666666666663,0.13333333333333314,0,0,0,-1
658,5,0.24,2.8,58,0.585,0.02666666666666663,0.13333333333333314,0,0,0,-1
659,5,0.24,2.8,59,0.595,0.02666666666666663,0.13333333333333314,0,0,0,-1
660,5,0.24,2.8,60,0.605,0.02666666666666663,0.13333333333333314,0,0,0,-1
661,5,0.24,2.8,61,0.615,0.02666666666666663,0.13333333333333314,0,0,0,-1
662,5,0.24,2.8,62,0.625,0.02666666666666663,0.13333333333333314,0,0,0,-1
663,5,0.24,2.8,63,0.635,0.02666666666666663,0.13333333333333314,0,0,0,-1
664,5,0.24,2.8,64,0.645,0.02666666666666663,0.13333333333333314,0,0,0,-1
665,5,0.24,2.8,65,0.655,0.02666666666666663,0.13333333333333314,0,0,0,-1
666,5,0.24,2.8,66,0.665,0.02666666666666663,0.13333333333333314,0,0,0,-1
667,5,0.24,2.8,67,0.675,0.02666666666666663,0.13333333333333314,0,0,0,-1
668,5,0.24,2.8,68,0.685,0.02666666666666663,0.13333333333333314,0,0,0,-1
669,5,0.24,2.8,69,0.695,0.02666666666666663,0.13333333333333314,0,0,0,-1
670,5,0.24,2.8,70,0.705,0.02666666666666663,0.13333333333333314,0,0,0,-1
671,5,0.24,2.8,71,0.715,0.02666666666666663,0.13333333333333314,0,0,0,-1
672,5,0.24,2.8,72,0.725,0.02666666666666663,0.13333333333333314,0,0,0,-1
673,5,0.24,2.8,73,0.735,0.02666666666666663,0.13333333333333314,0,0,0,-1
674,5,0.24,2.8,74,0.745,0.02666666666666663,0.13333333333333314,0,0,0,-1
675,5,0.24,2.8,75,0.755,0.02666666666666663,0.13333333333333314,0,0,0,-1
676,5,0.24,2.8,76,0.765,0.02666666666666663,0.13333333333333314,0,0,0,-1
677,5,0.24,2.8,77,0.775,0.02666666666666663,0.13333333333333314,0,0,0,-1
678,5,0.24,2.8,78,0.785,0.02666666666666663,0.13333333333333314,0,0,0,-1
679,5,0.24,2.8,79,0.795,0.02666666666666663,0.13333333333333314,0,0,0,-1
680,5,0.24,2.8,80,0.805,0.02666666666666663,0.13333333333333314,0,0,0,-1
681,5,0.24,2.8,81,0.815,0.02666666666666663,0.13333333333333314,0,0,0,-1
682,5,0.24,2.8,82,0.825,0.02666666666666663,0.13333333333333314,0,0,0,-1
683,5,0.24,2.8,83,0.835,0.02666666666666663,0.13333333333333314,0,0,0,-1
684,5,0.24,2.8,84,0.845,0.02666666666666663,0.13333333333333314,0,0,0,-1
685,5,0.24,2.8,85,0.855,0.02666666666666663,0.13333333333333314,0,0,0,-1
686,5,0.24,2.8,86,0.865,0.02666666666666663,0.13333333333333314,0,0,0,-1
687,5,0.24,2.8,87,0.875,0.02666666666666663,0.13333333333333314,0,0,0,-1
688,5,0.24,2.8,88,0.885,0.02666666666666663,0.13333333333333314,0,0,0,-1
689,5,0.24,2.8,89,0.895,0.02666666666666663,0.13333333333333314,0,0,0,-1
690,5,0.24,2.8,90,0.905,0.02666666666666663,0.13333333333333314,0,0,0,-1
691,5,0.24,2.8,91,0.915,0.02666666666666663,0.13333333333333314,0,0,0,-1
692,5,0.24,2.8,92,0.925,0.02666666666666663,0.13333333333333314,0,0,0,-1
693,5,0.24,2.8,93,0.935,0.02666666666666663,0.13333333333333314,1,1,1,-1
694,5,0.24,2.8,94,0.945,0.02666666666666663,0.13333333333333314,1,1,1,-1
695,5,0.24,2.8,95,0.955,0.02666666666666663,0.13333333333333314,1,1,1,-1
696,5,0.24,2.8,96,0.965,0.02666666666666663,0.13333333333333314,1,1,1,-1
697,5,0.24,2.8,97,0.975,0.02666666666666663,0.13333333333333314,1,1,1,-1
698,5,0.24,2.8,98,0.985,0.02666666666666663,0.13333333333333314,1,1,1,-1
699,5,0.24,2.8,99,0.995,0.02666666666666663,0.13333333333333314,1,1,1,-1
700,5,0.24,3.5,0,0.005,0.08639999999999999,0.43199999999999994,1,1,1,-1
701,5,0.24,3.5,1,0.015,0.08639999999999999,0.43199999999999994,1,1,1,-1
702,5,0.24,3.5,2,0.025,0.08639999999999999,0.43199999999999994,1,1,1,-1
703,5,0.24,3.5,3,0.035,0.08639999999999999,0.43199999999999994,1,1,1,-1
704,5,0.24,3.5,4,0.045,0.08639999999999999,0.43199999999999994,1,1,1,-1
705,5,0.24,3.5,5,0.055,0.08639999999999999,0.43199999999999994,1,1,1,-1
706,5,0.24,3.5,6,0.065,0.08639999999999999,0.43199999999999994,1,1,1,-1
707,5,0.24,3.5,7,0.075,0.08639999999999999,0.43199999999999994,1,1,1,-1
708,5,0.24,3.5,8,0.085,0.08639999999999999,0.43199999999999994,1,1,1,-1
709,5,0.24,3.5,9,0.095,0.08639999999999999,0.43199999999999994,1,1,1,-1
710,5,0.24,3.5,10,0.105,0.08639999999999999,0.43199999999999994,1,1,1,-1
711,5,0.24,3.5,11,0.115,0.08639999999999999,0.43199999999999994,1,1,1,-1
712,5,0.24,3.5,12,0.125,0.08639999999999999,0.43199999999999994,1,1,1,-1
713,5,0.24,3.5,13,0.135,0.08639999999999999,0.43199999999999994,1,1,1,-1
714,5,0.24,3.5,14,0.145,0.08639999999999999,0.43199999999999994,1,1,1,-1
715,5,0.24,3.5,15,0.155,0.08639999999999999,0.43199999999999994,1,1,1,-1
716,5,0.24,3.5,16,0.165,0.08639999999999999,0.43199999999999994,1,1,1,-1
717,5,0.24,3.5,17,0.175,0.08639999999999999,0.43199999999999994,1,1,1,-1
718,5,0.24,3.5,18,0.185,0.08639999999999999,0.43199999999999994,1,1,1,-1
719,5,0.24,3.5,19,0.195,0.08639999999999999,0.43199999999999994,1,1,1,-1
720,5,0.24,3.5,20,0.205,0.08639999999999999,0.43199999999999994,1,1,1,-1
721,5,0.24,3.5,21,0.215,0.08639999999999999,0.43199999999999994,1,1,1,-1
722,5,0.24,3.5,22,0.225,0.08639999999999999,0.43199999999999994,0,0,0,-1
723,5,0.24,3.5,23,0.235,0.08639999999999999,0.43199999999999994,0,0,0,-1
724,5,0.24,3.5,24,0.245,0.08639999999999999,0.43199999999999994,0,0,0,-1
725,5,0.24,3.5,25,0.255,0.08639999999999999,0.43199999999999994,0,0,0,-1
726,5,0.24,3.5,26,0.265,0.08639999999999999,0.43199999999999994,0,0,0,-1
727,5,0.24,3.5,27,0.275,0.08639999999999999,0.43199999999999994,0,0,0,-1
728,5,0.24,3.5,28,0.285,0.08639999999999999,0.43199999999999994,0,0,0,-1
729,5,0.24,3.5,29,0.295,0.08639999999999999,0.43199999999999994,0,0,0,-1
730,5,0.24,3.5,30,0.305,0.08639999999999999,0.43199999999999994,0,0,0,-1
731,5,0.24,3.5,31,0.315,0.08639999999999999,0.43199999999999994,0,0,0,-1
732,5,0.24,3.5,32,0.325,0.08639999999999999,0.43199999999999994,0,0,0,-1
733,5,0.24,3.5,33,0.335,0.08639999999999999,0.43199999999999994,0,0,0,-1
734,5,0.24,3.5,34,0.345,0.08639999999999999,0.43199999999999994,0,0,0,-1
735,5,0.24,3.5,35,0.355,0.08639999999999999,0.43199999999999994,0,0,0,-1
736,5,0.24,3.5,36,0.365,0.08639999999999999,0.43199999999999994,0,0,0,-1
737,5,0.24,3.5,37,0.375,0.08639999999999999,0.43199999999999994,0,0,0,-1
738,5,0.24,3.5,38,0.385,0.08639999999999999,0.43199999999999994,0,0,0,-1
739,5,0.24,3.5,39,0.395,0.08639999999999999,0.43199999999999994,0,0,0,-1
740,5,0.24,3.5,40,0.405,0.08639999999999999,0.43199999999999994,0,0,0,-1
741,5,0.24,3.5,41,0.415,0.08639999999999999,0.43199999999999994,0,0,0,-1
742,5,0.24,3.5,42,0.425,0.08639999999999999,0.43199999999999994,0,0,0,-1
743,5,0.24,3.5,43,0.435,0.08639999999999999,0.43199999999999994,0,0,0,-1
744,5,0.24,3.5,44,0.445,0.08639999999999999,0.43199999999999994,0,0,0,-1
745,5,0.24,3.5,45,0.455,0.08639999999999999,0.43199999999999994,0,0,0,-1
746,5,0.24,3.5,46,0.465,0.08639999999999999,0.43199999999999994,0,0,0,-1
747,5,0.24,3.5,47,0.475,0.08639999999999999,0.43199999999999994,0,0,0,-1
748,5,0.24,3.5,48,0.485,0.08639999999999999,0.43199999999999994,0,0,0,-1
749,5,0.24,3.5,49,0.495,0.08639999999999999,0.43199999999999994,0,0,0,-1
750,5,0.24,3.5,50,0.505,0.08639999999999999,0.43199999999999994,0,0,0,-1
751,5,0.24,3.5,51,0.515,0.08639999999999999,0.43199999999999994,0,0,0,-1
752,5,0.24,3.5,52,0.525,0.08639999999999999,0.43199999999999994,0,0,0,-1
753,5,0.24,3.5,53,0.535,0.08639999999999999,0.43199999999999994,0,0,0,-1
754,5,0.24,3.5,54,0.545,0.08639999999999999,0.43199999999999994,0,0,0,-1
755,5,0.24,3.5,55,0.555,0.08639999999999999,0.43199999999999994,0,0,0,-1
756,5,0.24,3.5,56,0.565,0.08639999999999999,0.43199999999999994,0,0,0,-1
757,5,0.24,3.5,57,0.575,0.08639999999999999,0.43199999999999994,0,0,0,-1
758,5,0.24,3.5,58,0.585,0.08639999999999999,0.43199999999999994,0,0,0,-1
759,5,0.24,3.5,59,0.595,0.08639999999999999,0.43199999999999994,0,0,0,-1
760,5,0.24,3.5,60,0.605,0.08639999999999999,0.43199999999999994,0,0,0,-1
761,5,0.24,3.5,61,0.615,0.08639999999999999,0.43199999999999994,0,0,0,-1
762,5,0.24,3.5,62,0.625,0.08639999999999999,0.43199999999999994,0,0,0,-1
763,5,0.24,3.5,63,0.635,0.08639999999999999,0.43199999999999994,0,0,0,-1
764,5,0.24,3.5,64,0.645,0.08639999999999999,0.43199999999999994,0,0,0,-1
765,5,0.24,3.5,65,0.655,0.08639999999999999,0.43199999999999994,0,0,0,-1
766,5,0.24,3.5,66,0.665,0.08639999999999999,0.43199999999999994,0,0,0,-1
767,5,0.24,3.5,67,0.675,0.08639999999999999,0.43199999999999994,0,0,0,-1
768,5,0.24,3.5,68,0.685,0.08639999999999999,0.43199999999999994,0,0,0,-1
769,5,0.24,3.5,69,0.695,0.08639999999999999,0.43199999999999994,0,0,0,-1
770,5,0.24,3.5,70,0.705,0.08639999999999999,0.43199999999999994,0,0,0,-1
771,5,0.24,3.5,71,0.715,0.08639999999999999,0.43199999999999994,0,0,0,-1
772,5,0.24,3.5,72,0.725,0.08639999999999999,0.43199999999999994,0,0,0,-1
773,5,0.24,3.5,73,0.735,0.08639999999999999,0.43199999999999994,0,0,0,-1
774,5,0.24,3.5,74,0.745,0.08639999999999999,0.43199999999999994,0,0,0,-1
775,5,0.24,3.5,75,0.755,0.08639999999999999,0.43199999999999994,0,0,0,-1
776,5,0.24,3.5,76,0.765,0.08639999999999999,0.43199999999999994,0,0,0,-1
777,5,0.24,3.5,77,0.775,0.08639999999999999,0.43199999999999994,0,0,0,-1
778,5,0.24,3.5,78,0.785,0.08639999999999999,0.43199999999999994,1,1,1,-1
779,5,0.24,3.5,79,0.795,0.08639999999999999,0.43199999999999994,1,1,1,-1
780,5,0.24,3.5,80,0.805,0.08639999999999999,0.43199999999999994,1,1,1,-1
781,5,0.24,3.5,81,0.815,0.08639999999999999,0.43199999999999994,1,1,1,-1
782,5,0.24,3.5,82,0.825,0.08639999999999999,0.43199999999999994,1,1,1,-1
783,5,0.24,3.5,83,0.835,0.08639999999999999,0.43199999999999994,1,1,1,-1
784,5,0.24,3.5,84,0.845,0.08639999999999999,0.43199999999999994,1,1,1,-1
785,5,0.24,3.5,85,0.855,0.08639999999999999,0.43199999999999994,1,1,1,-1
786,5,0.24,3.5,86,0.865,0.08639999999999999,0.43199999999999994,1,1,1,-1
787,5,0.24,3.5,87,0.875,0.08639999999999999,0.43199999999999994,1,1,1,-1
788,5,0.24,3.5,88,0.885,0.08639999999999999,0.43199999999999994,1,1,1,-1
789,5,0.24,3.5,89,0.895,0.08639999999999999,0.43199999999999994,1,1,1,-1
790,5,0.24,3.5,90,0.905,0.08639999999999999,0.43199999999999994,1,1,1,-1
791,5,0.24,3.5,91,0.915,0.08639999999999999,0.43199999999999994,1,1,1,-1
792,5,0.24,3.5,92,0.925,0.08639999999999999,0.43199999999999994,1,1,1,-1
793,5,0.24,3.5,93,0.935,0.08639999999999999,0.43199999999999994,1,1,1,-1
794,5,0.24,3.5,94,0.945,0.08639999999999999,0.43199999999999994,1,1,1,-1
795,5,0.24,3.5,95,0.955,0.08639999999999999,0.43199999999999994,1,1,1,-1
796,5,0.24,3.5,96,0.965,0.08639999999999999,0.43199999999999994,1,1,1,-1
797,5,0.24,3.5,97,0.975,0.08639999999999999,0.43199999999999994,1,1,1,-1
798,5,0.24,3.5,98,0.985,0.08639999999999999,0.43199999999999994,1,1,1,-1
799,5,0.24,3.5,99,0.995,0.08639999999999999,0.43199999999999994,1,1,1,-1
800,5,0.24,4.2,0,0.005,0.12,0.6,1,1,1,-1
801,5,0.24,4.2,1,0.015,0.12,0.6,1,1,1,-1
802,5,0.24,4.2,2,0.025,0.12,0.6,1,1,1,-1
803,5,0.24,4.2,3,0.035,0.12,0.6,1,1,1,-1
804,5,0.24,4.2,4,0.045,0.12,0.6,1,1,1,-1
805,5,0.24,4.2,5,0.055,0.12,0.6,1,1,1,-1
806,5,0.24,4.2,6,0.065,0.12,0.6,1,1,1,-1
807,5,0.24,4.2,7,0.075,0.12,0.6,1,1,1,-1
808,5,0.24,4.2,8,0.085,0.12,0.6,1,1,1,-1
809,5,0.24,4.2,9,0.095,0.12,0.6,1,1,1,-1
810,5,0.24,4.2,10,0.105,0.12,0.6,1,1,1,-1
811,5,0.24,4.2,11,0.115,0.12,0.6,1,1,1,-1
812,5,0.24,4.2,12,0.125,0.12,0.6,1,1,1,-1
813,5,0.24,4.2,13,0.135,0.12,0.6,1,1,1,-1
814,5,0.24,4.2,14,0.145,0.12,0.6,1,1,1,-1
815,5,0.24,4.2,15,0.155,0.12,0.6,1,1,1,-1
816,5,0.24,4.2,16,0.165,0.12,0.6,1,1,1,-1
817,5,0.24,4.2,17,0.175,0.12,0.6,1,1,1,-1
818,5,0.24,4.2,18,0.185,0.12,0.6,1,1,1,-1
819,5,0.24,4.2,19,0.195,0.12,0.6,1,1,1,-1
820,5,0.24,4.2,20,0.205,0.12,0.6,1,1,1,-1
821,5,0.24,4.2,21,0.215,0.12,0.6,1,1,1,-1
822,5,0.24,4.2,22,0.225,0.12,0.6,1,1,1,-1
823,5,0.24,4.2,23,0.235,0.12,0.6,1,1,1,-1
824,5,0.24,4.2,24,0.245,0.12,0.6,1,1,1,-1
825,5,0.24,4.2,25,0.255,0.12,0.6,1,1,1,-1
826,5,0.24,4.2,26,0.265,0.12,0.6,1,1,1,-1
827,5,0.24,4.2,27,0.275,0.12,0.6,1,1,1,-1
828,5,0.24,4.2,28,0.285,0.12,0.6,1,1,1,-1
829,5,0.24,4.2,29,0.295,0.12,0.6,1,1,1,-1
830,5,0.24,4.2,30,0.305,0.12,0.6,0,0,0,-1
831,5,0.24,4.2,31,0.315,0.12,0.6,0,0,0,-1
832,5,0.24,4.2,32,0.325,0.12,0.6,0,0,0,-1
833,5,0.24,4.2,33,0.335,0.12,0.6,0,0,0,-1
834,5,0.24,4.2,34,0.345,0.12,0.6,0,0,0,-1
835,5,0.24,4.2,35,0.355,0.12,0.6,0,0,0,-1
836,5,0.24,4.2,36,0.365,0.12,0.6,0,0,0,-1
837,5,0.24,4.2,37,0.375,0.12,0.6,0,0,0,-1
838,5,0.24,4.2,38,0.385,0.12,0.6,0,0,0,-1
839,5,0.24,4.2,39,0.395,0.12,0.6,0,0,0,-1
840,5,0.24,4.2,40,0.405,0.12,0.6,0,0,0,-1
841,5,0.24,4.2,41,0.415,0.12,0.6,0,0,0,-1
842,5,0.24,4.2,42,0.425,0.12,0.6,0,0,0,-1
843,5,0.24,4.2,43,0.435,0.12,0.6,0,0,0,-1
844,5,0.24,4.2,44,0.445,0.12,0.6,0,0,0,-1
845,5,0.24,4.2,45,0.455,0.12,0.6,0,0,0,-1
846,5,0.24,4.2,46,0.465,0.12,0.6,0,0,0,-1
847,5,0.24,4.2,47,0.475,0.12,0.6,0,0,0,-1
848,5,0.24,4.2,48,0.485,0.12,0.6,0,0,0,-1
849,5,0.24,4.2,49,0.495,0.12,0.6,0,0,0,-1
850,5,0.24,4.2,50,0.505,0.12,0.6,0,0,0,-1
851,5,0.24,4.2,51,0.515,0.12,0.6,0,0,0,-1
852,5,0.24,4.2,52,0.525,0.12,0.6,0,0,0,-1
853,5,0.24,4.2,53,0.535,0.12,0.6,0,0,0,-1
854,5,0.24,4.2,54,0.545,0.12,0.6,0,0,0,-1
855,5,0.24,4.2,55,0.555,0.12,0.6,0,0,0,-1
856,5,0.24,4.2,56,0.565,0.12,0.6,0,0,0,-1
857,5,0.24,4.2,57,0.575,0.12,0.6,0,0,0,-1
858,5,0.24,4.2,58,0.585,0.12,0.6,0,0,0,-1
859,5,0.24,4.2,59,0.595,0.12,0.6,0,0,0,-1
860,5,0.24,4.2,60,0.605,0.12,0.6,0,0,0,-1
861,5,0.24,4.2,61,0.615,0.12,0.6,0,0,0,-1
862,5,0.24,4.2,62,0.625,0.12,0.6,0,0,0,-1
863,5,0.24,4.2,63,0.635,0.12,0.6,0,0,0,-1
864,5,0.24,4.2,64,0.645,0.12,0.6,0,0,0,-1
865,5,0.24,4.2,65,0.655,0.12,0.6,0,0,0,-1
866,5,0.24,4.2,66,0.665,0.12,0.6,0,0,0,-1
867,5,0.24,4.2,67,0.675,0.12,0.6,0,0,0,-1
868,5,0.24,4.2,68,0.685,0.12,0.6,0,0,0,-1
869,5,0.24,4.2,69,0.695,0.12,0.6,0,0,0,-1
870,5,0.24,4.2,70,0.705,0.12,0.6,1,1,1,-1
871,5,0.24,4.2,71,0.715,0.12,0.6,1,1,1,-1
872,5,0.24,4.2,72,0.725,0.12,0.6,1,1,1,-1
873,5,0.24,4.2,73,0.735,0.12,0.6,1,1,1,-1
874,5,0.24,4.2,74,0.745,0.12,0.6,1,1,1,-1
875,5,0.24,4.2,75,0.755,0.12,0.6,1,1,1,-1
876,5,0.24,4.2,76,0.765,0.12,0.6,1,1,1,-1
877,5,0.24,4.2,77,0.775,0.12,0.6,1,1,1,-1
878,5,0.24,4.2,78,0.785,0.12,0.6,1,1,1,-1
879,5,0.24,4.2,79,0.795,0.12,0.6,1,1,1,-1
880,5,0.24,4.2,80,0.805,0.12,0.6,1,1,1,-1
881,5,0.24,4.2,81,0.815,0.12,0.6,1,1,1,-1
882,5,0.24,4.2,82,0.825,0.12,0.6,1,1,1,-1
883,5,0.24,4.2,83,0.835,0.12,0.6,1,1,1,-1
884,5,0.24,4.2,84,0.845,0.12,0.6,1,1,1,-1
885,5,0.24,4.2,85,0.855,0.12,0.6,1,1,1,-1
886,5,0.24,4.2,86,0.865,0.12,0.6,1,1,1,-1
887,5,0.24,4.2,87,0.875,0.12,0.6,1,1,1,-1
888,5,0.24,4.2,88,0.885,0.12,0.6,1,1,1,-1
889,5,0.24,4.2,89,0.895,0.12,0.6,1,1,1,-1
890,5,0.24,4.2,90,0.905,0.12,0.6,1,1,1,-1
891,5,0.24,4.2,91,0.915,0.12,0.6,1,1,1,-1
892,5,0.24,4.2,92,0.925,0.12,0.6,1,1,1,-1
893,5,0.24,4.2,93,0.935,0.12,0.6,1,1,1,-1
894,5,0.24,4.2,94,0.945,0.12,0.6,1,1,1,-1
895,5,0.24,4.2,95,0.955,0.12,0.6,1,1,1,-1
896,5,0.24,4.2,96,0.965,0.12,0.6,1,1,1,-1
897,5,0.24,4.2,97,0.975,0.12,0.6,1,1,1,-1
898,5,0.24,4.2,98,0.985,0.12,0.6,1,1,1,-1
899,5,0.24,4.2,99,0.995,0.12,0.6,1,1,1,-1
0,10,0.08,2.8,0,0.005,0.008888888888888878,0.08888888888888878,1,1,1,-1
1,10,0.08,2.8,1,0.015,0.008888888888888878,0.08888888888888878,1,1,1,-1
2,10,0.08,2.8,2,0.025,0.008888888888888878,0.08888888888888878,1,1,1,-1
3,10,0.08,2.8,3,0.035,0.008888888888888878,0.08888888888888878,1,1,1,-1
4,10,0.08,2.8,4,0.045,0.008888888888888878,0.08888888888888878,0,0,0,-1
5,10,0.08,2.8,5,0.055,0.008888888888888878,0.08888888888888878,0,0,0,-1
6,10,0.08,2.8,6,0.065,0.008888888888888878,0.08888888888888878,0,0,0,-1
7,10,0.08,2.8,7,0.075,0.008888888888888878,0.08888888888888878,0,0,0,-1
8,10,0.08,2.8,8,0.085,0.008888888888888878,0.08888888888888878,0,0,0,-1
9,10,0.08,2.8,9,0.095,0.008888888888888878,0.08888888888888878,0,0,0,-1
10,10,0.08,2.8,10,0.105,0.008888888888888878,0.08888888888888878,0,0,0,-1
11,10,0.08,2.8,11,0.115,0.008888888888888878,0.08888888888888878,0,0,0,-1
12,10,0.08,2.8,12,0.125,0.008888888888888878,0.08888888888888878,0,0,0,-1
13,10,0.08,2.8,13,0.135,0.008888888888888878,0.08888888888888878,0,0,0,-1
14,10,0.08,2.8,14,0.145,0.008888888888888878,0.08888888888888878,0,0,0,-1
15,10,0.08,2.8,15,0.155,0.008888888888888878,0.08888888888888878,0,0,0,-1
16,10,0.08,2.8,16,0.165,0.008888888888888878,0.08888888888888878,0,0,0,-1
17,10,0.08,2.8,17,0.175,0.008888888888888878,0.08888888888888878,0,0,0,-1
18,10,0.08,2.8,18,0.185,0.008888888888888878,0.08888888888888878,0,0,0,-1
19,10,0.08,2.8,19,0.195,0.008888888888888878,0.08888888888888878,0,0,0,-1
20,10,0.08,2.8,20,0.205,0.008888888888888878,0.08888888888888878,0,0,0,-1
21,10,0.08,2.8,21,0.215,0.008888888888888878,0.08888888888888878,0,0,0,-1
22,10,0.08,2.8,22,0.225,0.008888888888888878,0.08888888888888878,0,0,0,-1
23,10,0.08,2.8,23,0.235,0.008888888888888878,0.08888888888888878,0,0,0,-1
24,10,0.08,2.8,24,0.245,0.008888888888888878,0.08888888888888878,0,0,0,-1
25,10,0.08,2.8,25,0.255,0.008888888888888878,0.08888888888888878,0,0,0,-1
26,10,0.08,2.8,26,0.265,0.008888888888888878,0.08888888888888878,0,0,0,-1
27,10,0.08,2.8,27,0.275,0.008888888888888878,0.08888888888888878,0,0,0,-1
28,10,0.08,2.8,28,0.285,0.008888888888888878,0.08888888888888878,0,0,0,-1
29,10,0.08,2.8,29,0.295,0.008888888888888878,0.08888888888888878,0,0,0,-1
30,10,0.08,2.8,30,0.305,0.008888888888888878,0.08888888888888878,0,0,0,-1
31,10,0.08,2.8,31,0.315,0.008888888888888878,0.08888888888888878,0,0,0,-1
32,10,0.08,2.8,32,0.325,0.008888888888888878,0.08888888888888878,0,0,0,-1
33,10,0.08,2.8,33,0.335,0.008888888888888878,0.08888888888888878,0,0,0,-1
34,10,0.08,2.8,34,0.345,0.008888888888888878,0.08888888888888878,0,0,0,-1
35,10,0.08,2.8,35,0.355,0.008888888888888878,0.08888888888888878,0,0,0,-1
36,10,0.08,2.8,36,0.365,0.008888888888888878,0.08888888888888878,0,0,0,-1
37,10,0.08,2.8,37,0.375,0.008888888888888878,0.08888888888888878,0,0,0,-1
38,10,0.08,2.8,38,0.385,0.008888888888888878,0.08888888888888878,0,0,0,-1
39,10,0.08,2.8,39,0.395,0.008888888888888878,0.08888888888888878,0,0,0,-1
40,10,0.08,2.8,40,0.405,0.008888888888888878,0.08888888888888878,0,0,0,-1
41,10,0.08,2.8,41,0.415,0.008888888888888878,0.08888888888888878,0,0,0,-1
42,10,0.08,2.8,42,0.425,0.008888888888888878,0.08888888888888878,0,0,0,-1
43,10,0.08,2.8,43,0.435,0.008888888888888878,0.08888888888888878,0,0,0,-1
44,10,0.08,2.8,44,0.445,0.008888888888888878,0.08888888888888878,0,0,0,-1
45,10,0.08,2.8,45,0.455,0.008888888888888878,0.08888888888888878,0,0,0,-1
46,10,0.08,2.8,46,0.465,0.008888888888888878,0.08888888888888878,0,0,0,-1
47,10,0.08,2.8,47,0.475,0.008888888888888878,0.08888888888888878,0,0,0,-1
48,10,0.08,2.8,48,0.485,0.008888888888888878,0.08888888888888878,0,0,0,-1
49,10,0.08,2.8,49,0.495,0.008888888888888878,0.08888888888888878,0,0,0,-1
50,10,0.08,2.8,50,0.505,0.008888888888888878,0.08888888888888878,0,0,0,-1
51,10,0.08,2.8,51,0.515,0.008888888888888878,0.08888888888888878,0,0,0,-1
52,10,0.08,2.8,52,0.525,0.008888888888888878,0.08888888888888878,0,0,0,-1
53,10,0.08,2.8,53,0.535,0.008888888888888878,0.08888888888888878,0,0,0,-1
54,10,0.08,2.8,54,0.545,0.008888888888888878,0.08888888888888878,0,0,0,-1
55,10,0.08,2.8,55,0.555,0.008888888888888878,0.08888888888888878,0,0,0,-1
56,10,0.08,2.8,56,0.565,0.008888888888888878,0.08888888888888878,0,0,0,-1
57,10,0.08,2.8,57,0.575,0.008888888888888878,0.08888888888888878,0,0,0,-1
58,10,0.08,2.8,58,0.585,0.008888888888888878,0.08888888888888878,0,0,0,-1
59,10,0.08,2.8,59,0.595,0.008888888888888878,0.08888888888888878,0,0,0,-1
60,10,0.08,2.8,60,0.605,0.008888888888888878,0.08888888888888878,0,0,0,-1
61,10,0.08,2.8,61,0.615,0.008888888888888878,0.08888888888888878,0,0,0,-1
62,10,0.08,2.8,62,0.625,0.008888888888888878,0.08888888888888878,0,0,0,-1
63,10,0.08,2.8,63,0.635,0.008888888888888878,0.08888888888888878,0,0,0,-1
64,10,0.08,2.8,64,0.645,0.008888888888888878,0.08888888888888878,0,0,0,-1
65,10,0.08,2.8,65,0.655,0.008888888888888878,0.08888888888888878,0,0,0,-1
66,10,0.08,2.8,66,0.665,0.008888888888888878,0.08888888888888878,0,0,0,-1
67,10,0.08,2.8,67,0.675,0.008888888888888878,0.08888888888888878,0,0,0,-1
68,10,0.08,2.8,68,0.685,0.008888888888888878,0.08888888888888878,0,0,0,-1
69,10,0.08,2.8,69,0.695,0.008888888888888878,0.08888888888888878,0,0,0,-1
70,10,0.08,2.8,70,0.705,0.008888888888888878,0.08888888888888878,0,0,0,-1
71,10,0.08,2.8,71,0.715,0.008888888888888878,0.08888888888888878,0,0,0,-1
72,10,0.08,2.8,72,0.725,0.008888888888888878,0.08888888888888878,0,0,0,-1
73,10,0.08,2.8,73,0.735,0.008888888888888878,0.08888888888888878,0,0,0,-1
74,10,0.08,2.8,74,0.745,0.008888888888888878,0.08888888888888878,0,0,0,-1
75,10,0.08,2.8,75,0.755,0.008888888888888878,0.08888888888888878,0,0,0,-1
76,10,0.08,2.8,76,0.765,0.008888888888888878,0.08888888888888878,0,0,0,-1
77,10,0.08,2.8,77,0.775,0.008888888888888878,0.08888888888888878,0,0,0,-1
78,10,0.08,2.8,78,0.785,0.008888888888888878,0.08888888888888878,0,0,0,-1
79,10,0.08,2.8,79,0.795,0.008888888888888878,0.08888888888888878,0,0,0,-1
80,10,0.08,2.8,80,0.805,0.008888888888888878,0.08888888888888878,0,0,0,-1
81,10,0.08,2.8,81,0.815,0.008888888888888878,0.08888888888888878,0,0,0,-1
82,10,0.08,2.8,82,0.825,0.008888888888888878,0.08888888888888878,0,0,0,-1
83,10,0.08,2.8,83,0.835,0.008888888888888878,0.08888888888888878,0,0,0,-1
84,10,0.08,2.8,84,0.845,0.008888888888888878,0.08888888888888878,0,0,0,-1
85,10,0.08,2.8,85,0.855,0.008888888888888878,0.08888888888888878,0,0,0,-1
86,10,0.08,2.8,86,0.865,0.008888888888888878,0.08888888888888878,0,0,0,-1
87,10,0.08,2.8,87,0.875,0.008888888888888878,0.08888888888888878,0,0,0,-1
88,10,0.08,2.8,88,0.885,0.008888888888888878,0.08888888888888878,0,0,0,-1
89,10,0.08,2.8,89,0.895,0.008888888888888878,0.08888888888888878,0,0,0,-1
90,10,0.08,2.8,90,0.905,0.008888888888888878,0.08888888888888878,0,0,0,-1
91,10,0.08,2.8,91,0.915,0.008888888888888878,0.08888888888888878,0,0,0,-1
92,10,0.08,2.8,92,0.925,0.008888888888888878,0.08888888888888878,0,0,0,-1
93,10,0.08,2.8,93,0.935,0.008888888888888878,0.08888888888888878,0,0,0,-1
94,10,0.08,2.8,94,0.945,0.008888888888888878,0.08888888888888878,0,0,0,-1
95,10,0.08,2.8,95,0.955,0.008888888888888878,0.08888888888888878,0,0,0,-1
96,10,0.08,2.8,96,0.965,0.008888888888888878,0.08888888888888878,1,1,1,-1
97,10,0.08,2.8,97,0.975,0.008888888888888878,0.08888888888888878,1,1,1,-1
98,10,0.08,2.8,98,0.985,0.008888888888888878,0.08888888888888878,1,1,1,-1
99,10,0.08,2.8,99,0.995,0.008888888888888878,0.08888888888888878,1,1,1,-1
100,10,0.08,3.5,0,0.005,0.0288,0.288,1,1,1,-1
101,10,0.08,3.5,1,0.015,0.0288,0.288,1,1,1,-1
102,10,0.08,3.5,2,0.025,0.0288,0.288,1,1,1,-1
103,10,0.08,3.5,3,0.035,0.0288,0.288,1,1,1,-1
104,10,0.08,3.5,4,0.045,0.0288,0.288,1,1,1,-1
105,10,0.08,3.5,5,0.055,0.0288,0.288,1,1,1,-1
106,10,0.08,3.5,6,0.065,0.0288,0.288,1,1,1,-1
107,10,0.08,3.5,7,0.075,0.0288,0.288,1,1,1,-1
108,10,0.08,3.5,8,0.085,0.0288,0.288,1,1,1,-1
109,10,0.08,3.5,9,0.095,0.0288,0.288,1,1,1,-1
110,10,0.08,3.5,10,0.105,0.0288,0.288,1,1,1,-1
111,10,0.08,3.5,11,0.115,0.0288,0.288,1,1,1,-1
112,10,0.08,3.5,12,0.125,0.0288,0.288,1,1,1,-1
113,10,0.08,3.5,13,0.135,0.0288,0.288,1,1,1,-1
114,10,0.08,3.5,14,0.145,0.0288,0.288,0,0,0,-1
115,10,0.08,3.5,15,0.155,0.0288,0.288,0,0,0,-1
116,10,0.08,3.5,16,0.165,0.0288,0.288,0,0,0,-1
117,10,0.08,3.5,17,0.175,0.0288,0.288,0,0,0,-1
118,10,0.08,3.5,18,0.185,0.0288,0.288,0,0,0,-1
119,10,0.08,3.5,19,0.195,0.0288,0.288,0,0,0,-1
120,10,0.08,3.5,20,0.205,0.0288,0.288,0,0,0,-1
121,10,0.08,3.5,21,0.215,0.0288,0.288,0,0,0,-1
122,10,0.08,3.5,22,0.225,0.0288,0.288,0,0,0,-1
123,10,0.08,3.5,23,0.235,0.0288,0.288,0,0,0,-1
124,10,0.08,3.5,24,0.245,0.0288,0.288,0,0,0,-1
125,10,0.08,3.5,25,0.255,0.0288,0.288,0,0,0,-1
126,10,0.08,3.5,26,0.265,0.0288,0.288,0,0,0,-1
127,10,0.08,3.5,27,0.275,0.0288,0.288,0,0,0,-1
128,10,0.08,3.5,28,0.285,0.0288,0.288,0,0,0,-1
129,10,0.08,3.5,29,0.295,0.0288,0.288,0,0,0,-1
130,10,0.08,3.5,30,0.305,0.0288,0.288,0,0,0,-1
131,10,0.08,3.5,31,0.315,0.0288,0.288,0,0,0,-1
132,10,0.08,3.5,32,0.325,0.0288,0.288,0,0,0,-1
133,10,0.08,3.5,33,0.335,0.0288,0.288,0,0,0,-1
134,10,0.08,3.5,34,0.345,0.0288,0.288,0,0,0,-1
135,10,0.08,3.5,35,0.355,0.0288,0.288,0,0,0,-1
136,10,0.08,3.5,36,0.365,0.0288,0.288,0,0,0,-1
137,10,0.08,3.5,37,0.375,0.0288,0.288,0,0,0,-1
138,10,0.08,3.5,38,0.385,0.0288,0.288,0,0,0,-1
139,10,0.08,3.5,39,0.395,0.0288,0.288,0,0,0,-1
140,10,0.08,3.5,40,0.405,0.0288,0.288,0,0,0,-1
141,10,0.08,3.5,41,0.415,0.0288,0.288,0,0,0,-1
142,10,0.08,3.5,42,0.425,0.0288,0.288,0,0,0,-1
143,10,0.08,3.5,43,0.435,0.0288,0.288,0,0,0,-1
144,10,0.08,3.5,44,0.445,0.0288,0.288,0,0,0,-1
145,10,0.08,3.5,45,0.455,0.0288,0.288,0,0,0,-1
146,10,0.08,3.5,46,0.465,0.0288,0.288,0,0,0,-1
147,10,0.08,3.5,47,0.475,0.0288,0.288,0,0,0,-1
148,10,0.08,3.5,48,0.485,0.0288,0.288,0,0,0,-1
149,10,0.08,3.5,49,0.495,0.0288,0.288,0,0,0,-1
150,10,0.08,3.5,50,0.505,0.0288,0.288,0,0,0,-1
151,10,0.08,3.5,51,0.515,0.0288,0.288,0,0,0,-1
152,10,0.08,3.5,52,0.525,0.0288,0.288,0,0,0,-1
153,10,0.08,3.5,53,0.535,0.0288,0.288,0,0,0,-1
154,10,0.08,3.5,54,0.545,0.0288,0.288,0,0,0,-1
155,10,0.08,3.5,55,0.555,0.0288,0.288,0,0,0,-1
156,10,0.08,3.5,56,0.565,0.0288,0.288,0,0,0,-1
157,10,0.08,3.5,57,0.575,0.0288,0.288,0,0,0,-1
158,10,0.08,3.5,58,0.585,0.0288,0.288,0,0,0,-1
159,10,0.08,3.5,59,0.595,0.0288,0.288,0,0,0,-1
160,10,0.08,3.5,60,0.605,0.0288,0.288,0,0,0,-1
161,10,0.08,3.5,61,0.615,0.0288,0.288,0,0,0,-1
162,10,0.08,3.5,62,0.625,0.0288,0.288,0,0,0,-1
163,10,0.08,3.5,63,0.635,0.0288,0.288,0,0,0,-1
164,10,0.08,3.5,64,0.645,0.0288,0.288,0,0,0,-1
165,10,0.08,3.5,65,0.655,0.0288,0.288,0,0,0,-1
166,10,0.08,3.5,66,0.665,0.0288,0.288,0,0,0,-1
167,10,0.08,3.5,67,0.675,0.0288,0.288,0,0,0,-1
168,10,0.08,3.5,68,0.685,0.0288,0.288,0,0,0,-1
169,10,0.08,3.5,69,0.695,0.0288,0.288,0,0,0,-1
170,10,0.08,3.5,70,0.705,0.0288,0.288,0,0,0,-1
171,10,0.08,3.5,71,0.715,0.0288,0.288,0,0,0,-1
172,10,0.08,3.5,72,0.725,0.0288,0.288,0,0,0,-1
173,10,0.08,3.5,73,0.735,0.0288,0.288,0,0,0,-1
174,10,0.08,3.5,74,0.745,0.0288,0.288,0,0,0,-1
175,10,0.08,3.5,75,0.755,0.0288,0.288,0,0,0,-1
176,10,0.08,3.5,76,0.765,0.0288,0.288,0,0,0,-1
177,10,0.08,3.5,77,0.775,0.0288,0.288,0,0,0,-1
178,10,0.08,3.5,78,0.785,0.0288,0.288,0,0,0,-1
179,10,0.08,3.5,79,0.795,0.0288,0.288,0,0,0,-1
180,10,0.08,3.5,80,0.805,0.0288,0.288,0,0,0,-1
181,10,0.08,3.5,81,0.815,0.0288,0.288,0,0,0,-1
182,10,0.08,3.5,82,0.825,0.0288,0.288,0,0,0,-1
183,10,0.08,3.5,83,0.835,0.0288,0.288,0,0,0,-1
184,10,0.08,3.5,84,0.845,0.0288,0.288,0,0,0,-1
185,10,0.08,3.5,85,0.855,0.0288,0.288,0,0,0,-1
186,10,0.08,3.5,86,0.865,0.0288,0.288,1,1,1,-1
187,10,0.08,3.5,87,0.875,0.0288,0.288,1,1,1,-1
188,10,0.08,3.5,88,0.885,0.0288,0.288,1,1,1,-1
189,10,0.08,3.5,89,0.895,0.0288,0.288,1,1,1,-1
190,10,0.08,3.5,90,0.905,0.0288,0.288,1,1,1,-1
191,10,0.08,3.5,91,0.915,0.0288,0.288,1,1,1,-1
192,10,0.08,3.5,92,0.925,0.0288,0.288,1,1,1,-1
193,10,0.08,3.5,93,0.935,0.0288,0.288,1,1,1,-1
194,10,0.08,3.5,94,0.945,0.0288,0.288,1,1,1,-1
195,10,0.08,3.5,95,0.955,0.0288,0.288,1,1,1,-1
196,10,0.08,3.5,96,0.965,0.0288,0.288,1,1,1,-1
197,10,0.08,3.5,97,0.975,0.0288,0.288,1,1,1,-1
198,10,0.08,3.5,98,0.985,0.0288,0.288,1,1,1,-1
199,10,0.08,3.5,99,0.995,0.0288,0.288,1,1,1,-1
200,10,0.08,4.2,0,0.005,0.04,0.4,1,1,1,-1
201,10,0.08,4.2,1,0.015,0.04,0.4,1,1,1,-1
202,10,0.08,4.2,2,0.025,0.04,0.4,1,1,1,-1
203,10,0.08,4.2,3,0.035,0.04,0.4,1,1,1,-1
204,10,0.08,4.2,4,0.045,0.04,0.4,1,1,1,-1
205,10,0.08,4.2,5,0.055,0.04,0.4,1,1,1,-1
206,10,0.08,4.2,6,0.065,0.04,0.4,1,1,1,-1
207,10,0.08,4.2,7,0.075,0.04,0.4,1,1,1,-1
208,10,0.08,4.2,8,0.085,0.04,0.4,1,1,1,-1
209,10,0.08,4.2,9,0.095,0.04,0.4,1,1,1,-1
210,10,0.08,4.2,10,0.105,0.04,0.4,1,1,1,-1
211,10,0.08,4.2,11,0.115,0.04,0.4,1,1,1,-1
212,10,0.08,4.2,12,0.125,0.04,0.4,1,1,1,-1
213,10,0.08,4.2,13,0.135,0.04,0.4,1,1,1,-1
214,10,0.08,4.2,14,0.145,0.04,0.4,1,1,1,-1
215,10,0.08,4.2,15,0.155,0.04,0.4,1,1,1,-1
216,10,0.08,4.2,16,0.165,0.04,0.4,1,1,1,-1
217,10,0.08,4.2,17,0.175,0.04,0.4,1,1,1,-1
218,10,0.08,4.2,18,0.185,0.04,0.4,1,1,1,-1
219,10,0.08,4.2,19,0.195,0.04,0.4,1,1,1,-1
220,10,0.08,4.2,20,0.205,0.04,0.4,0,0,0,-1
221,10,0.08,4.2,21,0.215,0.04,0.4,0,0,0,-1
222,10,0.08,4.2,22,0.225,0.04,0.4,0,0,0,-1
223,10,0.08,4.2,23,0.235,0.04,0.4,0,0,0,-1
224,10,0.08,4.2,24,0.245,0.04,0.4,0,0,0,-1
225,10,0.08,4.2,25,0.255,0.04,0.4,0,0,0,-1
226,10,0.08,4.2,26,0.265,0.04,0.4,0,0,0,-1
227,10,0.08,4.2,27,0.275,0.04,0.4,0,0,0,-1
228,10,0.08,4.2,28,0.285,0.04,0.4,0,0,0,-1
229,10,0.08,4.2,29,0.295,0.04,0.4,0,0,0,-1
230,10,0.08,4.2,30,0.305,0.04,0.4,0,0,0,-1
231,10,0.08,4.2,31,0.315,0.04,0.4,0,0,0,-1
232,10,0.08,4.2,32,0.325,0.04,0.4,0,0,0,-1
233,10,0.08,4.2,33,0.335,0.04,0.4,0,0,0,-1
234,10,0.08,4.2,34,0.345,0.04,0.4,0,0,0,-1
235,10,0.08,4.2,35,0.355,0.04,0.4,0,0,0,-1
236,10,0.08,4.2,36,0.365,0.04,0.4,0,0,0,-1
237,10,0.08,4.2,37,0.375,0.04,0.4,0,0,0,-1
238,10,0.08,4.2,38,0.385,0.04,0.4,0,0,0,-1
239,10,0.08,4.2,39,0.395,0.04,0.4,0,0,0,-1
240,10,0.08,4.2,40,0.405,0.04,0.4,0,0,0,-1
241,10,0.08,4.2,41,0.415,0.04,0.4,0,0,0,-1
242,10,0.08,4.2,42,0.425,0.04,0.4,0,0,0,-1
243,10,0.08,4.2,43,0.435,0.04,0.4,0,0,0,-1
244,10,0.08,4.2,44,0.445,0.04,0.4,0,0,0,-1
245,10,0.08,4.2,45,0.455,0.04,0.4,0,0,0,-1
246,10,0.08,4.2,46,0.465,0.04,0.4,0,0,0,-1
247,10,0.08,4.2,47,0.475,0.04,0.4,0,0,0,-1
248,10,0.08,4.2,48,0.485,0.04,0.4,0,0,0,-1
249,10,0.08,4.2,49,0.495,0.04,0.4,0,0,0,-1
250,10,0.08,4.2,50,0.505,0.04,0.4,0,0,0,-1
251,10,0.08,4.2,51,0.515,0.04,0.4,0,0,0,-1
252,10,0.08,4.2,52,0.525,0.04,0.4,0,0,0,-1
253,10,0.08,4.2,53,0.535,0.04,0.4,0,0,0,-1
254,10,0.08,4.2,54,0.545,0.04,0.4,0,0,0,-1
255,10,0.08,4.2,55,0.555,0.04,0.4,0,0,0,-1
256,10,0.08,4.2,56,0.565,0.04,0.4,0,0,0,-1
257,10,0.08,4.2,57,0.575,0.04,0.4,0,0,0,-1
258,10,0.08,4.2,58,0.585,0.04,0.4,0,0,0,-1
259,10,0.08,4.2,59,0.595,0.04,0.4,0,0,0,-1
260,10,0.08,4.2,60,0.605,0.04,0.4,0,0,0,-1
261,10,0.08,4.2,61,0.615,0.04,0.4,0,0,0,-1
262,10,0.08,4.2,62,0.625,0.04,0.4,0,0,0,-1
263,10,0.08,4.2,63,0.635,0.04,0.4,0,0,0,-1
264,10,0.08,4.2,64,0.645,0.04,0.4,0,0,0,-1
265,10,0.08,4.2,65,0.655,0.04,0.4,0,0,0,-1
266,10,0.08,4.2,66,0.665,0.04,0.4,0,0,0,-1
267,10,0.08,4.2,67,0.675,0.04,0.4,0,0,0,-1
268,10,0.08,4.2,68,0.685,0.04,0.4,0,0,0,-1
269,10,0.08,4.2,69,0.695,0.04,0.4,0,0,0,-1
270,10,0.08,4.2,70,0.705,0.04,0.4,0,0,0,-1
271,10,0.08,4.2,71,0.715,0.04,0.4,0,0,0,-1
272,10,0.08,4.2,72,0.725,0.04,0.4,0,0,0,-1
273,10,0.08,4.2,73,0.735,0.04,0.4,0,0,0,-1
274,10,0.08,4.2,74,0.745,0.04,0.4,0,0,0,-1
275,10,0.08,4.2,75,0.755,0.04,0.4,0,0,0,-1
276,10,0.08,4.2,76,0.765,0.04,0.4,0,0,0,-1
277,10,0.08,4.2,77,0.775,0.04,0.4,0,0,0,-1
278,10,0.08,4.2,78,0.785,0.04,0.4,0,0,0,-1
279,10,0.08,4.2,79,0.795,0.04,0.4,0,0,0,-1
280,10,0.08,4.2,80,0.805,0.04,0.4,1,1,1,-1
281,10,0.08,4.2,81,0.815,0.04,0.4,1,1,1,-1
282,10,0.08,4.2,82,0.825,0.04,0.4,1,1,1,-1
283,10,0.08,4.2,83,0.835,0.04,0.4,1,1,1,-1
284,10,0.08,4.2,84,0.845,0.04,0.4,1,1,1,-1
285,10,0.08,4.2,85,0.855,0.04,0.4,1,1,1,-1
286,10,0.08,4.2,86,0.865,0.04,0.4,1,1,1,-1
287,10,0.08,4.2,87,0.875,0.04,0.4,1,1,1,-1
288,10,0.08,4.2,88,0.885,0.04,0.4,1,1,1,-1
289,10,0.08,4.2,89,0.895,0.04,0.4,1,1,1,-1
290,10,0.08,4.2,90,0.905,0.04,0.4,1,1,1,-1
291,10,0.08,4.2,91,0.915,0.04,0.4,1,1,1,-1
292,10,0.08,4.2,92,0.925,0.04,0.4,1,1,1,-1
293,10,0.08,4.2,93,0.935,0.04,0.4,1,1,1,-1
294,10,0.08,4.2,94,0.945,0.04,0.4,1,1,1,-1
295,10,0.08,4.2,95,0.955,0.04,0.4,1,1,1,-1
296,10,0.08,4.2,96,0.965,0.04,0.4,1,1,1,-1
297,10,0.08,4.2,97,0.975,0.04,0.4,1,1,1,-1
298,10,0.08,4.2,98,0.985,0.04,0.4,1,1,1,-1
299,10,0.08,4.2,99,0.995,0.04,0.4,1,1,1,-1
300,10,0.16,2.8,0,0.005,0.017777777777777757,0.17777777777777756,1,1,1,-1
301,10,0.16,2.8,1,0.015,0.017777777777777757,0.17777777777777756,1,1,1,-1
302,10,0.16,2.8,2,0.025,0.017777777777777757,0.17777777777777756,1,1,1,-1
303,10,0.16,2.8,3,0.035,0.017777777777777757,0.17777777777777756,1,1,1,-1
304,10,0.16,2.8,4,0.045,0.017777777777777757,0.17777777777777756,1,1,1,-1
305,10,0.16,2.8,5,0.055,0.017777777777777757,0.17777777777777756,1,1,1,-1
306,10,0.16,2.8,6,0.065,0.017777777777777757,0.17777777777777756,1,1,1,-1
307,10,0.16,2.8,7,0.075,0.017777777777777757,0.17777777777777756,1,1,1,-1
308,10,0.16,2.8,8,0.085,0.017777777777777757,0.17777777777777756,1,1,1,-1
309,10,0.16,2.8,9,0.095,0.017777777777777757,0.17777777777777756,0,0,0,-1
310,10,0.16,2.8,10,0.105,0.017777777777777757,0.17777777777777756,0,0,0,-1
311,10,0.16,2.8,11,0.115,0.017777777777777757,0.17777777777777756,0,0,0,-1
312,10,0.16,2.8,12,0.125,0.017777777777777757,0.17777777777777756,0,0,0,-1
313,10,0.16,2.8,13,0.135,0.017777777777777757,0.17777777777777756,0,0,0,-1
314,10,0.16,2.8,14,0.145,0.017777777777777757,0.17777777777777756,0,0,0,-1
315,10,0.16,2.8,15,0.155,0.017777777777777757,0.17777777777777756,0,0,0,-1
316,10,0.16,2.8,16,0.165,0.017777777777777757,0.17777777777777756,0,0,0,-1
317,10,0.16,2.8,17,0.175,0.017777777777777757,0.17777777777777756,0,0,0,-1
318,10,0.16,2.8,18,0.185,0.017777777777777757,0.17777777777777756,0,0,0,-1
319,10,0.16,2.8,19,0.195,0.017777777777777757,0.17777777777777756,0,0,0,-1
320,10,0.16,2.8,20,0.205,0.017777777777777757,0.17777777777777756,0,0,0,-1
321,10,0.16,2.8,21,0.215,0.017777777777777757,0.17777777777777756,0,0,0,-1
322,10,0.16,2.8,22,0.225,0.017777777777777757,0.17777777777777756,0,0,0,-1
323,10,0.16,2.8,23,0.235,0.017777777777777757,0.17777777777777756,0,0,0,-1
324,10,0.16,2.8,24,0.245,0.017777777777777757,0.17777777777777756,0,0,0,-1
325,10,0.16,2.8,25,0.255,0.017777777777777757,0.17777777777777756,0,0,0,-1
326,10,0.16,2.8,26,0.265,0.017777777777777757,0.17777777777777756,0,0,0,-1
327,10,0.16,2.8,27,0.275,0.017777777777777757,0.17777777777777756,0,0,0,-1
328,10,0.16,2.8,28,0.285,0.017777777777777757,0.17777777777777756,0,0,0,-1
329,10,0.16,2.8,29,0.295,0.017777777777777757,0.17777777777777756,0,0,0,-1
330,10,0.16,2.8,30,0.305,0.017777777777777757,0.17777777777777756,0,0,0,-1
331,10,0.16,2.8,31,0.315,0.017777777777777757,0.17777777777777756,0,0,0,-1
332,10,0.16,2.8,32,0.325,0.017777777777777757,0.17777777777777756,0,0,0,-1
333,10,0.16,2.8,33,0.335,0.017777777777777757,0.17777777777777756,0,0,0,-1
334,10,0.16,2.8,34,0.345,0.017777777777777757,0.17777777777777756,0,0,0,-1
335,10,0.16,2.8,35,0.355,0.017777777777777757,0.17777777777777756,0,0,0,-1
336,10,0.16,2.8,36,0.365,0.017777777777777757,0.17777777777777756,0,0,0,-1
337,10,0.16,2.8,37,0.375,0.017777777777777757,0.17777777777777756,0,0,0,-1
338,10,0.16,2.8,38,0.385,0.017777777777777757,0.17777777777777756,0,0,0,-1
339,10,0.16,2.8,39,0.395,0.017777777777777757,0.17777777777777756,0,0,0,-1
340,10,0.16,2.8,40,0.405,0.017777777777777757,0.17777777777777756,0,0,0,-1
341,10,0.16,2.8,41,0.415,0.017777777777777757,0.17777777777777756,0,0,0,-1
342,10,0.16,2.8,42,0.425,0.017777777777777757,0.17777777777777756,0,0,0,-1
343,10,0.16,2.8,43,0.435,0.017777777777777757,0.17777777777777756,0,0,0,-1
344,10,0.16,2.8,44,0.445,0.017777777777777757,0.17777777777777756,0,0,0,-1
345,10,0.16,2.8,45,0.455,0.017777777777777757,0.17777777777777756,0,0,0,-1
346,10,0.16,2.8,46,0.465,0.017777777777777757,0.17777777777777756,0,0,0,-1
347,10,0.16,2.8,47,0.475,0.017777777777777757,0.17777777777777756,0,0,0,-1
348,10,0.16,2.8,48,0.485,0.017777777777777757,0.17777777777777756,0,0,0,-1
349,10,0.16,2.8,49,0.495,0.017777777777777757,0.17777777777777756,0,0,0,-1
350,10,0.16,2.8,50,0.505,0.017777777777777757,0.17777777777777756,0,0,0,-1
351,10,0.16,2.8,51,0.515,0.017777777777777757,0.17777777777777756,0,0,0,-1
352,10,0.16,2.8,52,0.525,0.017777777777777757,0.17777777777777756,0,0,0,-1
353,10,0.16,2.8,53,0.535,0.017777777777777757,0.17777777777777756,0,0,0,-1
354,10,0.16,2.8,54,0.545,0.017777777777777757,0.17777777777777756,0,0,0,-1
355,10,0.16,2.8,55,0.555,0.017777777777777757,0.17777777777777756,0,0,0,-1
356,10,0.16,2.8,56,0.565,0.017777777777777757,0.17777777777777756,0,0,0,-1
357,10,0.16,2.8,57,0.575,0.017777777777777757,0.17777777777777756,0,0,0,-1
358,10,0.16,2.8,58,0.585,0.017777777777777757,0.17777777777777756,0,0,0,-1
359,10,0.16,2.8,59,0.595,0.017777777777777757,0.17777777777777756,0,0,0,-1
360,10,0.16,2.8,60,0.605,0.017777777777777757,0.17777777777777756,0,0,0,-1
361,10,0.16,2.8,61,0.615,0.017777777777777757,0.17777777777777756,0,0,0,-1
362,10,0.16,2.8,62,0.625,0.017777777777777757,0.17777777777777756,0,0,0,-1
363,10,0.16,2.8,63,0.635,0.017777777777777757,0.17777777777777756,0,0,0,-1
364,10,0.16,2.8,64,0.645,0.017777777777777757,0.17777777777777756,0,0,0,-1
365,10,0.16,2.8,65,0.655,0.017777777777777757,0.17777777777777756,0,0,0,-1
366,10,0.16,2.8,66,0.665,0.017777777777777757,0.17777777777777756,0,0,0,-1
367,10,0.16,2.8,67,0.675,0.017777777777777757,0.17777777777777756,0,0,0,-1
368,10,0.16,2.8,68,0.685,0.017777777777777757,0.17777777777777756,0,0,0,-1
369,10,0.16,2.8,69,0.695,0.017777777777777757,0.17777777777777756,0,0,0,-1
370,10,0.16,2.8,70,0.705,0.017777777777777757,0.17777777777777756,0,0,0,-1
371,10,0.16,2.8,71,0.715,0.017777777777777757,0.17777777777777756,0,0,0,-1
372,10,0.16,2.8,72,0.725,0.017777777777777757,0.17777777777777756,0,0,0,-1
373,10,0.16,2.8,73,0.735,0.017777777777777757,0.17777777777777756,0,0,0,-1
374,10,0.16,2.8,74,0.745,0.017777777777777757,0.17777777777777756,0,0,0,-1
375,10,0.16,2.8,75,0.755,0.017777777777777757,0.17777777777777756,0,0,0,-1
376,10,0.16,2.8,76,0.765,0.017777777777777757,0.17777777777777756,0,0,0,-1
377,10,0.16,2.8,77,0.775,0.017777777777777757,0.17777777777777756,0,0,0,-1
378,10,0.16,2.8,78,0.785,0.017777777777777757,0.17777777777777756,0,0,0,-1
379,10,0.16,2.8,79,0.795,0.017777777777777757,0.17777777777777756,0,0,0,-1
380,10,0.16,2.8,80,0.805,0.017777777777777757,0.17777777777777756,0,0,0,-1
381,10,0.16,2.8,81,0.815,0.017777777777777757,0.17777777777777756,0,0,0,-1
382,10,0.16,2.8,82,0.825,0.017777777777777757,0.17777777777777756,0,0,0,-1
383,10,0.16,2.8,83,0.835,0.017777777777777757,0.17777777777777756,0,0,0,-1
384,10,0.16,2.8,84,0.845,0.017777777777777757,0.17777777777777756,0,0,0,-1
385,10,0.16,2.8,85,0.855,0.017777777777777757,0.17777777777777756,0,0,0,-1
386,10,0.16,2.8,86,0.865,0.017777777777777757,0.17777777777777756,0,0,0,-1
387,10,0.16,2.8,87,0.875,0.017777777777777757,0.17777777777777756,0,0,0,-1
388,10,0.16,2.8,88,0.885,0.017777777777777757,0.17777777777777756,0,0,0,-1
389,10,0.16,2.8,89,0.895,0.017777777777777757,0.17777777777777756,0,0,0,-1
390,10,0.16,2.8,90,0.905,0.017777777777777757,0.17777777777777756,0,0,0,-1
391,10,0.16,2.8,91,0.915,0.017777777777777757,0.17777777777777756,1,1,1,-1
392,10,0.16,2.8,92,0.925,0.017777777777777757,0.17777777777777756,1,1,1,-1
393,10,0.16,2.8,93,0.935,0.017777777777777757,0.17777777777777756,1,1,1,-1
394,10,0.16,2.8,94,0.945,0.017777777777777757,0.17777777777777756,1,1,1,-1
395,10,0.16,2.8,95,0.955,0.017777777777777757,0.17777777777777756,1,1,1,-1
396,10,0.16,2.8,96,0.965,0.017777777777777757,0.17777777777777756,1,1,1,-1
397,10,0.16,2.8,97,0.975,0.017777777777777757,0.17777777777777756,1,1,1,-1
398,10,0.16,2.8,98,0.985,0.017777777777777757,0.17777777777777756,1,1,1,-1
399,10,0.16,2.8,99,0.995,0.017777777777777757,0.17777777777777756,1,1,1,-1
400,10,0.16,3.5,0,0.005,0.0576,0.576,1,1,1,-1
401,10,0.16,3.5,1,0.015,0.0576,0.576,1,1,1,-1
402,10,0.16,3.5,2,0.025,0.0576,0.576,1,1,1,-1
403,10,0.16,3.5,3,0.035,0.0576,0.576,1,1,1,-1
404,10,0.16,3.5,4,0.045,0.0576,0.576,1,1,1,-1
405,10,0.16,3.5,5,0.055,0.0576,0.576,1,1,1,-1
406,10,0.16,3.5,6,0.065,0.0576,0.576,1,1,1,-1
407,10,0.16,3.5,7,0.075,0.0576,0.576,1,1,1,-1
408,10,0.16,3.5,8,0.085,0.0576,0.576,1,1,1,-1
409,10,0.16,3.5,9,0.095,0.0576,0.576,1,1,1,-1
410,10,0.16,3.5,10,0.105,0.0576,0.576,1,1,1,-1
411,10,0.16,3.5,11,0.115,0.0576,0.576,1,1,1,-1
412,10,0.16,3.5,12,0.125,0.0576,0.576,1,1,1,-1
413,10,0.16,3.5,13,0.135,0.0576,0.576,1,1,1,-1
414,10,0.16,3.5,14,0.145,0.0576,0.576,1,1,1,-1
415,10,0.16,3.5,15,0.155,0.0576,0.576,1,1,1,-1
416,10,0.16,3.5,16,0.165,0.0576,0.576,1,1,1,-1
417,10,0.16,3.5,17,0.175,0.0576,0.576,1,1,1,-1
418,10,0.16,3.5,18,0.185,0.0576,0.576,1,1,1,-1
419,10,0.16,3.5,19,0.195,0.0576,0.576,1,1,1,-1
420,10,0.16,3.5,20,0.205,0.0576,0.576,1,1,1,-1
421,10,0.16,3.5,21,0.215,0.0576,0.576,1,1,1,-1
422,10,0.16,3.5,22,0.225,0.0576,0.576,1,1,1,-1
423,10,0.16,3.5,23,0.235,0.0576,0.576,1,1,1,-1
424,10,0.16,3.5,24,0.245,0.0576,0.576,1,1,1,-1
425,10,0.16,3.5,25,0.255,0.0576,0.576,1,1,1,-1
426,10,0.16,3.5,26,0.265,0.0576,0.576,1,1,1,-1
427,10,0.16,3.5,27,0.275,0.0576,0.576,1,1,1,-1
428,10,0.16,3.5,28,0.285,0.0576,0.576,1,1,1,-1
429,10,0.16,3.5,29,0.295,0.0576,0.576,0,0,0,-1
430,10,0.16,3.5,30,0.305,0.0576,0.576,0,0,0,-1
431,10,0.16,3.5,31,0.315,0.0576,0.576,0,0,0,-1
432,10,0.16,3.5,32,0.325,0.0576,0.576,0,0,0,-1
433,10,0.16,3.5,33,0.335,0.0576,0.576,0,0,0,-1
434,10,0.16,3.5,34,0.345,0.0576,0.576,0,0,0,-1
435,10,0.16,3.5,35,0.355,0.0576,0.576,0,0,0,-1
436,10,0.16,3.5,36,0.365,0.0576,0.576,0,0,0,-1
437,10,0.16,3.5,37,0.375,0.0576,0.576,0,0,0,-1
438,10,0.16,3.5,38,0.385,0.0576,0.576,0,0,0,-1
439,10,0.16,3.5,39,0.395,0.0576,0.576,0,0,0,-1
440,10,0.16,3.5,40,0.405,0.0576,0.576,0,0,0,-1
441,10,0.16,3.5,41,0.415,0.0576,0.576,0,0,0,-1
442,10,0.16,3.5,42,0.425,0.0576,0.576,0,0,0,-1
443,10,0.16,3.5,43,0.435,0.0576,0.576,0,0,0,-1
444,10,0.16,3.5,44,0.445,0.0576,0.576,0,0,0,-1
445,10,0.16,3.5,45,0.455,0.0576,0.576,0,0,0,-1
446,10,0.16,3.5,46,0.465,0.0576,0.576,0,0,0,-1
447,10,0.16,3.5,47,0.475,0.0576,0.576,0,0,0,-1
448,10,0.16,3.5,48,0.485,0.0576,0.576,0,0,0,-1
449,10,0.16,3.5,49,0.495,0.0576,0.576,0,0,0,-1
450,10,0.16,3.5,50,0.505,0.0576,0.576,0,0,0,-1
451,10,0.16,3.5,51,0.515,0.0576,0.576,0,0,0,-1
452,10,0.16,3.5,52,0.525,0.0576,0.576,0,0,0,-1
453,10,0.16,3.5,53,0.535,0.0576,0.576,0,0,0,-1
454,10,0.16,3.5,54,0.545,0.0576,0.576,0,0,0,-1
455,10,0.16,3.5,55,0.555,0.0576,0.576,0,0,0,-1
456,10,0.16,3.5,56,0.565,0.0576,0.576,0,0,0,-1
457,10,0.16,3.5,57,0.575,0.0576,0.576,0,0,0,-1
458,10,0.16,3.5,58,0.585,0.0576,0.576,0,0,0,-1
459,10,0.16,3.5,59,0.595,0.0576,0.576,0,0,0,-1
460,10,0.16,3.5,60,0.605,0.0576,0.576,0,0,0,-1
461,10,0.16,3.5,61,0.615,0.0576,0.576,0,0,0,-1
462,10,0.16,3.5,62,0.625,0.0576,0.576,0,0,0,-1
463,10,0.16,3.5,63,0.635,0.0576,0.576,0,0,0,-1
464,10,0.16,3.5,64,0.645,0.0576,0.576,0,0,0,-1
465,10,0.16,3.5,65,0.655,0.0576,0.576,0,0,0,-1
466,10,0.16,3.5,66,0.665,0.0576,0.576,0,0,0,-1
467,10,0.16,3.5,67,0.675,0.0576,0.576,0,0,0,-1
468,10,0.16,3.5,68,0.685,0.0576,0.576,0,0,0,-1
469,10,0.16,3.5,69,0.695,0.0576,0.576,0,0,0,-1
470,10,0.16,3.5,70,0.705,0.0576,0.576,0,0,0,-1
471,10,0.16,3.5,71,0.715,0.0576,0.576,1,1,1,-1
472,10,0.16,3.5,72,0.725,0.0576,0.576,1,1,1,-1
473,10,0.16,3.5,73,0.735,0.0576,0.576,1,1,1,-1
474,10,0.16,3.5,74,0.745,0.0576,0.576,1,1,1,-1
475,10,0.16,3.5,75,0.755,0.0576,0.576,1,1,1,-1
476,10,0.16,3.5,76,0.765,0.0576,0.576,1,1,1,-1
477,10,0.16,3.5,77,0.775,0.0576,0.576,1,1,1,-1
478,10,0.16,3.5,78,0.785,0.0576,0.576,1,1,1,-1
479,10,0.16,3.5,79,0.795,0.0576,0.576,1,1,1,-1
480,10,0.16,3.5,80,0.805,0.0576,0.576,1,1,1,-1
481,10,0.16,3.5,81,0.815,0.0576,0.576,1,1,1,-1
482,10,0.16,3.5,82,0.825,0.0576,0.576,1,1,1,-1
483,10,0.16,3.5,83,0.835,0.0576,0.576,1,1,1,-1
484,10,0.16,3.5,84,0.845,0.0576,0.576,1,1,1,-1
485,10,0.16,3.5,85,0.855,0.0576,0.576,1,1,1,-1
486,10,0.16,3.5,86,0.865,0.0576,0.576,1,1,1,-1
487,10,0.16,3.5,87,0.875,0.0576,0.576,1,1,1,-1
488,10,0.16,3.5,88,0.885,0.0576,0.576,1,1,1,-1
489,10,0.16,3.5,89,0.895,0.0576,0.576,1,1,1,-1
490,10,0.16,3.5,90,0.905,0.0576,0.576,1,1,1,-1
491,10,0.16,3.5,91,0.915,0.0576,0.576,1,1,1,-1
492,10,0.16,3.5,92,0.925,0.0576,0.576,1,1,1,-1
493,10,0.16,3.5,93,0.935,0.0576,0.576,1,1,1,-1
494,10,0.16,3.5,94,0.945,0.0576,0.576,1,1,1,-1
495,10,0.16,3.5,95,0.955,0.0576,0.576,1,1,1,-1
496,10,0.16,3.5,96,0.965,0.0576,0.576,1,1,1,-1
497,10,0.16,3.5,97,0.975,0.0576,0.576,1,1,1,-1
498,10,0.16,3.5,98,0.985,0.0576,0.576,1,1,1,-1
499,10,0.16,3.5,99,0.995,0.0576,0.576,1,1,1,-1
500,10,0.16,4.2,0,0.005,0.08,0.8,1,1,1,-1
501,10,0.16,4.2,1,0.015,0.08,0.8,1,1,1,-1
502,10,0.16,4.2,2,0.025,0.08,0.8,1,1,1,-1
503,10,0.16,4.2,3,0.035,0.08,0.8,1,1,1,-1
504,10,0.16,4.2,4,0.045,0.08,0.8,1,1,1,-1
505,10,0.16,4.2,5,0.055,0.08,0.8,1,1,1,-1
506,10,0.16,4.2,6,0.065,0.08,0.8,1,1,1,-1
507,10,0.16,4.2,7,0.075,0.08,0.8,1,1,1,-1
508,10,0.16,4.2,8,0.085,0.08,0.8,1,1,1,-1
509,10,0.16,4.2,9,0.095,0.08,0.8,1,1,1,-1
510,10,0.16,4.2,10,0.105,0.08,0.8,1,1,1,-1
511,10,0.16,4.2,11,0.115,0.08,0.8,1,1,1,-1
512,10,0.16,4.2,12,0.125,0.08,0.8,1,1,1,-1
513,10,0.16,4.2,13,0.135,0.08,0.8,1,1,1,-1
514,10,0.16,4.2,14,0.145,0.08,0.8,1,1,1,-1
515,10,0.16,4.2,15,0.155,0.08,0.8,1,1,1,-1
516,10,0.16,4.2,16,0.165,0.08,0.8,1,1,1,-1
517,10,0.16,4.2,17,0.175,0.08,0.8,1,1,1,-1
518,10,0.16,4.2,18,0.185,0.08,0.8,1,1,1,-1
519,10,0.16,4.2,19,0.195,0.08,0.8,1,1,1,-1
520,10,0.16,4.2,20,0.205,0.08,0.8,1,1,1,-1
521,10,0.16,4.2,21,0.215,0.08,0.8,1,1,1,-1
522,10,0.16,4.2,22,0.225,0.08,0.8,1,1,1,-1
523,10,0.16,4.2,23,0.235,0.08,0.8,1,1,1,-1
524,10,0.16,4.2,24,0.245,0.08,0.8,1,1,1,-1
525,10,0.16,4.2,25,0.255,0.08,0.8,1,1,1,-1
526,10,0.16,4.2,26,0.265,0.08,0.8,1,1,1,-1
527,10,0.16,4.2,27,0.275,0.08,0.8,1,1,1,-1
528,10,0.16,4.2,28,0.285,0.08,0.8,1,1,1,-1
529,10,0.16,4.2,29,0.295,0.08,0.8,1,1,1,-1
530,10,0.16,4.2,30,0.305,0.08,0.8,1,1,1,-1
531,10,0.16,4.2,31,0.315,0.08,0.8,1,1,1,-1
532,10,0.16,4.2,32,0.325,0.08,0.8,1,1,1,-1
533,10,0.16,4.2,33,0.335,0.08,0.8,1,1,1,-1
534,10,0.16,4.2,34,0.345,0.08,0.8,1,1,1,-1
535,10,0.16,4.2,35,0.355,0.08,0.8,1,1,1,-1
536,10,0.16,4.2,36,0.365,0.08,0.8,1,1,1,-1
537,10,0.16,4.2,37,0.375,0.08,0.8,1,1,1,-1
538,10,0.16,4.2,38,0.385,0.08,0.8,1,1,1,-1
539,10,0.16,4.2,39,0.395,0.08,0.8,1,1,1,-1
540,10,0.16,4.2,40,0.405,0.08,0.8,0,0,0,-1
541,10,0.16,4.2,41,0.415,0.08,0.8,0,0,0,-1
542,10,0.16,4.2,42,0.425,0.08,0.8,0,0,0,-1
543,10,0.16,4.2,43,0.435,0.08,0.8,0,0,0,-1
544,10,0.16,4.2,44,0.445,0.08,0.8,0,0,0,-1
545,10,0.16,4.2,45,0.455,0.08,0.8,0,0,0,-1
546,10,0.16,4.2,46,0.465,0.08,0.8,0,0,0,-1
547,10,0.16,4.2,47,0.475,0.08,0.8,0,0,0,-1
548,10,0.16,4.2,48,0.485,0.08,0.8,0,0,0,-1
549,10,0.16,4.2,49,0.495,0.08,0.8,0,0,0,-1
550,10,0.16,4.2,50,0.505,0.08,0.8,0,0,0,-1
551,10,0.16,4.2,51,0.515,0.08,0.8,0,0,0,-1
552,10,0.16,4.2,52,0.525,0.08,0.8,0,0,0,-1
553,10,0.16,4.2,53,0.535,0.08,0.8,0,0,0,-1
554,10,0.16,4.2,54,0.545,0.08,0.8,0,0,0,-1
555,10,0.16,4.2,55,0.555,0.08,0.8,0,0,0,-1
556,10,0.16,4.2,56,0.565,0.08,0.8,0,0,0,-1
557,10,0.16,4.2,57,0.575,0.08,0.8,0,0,0,-1
558,10,0.16,4.2,58,0.585,0.08,0.8,0,0,0,-1
559,10,0.16,4.2,59,0.595,0.08,0.8,0,0,0,-1
560,10,0.16,4.2,60,0.605,0.08,0.8,1,1,1,-1
561,10,0.16,4.2,61,0.615,0.08,0.8,1,1,1,-1
562,10,0.16,4.2,62,0.625,0.08,0.8,1,1,1,-1
563,10,0.16,4.2,63,0.635,0.08,0.8,1,1,1,-1
564,10,0.16,4.2,64,0.645,0.08,0.8,1,1,1,-1
565,10,0.16,4.2,65,0.655,0.08,0.8,1,1,1,-1
566,10,0.16,4.2,66,0.665,0.08,0.8,1,1,1,-1
567,10,0.16,4.2,67,0.675,0.08,0.8,1,1,1,-1
568,10,0.16,4.2,68,0.685,0.08,0.8,1,1,1,-1
569,10,0.16,4.2,69,0.695,0.08,0.8,1,1,1,-1
570,10,0.16,4.2,70,0.705,0.08,0.8,1,1,1,-1
571,10,0.16,4.2,71,0.715,0.08,0.8,1,1,1,-1
572,10,0.16,4.2,72,0.725,0.08,0.8,1,1,1,-1
573,10,0.16,4.2,73,0.735,0.08,0.8,1,1,1,-1
574,10,0.16,4.2,74,0.745,0.08,0.8,1,1,1,-1
575,10,0.16,4.2,75,0.755,0.08,0.8,1,1,1,-1
576,10,0.16,4.2,76,0.765,0.08,0.8,1,1,1,-1
577,10,0.16,4.2,77,0.775,0.08,0.8,1,1,1,-1
578,10,0.16,4.2,78,0.785,0.08,0.8,1,1,1,-1
579,10,0.16,4.2,79,0.795,0.08,0.8,1,1,1,-1
580,10,0.16,4.2,80,0.805,0.08,0.8,1,1,1,-1
581,10,0.16,4.2,81,0.815,0.08,0.8,1,1,1,-1
582,10,0.16,4.2,82,0.825,0.08,0.8,1,1,1,-1
583,10,0.16,4.2,83,0.835,0.08,0.8,1,1,1,-1
584,10,0.16,4.2,84,0.845,0.08,0.8,1,1,1,-1
585,10,0.16,4.2,85,0.855,0.08,0.8,1,1,1,-1
586,10,0.16,4.2,86,0.865,0.08,0.8,1,1,1,-1
587,10,0.16,4.2,87,0.875,0.08,0.8,1,1,1,-1
588,10,0.16,4.2,88,0.885,0.08,0.8,1,1,1,-1
589,10,0.16,4.2,89,0.895,0.08,0.8,1,1,1,-1
590,10,0.16,4.2,90,0.905,0.08,0.8,1,1,1,-1
591,10,0.16,4.2,91,0.915,0.08,0.8,1,1,1,-1
592,10,0.16,4.2,92,0.925,0.08,0.8,1,1,1,-1
593,10,0.16,4.2,93,0.935,0.08,0.8,1,1,1,-1
594,10,0.16,4.2,94,0.945,0.08,0.8,1,1,1,-1
595,10,0.16,4.2,95,0.955,0.08,0.8,1,1,1,-1
596,10,0.16,4.2,96,0.965,0.08,0.8,1,1,1,-1
597,10,0.16,4.2,97,0.975,0.08,0.8,1,1,1,-1
598,10,0.16,4.2,98,0.985,0.08,0.8,1,1,1,-1
599,10,0.16,4.2,99,0.995,0.08,0.8,1,1,1,-1
600,10,0.24,2.8,0,0.005,0.02666666666666663,0.2666666666666663,1,1,1,-1
601,10,0.24,2.8,1,0.015,0.02666666666666663,0.2666666666666663,1,1,1,-1
602,10,0.24,2.8,2,0.025,0.02666666666666663,0.2666666666666663,1,1,1,-1
603,10,0.24,2.8,3,0.035,0.02666666666666663,0.2666666666666663,1,1,1,-1
604,10,0.24,2.8,4,0.045,0.02666666666666663,0.2666666666666663,1,1,1,-1
605,10,0.24,2.8,5,0.055,0.02666666666666663,0.2666666666666663,1,1,1,-1
606,10,0.24,2.8,6,0.065,0.02666666666666663,0.2666666666666663,1,1,1,-1
607,10,0.24,2.8,7,0.075,0.02666666666666663,0.2666666666666663,1,1,1,-1
608,10,0.24,2.8,8,0.085,0.02666666666666663,0.2666666666666663,1,1,1,-1
609,10,0.24,2.8,9,0.095,0.02666666666666663,0.2666666666666663,1,1,1,-1
610,10,0.24,2.8,10,0.105,0.02666666666666663,0.2666666666666663,1,1,1,-1
611,10,0.24,2.8,11,0.115,0.02666666666666663,0.2666666666666663,1,1,1,-1
612,10,0.24,2.8,12,0.125,0.02666666666666663,0.2666666666666663,1,1,1,-1
613,10,0.24,2.8,13,0.135,0.02666666666666663,0.2666666666666663,0,0,0,-1
614,10,0.24,2.8,14,0.145,0.02666666666666663,0.2666666666666663,0,0,0,-1
615,10,0.24,2.8,15,0.155,0.02666666666666663,0.2666666666666663,0,0,0,-1
616,10,0.24,2.8,16,0.165,0.02666666666666663,0.2666666666666663,0,0,0,-1
617,10,0.24,2.8,17,0.175,0.02666666666666663,0.2666666666666663,0,0,0,-1
618,10,0.24,2.8,18,0.185,0.02666666666666663,0.2666666666666663,0,0,0,-1
619,10,0.24,2.8,19,0.195,0.02666666666666663,0.2666666666666663,0,0,0,-1
620,10,0.24,2.8,20,0.205,0.02666666666666663,0.2666666666666663,0,0,0,-1
621,10,0.24,2.8,21,0.215,0.02666666666666663,0.2666666666666663,0,0,0,-1
622,10,0.24,2.8,22,0.225,0.02666666666666663,0.2666666666666663,0,0,0,-1
623,10,0.24,2.8,23,0.235,0.02666666666666663,0.2666666666666663,0,0,0,-1
624,10,0.24,2.8,24,0.245,0.02666666666666663,0.2666666666666663,0,0,0,-1
625,10,0.24,2.8,25,0.255,0.02666666666666663,0.2666666666666663,0,0,0,-1
626,10,0.24,2.8,26,0.265,0.02666666666666663,0.2666666666666663,0,0,0,-1
627,10,0.24,2.8,27,0.275,0.02666666666666663,0.2666666666666663,0,0,0,-1
628,10,0.24,2.8,28,0.285,0.02666666666666663,0.2666666666666663,0,0,0,-1
629,10,0.24,2.8,29,0.295,0.02666666666666663,0.2666666666666663,0,0,0,-1
630,10,0.24,2.8,30,0.305,0.02666666666666663,0.2666666666666663,0,0,0,-1
631,10,0.24,2.8,31,0.315,0.02666666666666663,0.2666666666666663,0,0,0,-1
632,10,0.24,2.8,32,0.325,0.02666666666666663,0.2666666666666663,0,0,0,-1
633,10,0.24,2.8,33,0.335,0.02666666666666663,0.2666666666666663,0,0,0,-1
634,10,0.24,2.8,34,0.345,0.02666666666666663,0.2666666666666663,0,0,0,-1
635,10,0.24,2.8,35,0.355,0.02666666666666663,0.2666666666666663,0,0,0,-1
636,10,0.24,2.8,36,0.365,0.02666666666666663,0.2666666666666663,0,0,0,-1
637,10,0.24,2.8,37,0.375,0.02666666666666663,0.2666666666666663,0,0,0,-1
638,10,0.24,2.8,38,0.385,0.02666666666666663,0.2666666666666663,0,0,0,-1
639,10,0.24,2.8,39,0.395,0.02666666666666663,0.2666666666666663,0,0,0,-1
640,10,0.24,2.8,40,0.405,0.02666666666666663,0.2666666666666663,0,0,0,-1
641,10,0.24,2.8,41,0.415,0.02666666666666663,0.2666666666666663,0,0,0,-1
642,10,0.24,2.8,42,0.425,0.02666666666666663,0.2666666666666663,0,0,0,-1
643,10,0.24,2.8,43,0.435,0.02666666666666663,0.2666666666666663,0,0,0,-1
644,10,0.24,2.8,44,0.445,0.02666666666666663,0.2666666666666663,0,0,0,-1
645,10,0.24,2.8,45,0.455,0.02666666666666663,0.2666666666666663,0,0,0,-1
646,10,0.24,2.8,46,0.465,0.02666666666666663,0.2666666666666663,0,0,0,-1
647,10,0.24,2.8,47,0.475,0.02666666666666663,0.2666666666666663,0,0,0,-1
648,10,0.24,2.8,48,0.485,0.02666666666666663,0.2666666666666663,0,0,0,-1
649,10,0.24,2.8,49,0.495,0.02666666666666663,0.2666666666666663,0,0,0,-1
650,10,0.24,2.8,50,0.505,0.02666666666666663,0.2666666666666663,0,0,0,-1
651,10,0.24,2.8,51,0.515,0.02666666666666663,0.2666666666666663,0,0,0,-1
652,10,0.24,2.8,52,0.525,0.02666666666666663,0.2666666666666663,0,0,0,-1
653,10,0.24,2.8,53,0.535,0.02666666666666663,0.2666666666666663,0,0,0,-1
654,10,0.24,2.8,54,0.545,0.02666666666666663,0.2666666666666663,0,0,0,-1
655,10,0.24,2.8,55,0.555,0.02666666666666663,0.2666666666666663,0,0,0,-1
656,10,0.24,2.8,56,0.565,0.02666666666666663,0.2666666666666663,0,0,0,-1
657,10,0.24,2.8,57,0.575,0.02666666666666663,0.2666666666666663,0,0,0,-1
658,10,0.24,2.8,58,0.585,0.02666666666666663,0.2666666666666663,0,0,0,-1
659,10,0.24,2.8,59,0.595,0.02666666666666663,0.2666666666666663,0,0,0,-1
660,10,0.24,2.8,60,0.605,0.02666666666666663,0.2666666666666663,0,0,0,-1
661,10,0.24,2.8,61,0.615,0.02666666666666663,0.2666666666666663,0,0,0,-1
662,10,0.24,2.8,62,0.625,0.02666666666666663,0.2666666666666663,0,0,0,-1
663,10,0.24,2.8,63,0.635,0.02666666666666663,0.2666666666666663,0,0,0,-1
664,10,0.24,2.8,64,0.645,0.02666666666666663,0.2666666666666663,0,0,0,-1
665,10,0.24,2.8,65,0.655,0.02666666666666663,0.2666666666666663,0,0,0,-1
666,10,0.24,2.8,66,0.665,0.02666666666666663,0.2666666666666663,0,0,0,-1
667,10,0.24,2.8,67,0.675,0.02666666666666663,0.2666666666666663,0,0,0,-1
668,10,0.24,2.8,68,0.685,0.02666666666666663,0.2666666666666663,0,0,0,-1
669,10,0.24,2.8,69,0.695,0.02666666666666663,0.2666666666666663,0,0,0,-1
670,10,0.24,2.8,70,0.705,0.02666666666666663,0.2666666666666663,0,0,0,-1
671,10,0.24,2.8,71,0.715,0.02666666666666663,0.2666666666666663,0,0,0,-1
672,10,0.24,2.8,72,0.725,0.02666666666666663,0.2666666666666663,0,0,0,-1
673,10,0.24,2.8,73,0.735,0.02666666666666663,0.2666666666666663,0,0,0,-1
674,10,0.24,2.8,74,0.745,0.02666666666666663,0.2666666666666663,0,0,0,-1
675,10,0.24,2.8,75,0.755,0.02666666666666663,0.2666666666666663,0,0,0,-1
676,10,0.24,2.8,76,0.765,0.02666666666666663,0.2666666666666663,0,0,0,-1
677,10,0.24,2.8,77,0.775,0.02666666666666663,0.2666666666666663,0,0,0,-1
678,10,0.24,2.8,78,0.785,0.02666666666666663,0.2666666666666663,0,0,0,-1
679,10,0.24,2.8,79,0.795,0.02666666666666663,0.2666666666666663,0,0,0,-1
680,10,0.24,2.8,80,0.805,0.02666666666666663,0.2666666666666663,0,0,0,-1
681,10,0.24,2.8,81,0.815,0.02666666666666663,0.2666666666666663,0,0,0,-1
682,10,0.24,2.8,82,0.825,0.02666666666666663,0.2666666666666663,0,0,0,-1
683,10,0.24,2.8,83,0.835,0.02666666666666663,0.2666666666666663,0,0,0,-1
684,10,0.24,2.8,84,0.845,0.02666666666666663,0.2666666666666663,0,0,0,-1
685,10,0.24,2.8,85,0.855,0.02666666666666663,0.2666666666666663,0,0,0,-1
686,10,0.24,2.8,86,0.865,0.02666666666666663,0.2666666666666663,0,0,0,-1
687,10,0.24,2.8,87,0.875,0.02666666666666663,0.2666666666666663,1,1,1,-1
688,10,0.24,2.8,88,0.885,0.02666666666666663,0.2666666666666663,1,1,1,-1
689,10,0.24,2.8,89,0.895,0.02666666666666663,0.2666666666666663,1,1,1,-1
690,10,0.24,2.8,90,0.905,0.02666666666666663,0.2666666666666663,1,1,1,-1
691,10,0.24,2.8,91,0.915,0.02666666666666663,0.2666666666666663,1,1,1,-1
692,10,0.24,2.8,92,0.925,0.02666666666666663,0.2666666666666663,1,1,1,-1
693,10,0.24,2.8,93,0.935,0.02666666666666663,0.2666666666666663,1,1,1,-1
694,10,0.24,2.8,94,0.945,0.02666666666666663,0.2666666666666663,1,1,1,-1
695,10,0.24,2.8,95,0.955,0.02666666666666663,0.2666666666666663,1,1,1,-1
696,10,0.24,2.8,96,0.965,0.02666666666666663,0.2666666666666663,1,1,1,-1
697,10,0.24,2.8,97,0.975,0.02666666666666663,0.2666666666666663,1,1,1,-1
698,10,0.24,2.8,98,0.985,0.02666666666666663,0.2666666666666663,1,1,1,-1
699,10,0.24,2.8,99,0.995,0.02666666666666663,0.2666666666666663,1,1,1,-1
700,10,0.24,3.5,0,0.005,0.08639999999999999,0.8639999999999999,1,1,1,-1
701,10,0.24,3.5,1,0.015,0.08639999999999999,0.8639999999999999,1,1,1,-1
702,10,0.24,3.5,2,0.025,0.08639999999999999,0.8639999999999999,1,1,1,-1
703,10,0.24,3.5,3,0.035,0.08639999999999999,0.8639999999999999,1,1,1,-1
704,10,0.24,3.5,4,0.045,0.08639999999999999,0.8639999999999999,1,1,1,-1
705,10,0.24,3.5,5,0.055,0.08639999999999999,0.8639999999999999,1,1,1,-1
706,10,0.24,3.5,6,0.065,0.08639999999999999,0.8639999999999999,1,1,1,-1
707,10,0.24,3.5,7,0.075,0.08639999999999999,0.8639999999999999,1,1,1,-1
708,10,0.24,3.5,8,0.085,0.08639999999999999,0.8639999999999999,1,1,1,-1
709,10,0.24,3.5,9,0.095,0.08639999999999999,0.8639999999999999,1,1,1,-1
710,10,0.24,3.5,10,0.105,0.08639999999999999,0.8639999999999999,1,1,1,-1
711,10,0.24,3.5,11,0.115,0.08639999999999999,0.8639999999999999,1,1,1,-1
712,10,0.24,3.5,12,0.125,0.08639999999999999,0.8639999999999999,1,1,1,-1
713,10,0.24,3.5,13,0.135,0.08639999999999999,0.8639999999999999,1,1,1,-1
714,10,0.24,3.5,14,0.145,0.08639999999999999,0.8639999999999999,1,1,1,-1
715,10,0.24,3.5,15,0.155,0.08639999999999999,0.8639999999999999,1,1,1,-1
716,10,0.24,3.5,16,0.165,0.08639999999999999,0.8639999999999999,1,1,1,-1
717,10,0.24,3.5,17,0.175,0.08639999999999999,0.8639999999999999,1,1,1,-1
718,10,0.24,3.5,18,0.185,0.08639999999999999,0.8639999999999999,1,1,1,-1
719,10,0.24,3.5,19,0.195,0.08639999999999999,0.8639999999999999,1,1,1,-1
720,10,0.24,3.5,20,0.205,0.08639999999999999,0.8639999999999999,1,1,1,-1
721,10,0.24,3.5,21,0.215,0.08639999999999999,0.8639999999999999,1,1,1,-1
722,10,0.24,3.5,22,0.225,0.08639999999999999,0.8639999999999999,1,1,1,-1
723,10,0.24,3.5,23,0.235,0.08639999999999999,0.8639999999999999,1,1,1,-1
724,10,0.24,3.5,24,0.245,0.08639999999999999,0.8639999999999999,1,1,1,-1
725,10,0.24,3.5,25,0.255,0.08639999999999999,0.8639999999999999,1,1,1,-1
726,10,0.24,3.5,26,0.265,0.08639999999999999,0.8639999999999999,1,1,1,-1
727,10,0.24,3.5,27,0.275,0.08639999999999999,0.8639999999999999,1,1,1,-1
728,10,0.24,3.5,28,0.285,0.08639999999999999,0.8639999999999999,1,1,1,-1
729,10,0.24,3.5,29,0.295,0.08639999999999999,0.8639999999999999,1,1,1,-1
730,10,0.24,3.5,30,0.305,0.08639999999999999,0.8639999999999999,1,1,1,-1
731,10,0.24,3.5,31,0.315,0.08639999999999999,0.8639999999999999,1,1,1,-1
732,10,0.24,3.5,32,0.325,0.08639999999999999,0.8639999999999999,1,1,1,-1
733,10,0.24,3.5,33,0.335,0.08639999999999999,0.8639999999999999,1,1,1,-1
734,10,0.24,3.5,34,0.345,0.08639999999999999,0.8639999999999999,1,1,1,-1
735,10,0.24,3.5,35,0.355,0.08639999999999999,0.8639999999999999,1,1,1,-1
736,10,0.24,3.5,36,0.365,0.08639999999999999,0.8639999999999999,1,1,1,-1
737,10,0.24,3.5,37,0.375,0.08639999999999999,0.8639999999999999,1,1,1,-1
738,10,0.24,3.5,38,0.385,0.08639999999999999,0.8639999999999999,1,1,1,-1
739,10,0.24,3.5,39,0.395,0.08639999999999999,0.8639999999999999,1,1,1,-1
740,10,0.24,3.5,40,0.405,0.08639999999999999,0.8639999999999999,1,1,1,-1
741,10,0.24,3.5,41,0.415,0.08639999999999999,0.8639999999999999,1,1,1,-1
742,10,0.24,3.5,42,0.425,0.08639999999999999,0.8639999999999999,1,1,1,-1
743,10,0.24,3.5,43,0.435,0.08639999999999999,0.8639999999999999,0,0,0,-1
744,10,0.24,3.5,44,0.445,0.08639999999999999,0.8639999999999999,0,0,0,-1
745,10,0.24,3.5,45,0.455,0.08639999999999999,0.8639999999999999,0,0,0,-1
746,10,0.24,3.5,46,0.465,0.08639999999999999,0.8639999999999999,0,0,0,-1
747,10,0.24,3.5,47,0.475,0.08639999999999999,0.8639999999999999,0,0,0,-1
748,10,0.24,3.5,48,0.485,0.08639999999999999,0.8639999999999999,0,0,0,-1
749,10,0.24,3.5,49,0.495,0.08639999999999999,0.8639999999999999,0,0,0,-1
750,10,0.24,3.5,50,0.505,0.08639999999999999,0.8639999999999999,0,0,0,-1
751,10,0.24,3.5,51,0.515,0.08639999999999999,0.8639999999999999,0,0,0,-1
752,10,0.24,3.5,52,0.525,0.08639999999999999,0.8639999999999999,0,0,0,-1
753,10,0.24,3.5,53,0.535,0.08639999999999999,0.8639999999999999,0,0,0,-1
754,10,0.24,3.5,54,0.545,0.08639999999999999,0.8639999999999999,0,0,0,-1
755,10,0.24,3.5,55,0.555,0.08639999999999999,0.8639999999999999,0,0,0,-1
756,10,0.24,3.5,56,0.565,0.08639999999999999,0.8639999999999999,0,0,0,-1
757,10,0.24,3.5,57,0.575,0.08639999999999999,0.8639999999999999,1,1,1,-1
758,10,0.24,3.5,58,0.585,0.08639999999999999,0.8639999999999999,1,1,1,-1
759,10,0.24,3.5,59,0.595,0.08639999999999999,0.8639999999999999,1,1,1,-1
760,10,0.24,3.5,60,0.605,0.08639999999999999,0.8639999999999999,1,1,1,-1
761,10,0.24,3.5,61,0.615,0.08639999999999999,0.8639999999999999,1,1,1,-1
762,10,0.24,3.5,62,0.625,0.08639999999999999,0.8639999999999999,1,1,1,-1
763,10,0.24,3.5,63,0.635,0.08639999999999999,0.8639999999999999,1,1,1,-1
764,10,0.24,3.5,64,0.645,0.08639999999999999,0.8639999999999999,1,1,1,-1
765,10,0.24,3.5,65,0.655,0.08639999999999999,0.8639999999999999,1,1,1,-1
766,10,0.24,3.5,66,0.665,0.08639999999999999,0.8639999999999999,1,1,1,-1
767,10,0.24,3.5,67,0.675,0.08639999999999999,0.8639999999999999,1,1,1,-1
768,10,0.24,3.5,68,0.685,0.08639999999999999,0.8639999999999999,1,1,1,-1
769,10,0.24,3.5,69,0.695,0.08639999999999999,0.8639999999999999,1,1,1,-1
770,10,0.24,3.5,70,0.705,0.08639999999999999,0.8639999999999999,1,1,1,-1
771,10,0.24,3.5,71,0.715,0.08639999999999999,0.8639999999999999,1,1,1,-1
772,10,0.24,3.5,72,0.725,0.08639999999999999,0.8639999999999999,1,1,1,-1
773,10,0.24,3.5,73,0.735,0.08639999999999999,0.8639999999999999,1,1,1,-1
774,10,0.24,3.5,74,0.745,0.08639999999999999,0.8639999999999999,1,1,1,-1
775,10,0.24,3.5,75,0.755,0.08639999999999999,0.8639999999999999,1,1,1,-1
776,10,0.24,3.5,76,0.765,0.08639999999999999,0.8639999999999999,1,1,1,-1
777,10,0.24,3.5,77,0.775,0.08639999999999999,0.8639999999999999,1,1,1,-1
778,10,0.24,3.5,78,0.785,0.08639999999999999,0.8639999999999999,1,1,1,-1
779,10,0.24,3.5,79,0.795,0.08639999999999999,0.8639999999999999,1,1,1,-1
780,10,0.24,3.5,80,0.805,0.08639999999999999,0.8639999999999999,1,1,1,-1
781,10,0.24,3.5,81,0.815,0.08639999999999999,0.8639999999999999,1,1,1,-1
782,10,0.24,3.5,82,0.825,0.08639999999999999,0.8639999999999999,1,1,1,-1
783,10,0.24,3.5,83,0.835,0.08639999999999999,0.8639999999999999,1,1,1,-1
784,10,0.24,3.5,84,0.845,0.08639999999999999,0.8639999999999999,1,1,1,-1
785,10,0.24,3.5,85,0.855,0.08639999999999999,0.8639999999999999,1,1,1,-1
786,10,0.24,3.5,86,0.865,0.08639999999999999,0.8639999999999999,1,1,1,-1
787,10,0.24,3.5,87,0.875,0.08639999999999999,0.8639999999999999,1,1,1,-1
788,10,0.24,3.5,88,0.885,0.08639999999999999,0.8639999999999999,1,1,1,-1
789,10,0.24,3.5,89,0.895,0.08639999999999999,0.8639999999999999,1,1,1,-1
790,10,0.24,3.5,90,0.905,0.08639999999999999,0.8639999999999999,1,1,1,-1
791,10,0.24,3.5,91,0.915,0.08639999999999999,0.8639999999999999,1,1,1,-1
792,10,0.24,3.5,92,0.925,0.08639999999999999,0.8639999999999999,1,1,1,-1
793,10,0.24,3.5,93,0.935,0.08639999999999999,0.8639999999999999,1,1,1,-1
794,10,0.24,3.5,94,0.945,0.08639999999999999,0.8639999999999999,1,1,1,-1
795,10,0.24,3.5,95,0.955,0.08639999999999999,0.8639999999999999,1,1,1,-1
796,10,0.24,3.5,96,0.965,0.08639999999999999,0.8639999999999999,1,1,1,-1
797,10,0.24,3.5,97,0.975,0.08639999999999999,0.8639999999999999,1,1,1,-1
798,10,0.24,3.5,98,0.985,0.08639999999999999,0.8639999999999999,1,1,1,-1
799,10,0.24,3.5,99,0.995,0.08639999999999999,0.8639999999999999,1,1,1,-1
800,10,0.24,4.2,0,0.005,0.12,1,1,1,1,-1
801,10,0.24,4.2,1,0.015,0.12,1,1,1,1,-1
802,10,0.24,4.2,2,0.025,0.12,1,1,1,1,-1
803,10,0.24,4.2,3,0.035,0.12,1,1,1,1,-1
804,10,0.24,4.2,4,0.045,0.12,1,1,1,1,-1
805,10,0.24,4.2,5,0.055,0.12,1,1,1,1,-1
806,10,0.24,4.2,6,0.065,0.12,1,1,1,1,-1
807,10,0.24,4.2,7,0.075,0.12,1,1,1,1,-1
808,10,0.24,4.2,8,0.085,0.12,1,1,1,1,-1
809,10,0.24,4.2,9,0.095,0.12,1,1,1,1,-1
810,10,0.24,4.2,10,0.105,0.12,1,1,1,1,-1
811,10,0.24,4.2,11,0.115,0.12,1,1,1,1,-1
812,10,0.24,4.2,12,0.125,0.12,1,1,1,1,-1
813,10,0.24,4.2,13,0.135,0.12,1,1,1,1,-1
814,10,0.24,4.2,14,0.145,0.12,1,1,1,1,-1
815,10,0.24,4.2,15,0.155,0.12,1,1,1,1,-1
816,10,0.24,4.2,16,0.165,0.12,1,1,1,1,-1
817,10,0.24,4.2,17,0.175,0.12,1,1,1,1,-1
818,10,0.24,4.2,18,0.185,0.12,1,1,1,1,-1
819,10,0.24,4.2,19,0.195,0.12,1,1,1,1,-1
820,10,0.24,4.2,20,0.205,0.12,1,1,1,1,-1
821,10,0.24,4.2,21,0.215,0.12,1,1,1,1,-1
822,10,0.24,4.2,22,0.225,0.12,1,1,1,1,-1
823,10,0.24,4.2,23,0.235,0.12,1,1,1,1,-1
824,10,0.24,4.2,24,0.245,0.12,1,1,1,1,-1
825,10,0.24,4.2,25,0.255,0.12,1,1,1,1,-1
826,10,0.24,4.2,26,0.265,0.12,1,1,1,1,-1
827,10,0.24,4.2,27,0.275,0.12,1,1,1,1,-1
828,10,0.24,4.2,28,0.285,0.12,1,1,1,1,-1
829,10,0.24,4.2,29,0.295,0.12,1,1,1,1,-1
830,10,0.24,4.2,30,0.305,0.12,1,1,1,1,-1
831,10,0.24,4.2,31,0.315,0.12,1,1,1,1,-1
832,10,0.24,4.2,32,0.325,0.12,1,1,1,1,-1
833,10,0.24,4.2,33,0.335,0.12,1,1,1,1,-1
834,10,0.24,4.2,34,0.345,0.12,1,1,1,1,-1
835,10,0.24,4.2,35,0.355,0.12,1,1,1,1,-1
836,10,0.24,4.2,36,0.365,0.12,1,1,1,1,-1
837,10,0.24,4.2,37,0.375,0.12,1,1,1,1,-1
838,10,0.24,4.2,38,0.385,0.12,1,1,1,1,-1
839,10,0.24,4.2,39,0.395,0.12,1,1,1,1,-1
840,10,0.24,4.2,40,0.405,0.12,1,1,1,1,-1
841,10,0.24,4.2,41,0.415,0.12,1,1,1,1,-1
842,10,0.24,4.2,42,0.425,0.12,1,1,1,1,-1
843,10,0.24,4.2,43,0.435,0.12,1,1,1,1,-1
844,10,0.24,4.2,44,0.445,0.12,1,1,1,1,-1
845,10,0.24,4.2,45,0.455,0.12,1,1,1,1,-1
846,10,0.24,4.2,46,0.465,0.12,1,1,1,1,-1
847,10,0.24,4.2,47,0.475,0.12,1,1,1,1,-1
848,10,0.24,4.2,48,0.485,0.12,1,1,1,1,-1
849,10,0.24,4.2,49,0.495,0.12,1,1,1,1,-1
850,10,0.24,4.2,50,0.505,0.12,1,1,1,1,-1
851,10,0.24,4.2,51,0.515,0.12,1,1,1,1,-1
852,10,0.24,4.2,52,0.525,0.12,1,1,1,1,-1
853,10,0.24,4.2,53,0.535,0.12,1,1,1,1,-1
854,10,0.24,4.2,54,0.545,0.12,1,1,1,1,-1
855,10,0.24,4.2,55,0.555,0.12,1,1,1,1,-1
856,10,0.24,4.2,56,0.565,0.12,1,1,1,1,-1
857,10,0.24,4.2,57,0.575,0.12,1,1,1,1,-1
858,10,0.24,4.2,58,0.585,0.12,1,1,1,1,-1
859,10,0.24,4.2,59,0.595,0.12,1,1,1,1,-1
860,10,0.24,4.2,60,0.605,0.12,1,1,1,1,-1
861,10,0.24,4.2,61,0.615,0.12,1,1,1,1,-1
862,10,0.24,4.2,62,0.625,0.12,1,1,1,1,-1
863,10,0.24,4.2,63,0.635,0.12,1,1,1,1,-1
864,10,0.24,4.2,64,0.645,0.12,1,1,1,1,-1
865,10,0.24,4.2,65,0.655,0.12,1,1,1,1,-1
866,10,0.24,4.2,66,0.665,0.12,1,1,1,1,-1
867,10,0.24,4.2,67,0.675,0.12,1,1,1,1,-1
868,10,0.24,4.2,68,0.685,0.12,1,1,1,1,-1
869,10,0.24,4.2,69,0.695,0.12,1,1,1,1,-1
870,10,0.24,4.2,70,0.705,0.12,1,1,1,1,-1
871,10,0.24,4.2,71,0.715,0.12,1,1,1,1,-1
872,10,0.24,4.2,72,0.725,0.12,1,1,1,1,-1
873,10,0.24,4.2,73,0.735,0.12,1,1,1,1,-1
874,10,0.24,4.2,74,0.745,0.12,1,1,1,1,-1
875,10,0.24,4.2,75,0.755,0.12,1,1,1,1,-1
876,10,0.24,4.2,76,0.765,0.12,1,1,1,1,-1
877,10,0.24,4.2,77,0.775,0.12,1,1,1,1,-1
878,10,0.24,4.2,78,0.785,0.12,1,1,1,1,-1
879,10,0.24,4.2,79,0.795,0.12,1,1,1,1,-1
880,10,0.24,4.2,80,0.805,0.12,1,1,1,1,-1
881,10,0.24,4.2,81,0.815,0.12,1,1,1,1,-1
882,10,0.24,4.2,82,0.825,0.12,1,1,1,1,-1
883,10,0.24,4.2,83,0.835,0.12,1,1,1,1,-1
884,10,0.24,4.2,84,0.845,0.12,1,1,1,1,-1
885,10,0.24,4.2,85,0.855,0.12,1,1,1,1,-1
886,10,0.24,4.2,86,0.865,0.12,1,1,1,1,-1
887,10,0.24,4.2,87,0.875,0.12,1,1,1,1,-1
888,10,0.24,4.2,88,0.885,0.12,1,1,1,1,-1
889,10,0.24,4.2,89,0.895,0.12,1,1,1,1,-1
890,10,0.24,4.2,90,0.905,0.12,1,1,1,1,-1
891,10,0.24,4.2,91,0.915,0.12,1,1,1,1,-1
892,10,0.24,4.2,92,0.925,0.12,1,1,1,1,-1
893,10,0.24,4.2,93,0.935,0.12,1,1,1,1,-1
894,10,0.24,4.2,94,0.945,0.12,1,1,1,1,-1
895,10,0.24,4.2,95,0.955,0.12,1,1,1,1,-1
896,10,0.24,4.2,96,0.965,0.12,1,1,1,1,-1
897,10,0.24,4.2,97,0.975,0.12,1,1,1,1,-1
898,10,0.24,4.2,98,0.985,0.12,1,1,1,1,-1
899,10,0.24,4.2,99,0.995,0.12,1,1,1,1,-1
0,25,0.08,2.8,0,0.005,0.008888888888888878,0.22222222222222196,1,1,1,-1
1,25,0.08,2.8,1,0.015,0.008888888888888878,0.22222222222222196,1,1,1,-1
2,25,0.08,2.8,2,0.025,0.008888888888888878,0.22222222222222196,1,1,1,-1
3,25,0.08,2.8,3,0.035,0.008888888888888878,0.22222222222222196,1,1,1,-1
4,25,0.08,2.8,4,0.045,0.008888888888888878,0.22222222222222196,1,1,1,-1
5,25,0.08,2.8,5,0.055,0.008888888888888878,0.22222222222222196,1,1,1,-1
6,25,0.08,2.8,6,0.065,0.008888888888888878,0.22222222222222196,1,1,1,-1
7,25,0.08,2.8,7,0.075,0.008888888888888878,0.22222222222222196,1,1,1,-1
8,25,0.08,2.8,8,0.085,0.008888888888888878,0.22222222222222196,1,1,1,-1
9,25,0.08,2.8,9,0.095,0.008888888888888878,0.22222222222222196,1,1,1,-1
10,25,0.08,2.8,10,0.105,0.008888888888888878,0.22222222222222196,1,1,1,-1
11,25,0.08,2.8,11,0.115,0.008888888888888878,0.22222222222222196,0,0,0,-1
12,25,0.08,2.8,12,0.125,0.008888888888888878,0.22222222222222196,0,0,0,-1
13,25,0.08,2.8,13,0.135,0.008888888888888878,0.22222222222222196,0,0,0,-1
14,25,0.08,2.8,14,0.145,0.008888888888888878,0.22222222222222196,0,0,0,-1
15,25,0.08,2.8,15,0.155,0.008888888888888878,0.22222222222222196,0,0,0,-1
16,25,0.08,2.8,16,0.165,0.008888888888888878,0.22222222222222196,0,0,0,-1
17,25,0.08,2.8,17,0.175,0.008888888888888878,0.22222222222222196,0,0,0,-1
18,25,0.08,2.8,18,0.185,0.008888888888888878,0.22222222222222196,0,0,0,-1
19,25,0.08,2.8,19,0.195,0.008888888888888878,0.22222222222222196,0,0,0,-1
20,25,0.08,2.8,20,0.205,0.008888888888888878,0.22222222222222196,0,0,0,-1
21,25,0.08,2.8,21,0.215,0.008888888888888878,0.22222222222222196,0,0,0,-1
22,25,0.08,2.8,22,0.225,0.008888888888888878,0.22222222222222196,0,0,0,-1
23,25,0.08,2.8,23,0.235,0.008888888888888878,0.22222222222222196,0,0,0,-1
24,25,0.08,2.8,24,0.245,0.008888888888888878,0.22222222222222196,0,0,0,-1
25,25,0.08,2.8,25,0.255,0.008888888888888878,0.22222222222222196,0,0,0,-1
26,25,0.08,2.8,26,0.265,0.008888888888888878,0.22222222222222196,0,0,0,-1
27,25,0.08,2.8,27,0.275,0.008888888888888878,0.22222222222222196,0,0,0,-1
28,25,0.08,2.8,28,0.285,0.008888888888888878,0.22222222222222196,0,0,0,-1
29,25,0.08,2.8,29,0.295,0.008888888888888878,0.22222222222222196,0,0,0,-1
30,25,0.08,2.8,30,0.305,0.008888888888888878,0.22222222222222196,0,0,0,-1
31,25,0.08,2.8,31,0.315,0.008888888888888878,0.22222222222222196,0,0,0,-1
32,25,0.08,2.8,32,0.325,0.008888888888888878,0.22222222222222196,0,0,0,-1
33,25,0.08,2.8,33,0.335,0.008888888888888878,0.22222222222222196,0,0,0,-1
34,25,0.08,2.8,34,0.345,0.008888888888888878,0.22222222222222196,0,0,0,-1
35,25,0.08,2.8,35,0.355,0.008888888888888878,0.22222222222222196,0,0,0,-1
36,25,0.08,2.8,36,0.365,0.008888888888888878,0.22222222222222196,0,0,0,-1
37,25,0.08,2.8,37,0.375,0.008888888888888878,0.22222222222222196,0,0,0,-1
38,25,0.08,2.8,38,0.385,0.008888888888888878,0.22222222222222196,0,0,0,-1
39,25,0.08,2.8,39,0.395,0.008888888888888878,0.22222222222222196,0,0,0,-1
40,25,0.08,2.8,40,0.405,0.008888888888888878,0.22222222222222196,0,0,0,-1
41,25,0.08,2.8,41,0.415,0.008888888888888878,0.22222222222222196,0,0,0,-1
42,25,0.08,2.8,42,0.425,0.008888888888888878,0.22222222222222196,0,0,0,-1
43,25,0.08,2.8,43,0.435,0.008888888888888878,0.22222222222222196,0,0,0,-1
44,25,0.08,2.8,44,0.445,0.008888888888888878,0.22222222222222196,0,0,0,-1
45,25,0.08,2.8,45,0.455,0.008888888888888878,0.22222222222222196,0,0,0,-1
46,25,0.08,2.8,46,0.465,0.008888888888888878,0.22222222222222196,0,0,0,-1
47,25,0.08,2.8,47,0.475,0.008888888888888878,0.22222222222222196,0,0,0,-1
48,25,0.08,2.8,48,0.485,0.008888888888888878,0.22222222222222196,0,0,0,-1
49,25,0.08,2.8,49,0.495,0.008888888888888878,0.22222222222222196,0,0,0,-1
50,25,0.08,2.8,50,0.505,0.008888888888888878,0.22222222222222196,0,0,0,-1
51,25,0.08,2.8,51,0.515,0.008888888888888878,0.22222222222222196,0,0,0,-1
52,25,0.08,2.8,52,0.525,0.008888888888888878,0.22222222222222196,0,0,0,-1
53,25,0.08,2.8,53,0.535,0.008888888888888878,0.22222222222222196,0,0,0,-1
54,25,0.08,2.8,54,0.545,0.008888888888888878,0.22222222222222196,0,0,0,-1
55,25,0.08,2.8,55,0.555,0.008888888888888878,0.22222222222222196,0,0,0,-1
56,25,0.08,2.8,56,0.565,0.008888888888888878,0.22222222222222196,0,0,0,-1
57,25,0.08,2.8,57,0.575,0.008888888888888878,0.22222222222222196,0,0,0,-1
58,25,0.08,2.8,58,0.585,0.008888888888888878,0.22222222222222196,0,0,0,-1
59,25,0.08,2.8,59,0.595,0.008888888888888878,0.22222222222222196,0,0,0,-1
60,25,0.08,2.8,60,0.605,0.008888888888888878,0.22222222222222196,0,0,0,-1
61,25,0.08,2.8,61,0.615,0.008888888888888878,0.22222222222222196,0,0,0,-1
62,25,0.08,2.8,62,0.625,0.008888888888888878,0.22222222222222196,0,0,0,-1
63,25,0.08,2.8,63,0.635,0.008888888888888878,0.22222222222222196,0,0,0,-1
64,25,0.08,2.8,64,0.645,0.008888888888888878,0.22222222222222196,0,0,0,-1
65,25,0.08,2.8,65,0.655,0.008888888888888878,0.22222222222222196,0,0,0,-1
66,25,0.08,2.8,66,0.665,0.008888888888888878,0.22222222222222196,0,0,0,-1
67,25,0.08,2.8,67,0.675,0.008888888888888878,0.22222222222222196,0,0,0,-1
68,25,0.08,2.8,68,0.685,0.008888888888888878,0.22222222222222196,0,0,0,-1
69,25,0.08,2.8,69,0.695,0.008888888888888878,0.22222222222222196,0,0,0,-1
70,25,0.08,2.8,70,0.705,0.008888888888888878,0.22222222222222196,0,0,0,-1
71,25,0.08,2.8,71,0.715,0.008888888888888878,0.22222222222222196,0,0,0,-1
72,25,0.08,2.8,72,0.725,0.008888888888888878,0.22222222222222196,0,0,0,-1
73,25,0.08,2.8,73,0.735,0.008888888888888878,0.22222222222222196,0,0,0,-1
74,25,0.08,2.8,74,0.745,0.008888888888888878,0.22222222222222196,0,0,0,-1
75,25,0.08,2.8,75,0.755,0.008888888888888878,0.22222222222222196,0,0,0,-1
76,25,0.08,2.8,76,0.765,0.008888888888888878,0.22222222222222196,0,0,0,-1
77,25,0.08,2.8,77,0.775,0.008888888888888878,0.22222222222222196,0,0,0,-1
78,25,0.08,2.8,78,0.785,0.008888888888888878,0.22222222222222196,0,0,0,-1
79,25,0.08,2.8,79,0.795,0.008888888888888878,0.22222222222222196,0,0,0,-1
80,25,0.08,2.8,80,0.805,0.008888888888888878,0.22222222222222196,0,0,0,-1
81,25,0.08,2.8,81,0.815,0.008888888888888878,0.22222222222222196,0,0,0,-1
82,25,0.08,2.8,82,0.825,0.008888888888888878,0.22222222222222196,0,0,0,-1
83,25,0.08,2.8,83,0.835,0.008888888888888878,0.22222222222222196,0,0,0,-1
84,25,0.08,2.8,84,0.845,0.008888888888888878,0.22222222222222196,0,0,0,-1
85,25,0.08,2.8,85,0.855,0.008888888888888878,0.22222222222222196,0,0,0,-1
86,25,0.08,2.8,86,0.865,0.008888888888888878,0.22222222222222196,0,0,0,-1
87,25,0.08,2.8,87,0.875,0.008888888888888878,0.22222222222222196,0,0,0,-1
88,25,0.08,2.8,88,0.885,0.008888888888888878,0.22222222222222196,0,0,0,-1
89,25,0.08,2.8,89,0.895,0.008888888888888878,0.22222222222222196,1,1,1,-1
90,25,0.08,2.8,90,0.905,0.008888888888888878,0.22222222222222196,1,1,1,-1
91,25,0.08,2.8,91,0.915,0.008888888888888878,0.22222222222222196,1,1,1,-1
92,25,0.08,2.8,92,0.925,0.008888888888888878,0.22222222222222196,1,1,1,-1
93,25,0.08,2.8,93,0.935,0.008888888888888878,0.22222222222222196,1,1,1,-1
94,25,0.08,2.8,94,0.945,0.008888888888888878,0.22222222222222196,1,1,1,-1
95,25,0.08,2.8,95,0.955,0.008888888888888878,0.22222222222222196,1,1,1,-1
96,25,0.08,2.8,96,0.965,0.008888888888888878,0.22222222222222196,1,1,1,-1
97,25,0.08,2.8,97,0.975,0.008888888888888878,0.22222222222222196,1,1,1,-1
98,25,0.08,2.8,98,0.985,0.008888888888888878,0.22222222222222196,1,1,1,-1
99,25,0.08,2.8,99,0.995,0.008888888888888878,0.22222222222222196,1,1,1,-1
100,25,0.08,3.5,0,0.005,0.0288,0.72,1,1,1,-1
101,25,0.08,3.5,1,0.015,0.0288,0.72,1,1,1,-1
102,25,0.08,3.5,2,0.025,0.0288,0.72,1,1,1,-1
103,25,0.08,3.5,3,0.035,0.0288,0.72,1,1,1,-1
104,25,0.08,3.5,4,0.045,0.0288,0.72,1,1,1,-1
105,25,0.08,3.5,5,0.055,0.0288,0.72,1,1,1,-1
106,25,0.08,3.5,6,0.065,0.0288,0.72,1,1,1,-1
107,25,0.08,3.5,7,0.075,0.0288,0.72,1,1,1,-1
108,25,0.08,3.5,8,0.085,0.0288,0.72,1,1,1,-1
109,25,0.08,3.5,9,0.095,0.0288,0.72,1,1,1,-1
110,25,0.08,3.5,10,0.105,0.0288,0.72,1,1,1,-1
111,25,0.08,3.5,11,0.115,0.0288,0.72,1,1,1,-1
112,25,0.08,3.5,12,0.125,0.0288,0.72,1,1,1,-1
113,25,0.08,3.5,13,0.135,0.0288,0.72,1,1,1,-1
114,25,0.08,3.5,14,0.145,0.0288,0.72,1,1,1,-1
115,25,0.08,3.5,15,0.155,0.0288,0.72,1,1,1,-1
116,25,0.08,3.5,16,0.165,0.0288,0.72,1,1,1,-1
117,25,0.08,3.5,17,0.175,0.0288,0.72,1,1,1,-1
118,25,0.08,3.5,18,0.185,0.0288,0.72,1,1,1,-1
119,25,0.08,3.5,19,0.195,0.0288,0.72,1,1,1,-1
120,25,0.08,3.5,20,0.205,0.0288,0.72,1,1,1,-1
121,25,0.08,3.5,21,0.215,0.0288,0.72,1,1,1,-1
122,25,0.08,3.5,22,0.225,0.0288,0.72,1,1,1,-1
123,25,0.08,3.5,23,0.235,0.0288,0.72,1,1,1,-1
124,25,0.08,3.5,24,0.245,0.0288,0.72,1,1,1,-1
125,25,0.08,3.5,25,0.255,0.0288,0.72,1,1,1,-1
126,25,0.08,3.5,26,0.265,0.0288,0.72,1,1,1,-1
127,25,0.08,3.5,27,0.275,0.0288,0.72,1,1,1,-1
128,25,0.08,3.5,28,0.285,0.0288,0.72,1,1,1,-1
129,25,0.08,3.5,29,0.295,0.0288,0.72,1,1,1,-1
130,25,0.08,3.5,30,0.305,0.0288,0.72,1,1,1,-1
131,25,0.08,3.5,31,0.315,0.0288,0.72,1,1,1,-1
132,25,0.08,3.5,32,0.325,0.0288,0.72,1,1,1,-1
133,25,0.08,3.5,33,0.335,0.0288,0.72,1,1,1,-1
134,25,0.08,3.5,34,0.345,0.0288,0.72,1,1,1,-1
135,25,0.08,3.5,35,0.355,0.0288,0.72,1,1,1,-1
136,25,0.08,3.5,36,0.365,0.0288,0.72,0,0,0,-1
137,25,0.08,3.5,37,0.375,0.0288,0.72,0,0,0,-1
138,25,0.08,3.5,38,0.385,0.0288,0.72,0,0,0,-1
139,25,0.08,3.5,39,0.395,0.0288,0.72,0,0,0,-1
140,25,0.08,3.5,40,0.405,0.0288,0.72,0,0,0,-1
141,25,0.08,3.5,41,0.415,0.0288,0.72,0,0,0,-1
142,25,0.08,3.5,42,0.425,0.0288,0.72,0,0,0,-1
143,25,0.08,3.5,43,0.435,0.0288,0.72,0,0,0,-1
144,25,0.08,3.5,44,0.445,0.0288,0.72,0,0,0,-1
145,25,0.08,3.5,45,0.455,0.0288,0.72,0,0,0,-1
146,25,0.08,3.5,46,0.465,0.0288,0.72,0,0,0,-1
147,25,0.08,3.5,47,0.475,0.0288,0.72,0,0,0,-1
148,25,0.08,3.5,48,0.485,0.0288,0.72,0,0,0,-1
149,25,0.08,3.5,49,0.495,0.0288,0.72,0,0,0,-1
150,25,0.08,3.5,50,0.505,0.0288,0.72,0,0,0,-1
151,25,0.08,3.5,51,0.515,0.0288,0.72,0,0,0,-1
152,25,0.08,3.5,52,0.525,0.0288,0.72,0,0,0,-1
153,25,0.08,3.5,53,0.535,0.0288,0.72,0,0,0,-1
154,25,0.08,3.5,54,0.545,0.0288,0.72,0,0,0,-1
155,25,0.08,3.5,55,0.555,0.0288,0.72,0,0,0,-1
156,25,0.08,3.5,56,0.565,0.0288,0.72,0,0,0,-1
157,25,0.08,3.5,57,0.575,0.0288,0.72,0,0,0,-1
158,25,0.08,3.5,58,0.585,0.0288,0.72,0,0,0,-1
159,25,0.08,3.5,59,0.595,0.0288,0.72,0,0,0,-1
160,25,0.08,3.5,60,0.605,0.0288,0.72,0,0,0,-1
161,25,0.08,3.5,61,0.615,0.0288,0.72,0,0,0,-1
162,25,0.08,3.5,62,0.625,0.0288,0.72,0,0,0,-1
163,25,0.08,3.5,63,0.635,0.0288,0.72,0,0,0,-1
164,25,0.08,3.5,64,0.645,0.0288,0.72,1,1,1,-1
165,25,0.08,3.5,65,0.655,0.0288,0.72,1,1,1,-1
166,25,0.08,3.5,66,0.665,0.0288,0.72,1,1,1,-1
167,25,0.08,3.5,67,0.675,0.0288,0.72,1,1,1,-1
168,25,0.08,3.5,68,0.685,0.0288,0.72,1,1,1,-1
169,25,0.08,3.5,69,0.695,0.0288,0.72,1,1,1,-1
170,25,0.08,3.5,70,0.705,0.0288,0.72,1,1,1,-1
171,25,0.08,3.5,71,0.715,0.0288,0.72,1,1,1,-1
172,25,0.08,3.5,72,0.725,0.0288,0.72,1,1,1,-1
173,25,0.08,3.5,73,0.735,0.0288,0.72,1,1,1,-1
174,25,0.08,3.5,74,0.745,0.0288,0.72,1,1,1,-1
175,25,0.08,3.5,75,0.755,0.0288,0.72,1,1,1,-1
176,25,0.08,3.5,76,0.765,0.0288,0.72,1,1,1,-1
177,25,0.08,3.5,77,0.775,0.0288,0.72,1,1,1,-1
178,25,0.08,3.5,78,0.785,0.0288,0.72,1,1,1,-1
179,25,0.08,3.5,79,0.795,0.0288,0.72,1,1,1,-1
180,25,0.08,3.5,80,0.805,0.0288,0.72,1,1,1,-1
181,25,0.08,3.5,81,0.815,0.0288,0.72,1,1,1,-1
182,25,0.08,3.5,82,0.825,0.0288,0.72,1,1,1,-1
183,25,0.08,3.5,83,0.835,0.0288,0.72,1,1,1,-1
184,25,0.08,3.5,84,0.845,0.0288,0.72,1,1,1,-1
185,25,0.08,3.5,85,0.855,0.0288,0.72,1,1,1,-1
186,25,0.08,3.5,86,0.865,0.0288,0.72,1,1,1,-1
187,25,0.08,3.5,87,0.875,0.0288,0.72,1,1,1,-1
188,25,0.08,3.5,88,0.885,0.0288,0.72,1,1,1,-1
189,25,0.08,3.5,89,0.895,0.0288,0.72,1,1,1,-1
190,25,0.08,3.5,90,0.905,0.0288,0.72,1,1,1,-1
191,25,0.08,3.5,91,0.915,0.0288,0.72,1,1,1,-1
192,25,0.08,3.5,92,0.925,0.0288,0.72,1,1,1,-1
193,25,0.08,3.5,93,0.935,0.0288,0.72,1,1,1,-1
194,25,0.08,3.5,94,0.945,0.0288,0.72,1,1,1,-1
195,25,0.08,3.5,95,0.955,0.0288,0.72,1,1,1,-1
196,25,0.08,3.5,96,0.965,0.0288,0.72,1,1,1,-1
197,25,0.08,3.5,97,0.975,0.0288,0.72,1,1,1,-1
198,25,0.08,3.5,98,0.985,0.0288,0.72,1,1,1,-1
199,25,0.08,3.5,99,0.995,0.0288,0.72,1,1,1,-1
200,25,0.08,4.2,0,0.005,0.04,1,1,1,1,-1
201,25,0.08,4.2,1,0.015,0.04,1,1,1,1,-1
202,25,0.08,4.2,2,0.025,0.04,1,1,1,1,-1
203,25,0.08,4.2,3,0.035,0.04,1,1,1,1,-1
204,25,0.08,4.2,4,0.045,0.04,1,1,1,1,-1
205,25,0.08,4.2,5,0.055,0.04,1,1,1,1,-1
206,25,0.08,4.2,6,0.065,0.04,1,1,1,1,-1
207,25,0.08,4.2,7,0.075,0.04,1,1,1,1,-1
208,25,0.08,4.2,8,0.085,0.04,1,1,1,1,-1
209,25,0.08,4.2,9,0.095,0.04,1,1,1,1,-1
210,25,0.08,4.2,10,0.105,0.04,1,1,1,1,-1
211,25,0.08,4.2,11,0.115,0.04,1,1,1,1,-1
212,25,0.08,4.2,12,0.125,0.04,1,1,1,1,-1
213,25,0.08,4.2,13,0.135,0.04,1,1,1,1,-1
214,25,0.08,4.2,14,0.145,0.04,1,1,1,1,-1
215,25,0.08,4.2,15,0.155,0.04,1,1,1,1,-1
216,25,0.08,4.2,16,0.165,0.04,1,1,1,1,-1
217,25,0.08,4.2,17,0.175,0.04,1,1,1,1,-1
218,25,0.08,4.2,18,0.185,0.04,1,1,1,1,-1
219,25,0.08,4.2,19,0.195,0.04,1,1,1,1,-1
220,25,0.08,4.2,20,0.205,0.04,1,1,1,1,-1
221,25,0.08,4.2,21,0.215,0.04,1,1,1,1,-1
222,25,0.08,4.2,22,0.225,0.04,1,1,1,1,-1
223,25,0.08,4.2,23,0.235,0.04,1,1,1,1,-1
224,25,0.08,4.2,24,0.245,0.04,1,1,1,1,-1
225,25,0.08,4.2,25,0.255,0.04,1,1,1,1,-1
226,25,0.08,4.2,26,0.265,0.04,1,1,1,1,-1
227,25,0.08,4.2,27,0.275,0.04,1,1,1,1,-1
228,25,0.08,4.2,28,0.285,0.04,1,1,1,1,-1
229,25,0.08,4.2,29,0.295,0.04,1,1,1,1,-1
230,25,0.08,4.2,30,0.305,0.04,1,1,1,1,-1
231,25,0.08,4.2,31,0.315,0.04,1,1,1,1,-1
232,25,0.08,4.2,32,0.325,0.04,1,1,1,1,-1
233,25,0.08,4.2,33,0.335,0.04,1,1,1,1,-1
234,25,0.08,4.2,34,0.345,0.04,1,1,1,1,-1
235,25,0.08,4.2,35,0.355,0.04,1,1,1,1,-1
236,25,0.08,4.2,36,0.365,0.04,1,1,1,1,-1
237,25,0.08,4.2,37,0.375,0.04,1,1,1,1,-1
238,25,0.08,4.2,38,0.385,0.04,1,1,1,1,-1
239,25,0.08,4.2,39,0.395,0.04,1,1,1,1,-1
240,25,0.08,4.2,40,0.405,0.04,1,1,1,1,-1
241,25,0.08,4.2,41,0.415,0.04,1,1,1,1,-1
242,25,0.08,4.2,42,0.425,0.04,1,1,1,1,-1
243,25,0.08,4.2,43,0.435,0.04,1,1,1,1,-1
244,25,0.08,4.2,44,0.445,0.04,1,1,1,1,-1
245,25,0.08,4.2,45,0.455,0.04,1,1,1,1,-1
246,25,0.08,4.2,46,0.465,0.04,1,1,1,1,-1
247,25,0.08,4.2,47,0.475,0.04,1,1,1,1,-1
248,25,0.08,4.2,48,0.485,0.04,1,1,1,1,-1
249,25,0.08,4.2,49,0.495,0.04,1,1,1,1,-1
250,25,0.08,4.2,50,0.505,0.04,1,1,1,1,-1
251,25,0.08,4.2,51,0.515,0.04,1,1,1,1,-1
252,25,0.08,4.2,52,0.525,0.04,1,1,1,1,-1
253,25,0.08,4.2,53,0.535,0.04,1,1,1,1,-1
254,25,0.08,4.2,54,0.545,0.04,1,1,1,1,-1
255,25,0.08,4.2,55,0.555,0.04,1,1,1,1,-1
256,25,0.08,4.2,56,0.565,0.04,1,1,1,1,-1
257,25,0.08,4.2,57,0.575,0.04,1,1,1,1,-1
258,25,0.08,4.2,58,0.585,0.04,1,1,1,1,-1
259,25,0.08,4.2,59,0.595,0.04,1,1,1,1,-1
260,25,0.08,4.2,60,0.605,0.04,1,1,1,1,-1
261,25,0.08,4.2,61,0.615,0.04,1,1,1,1,-1
262,25,0.08,4.2,62,0.625,0.04,1,1,1,1,-1
263,25,0.08,4.2,63,0.635,0.04,1,1,1,1,-1
264,25,0.08,4.2,64,0.645,0.04,1,1,1,1,-1
265,25,0.08,4.2,65,0.655,0.04,1,1,1,1,-1
266,25,0.08,4.2,66,0.665,0.04,1,1,1,1,-1
267,25,0.08,4.2,67,0.675,0.04,1,1,1,1,-1
268,25,0.08,4.2,68,0.685,0.04,1,1,1,1,-1
269,25,0.08,4.2,69,0.695,0.04,1,1,1,1,-1
270,25,0.08,4.2,70,0.705,0.04,1,1,1,1,-1
271,25,0.08,4.2,71,0.715,0.04,1,1,1,1,-1
272,25,0.08,4.2,72,0.725,0.04,1,1,1,1,-1
273,25,0.08,4.2,73,0.735,0.04,1,1,1,1,-1
274,25,0.08,4.2,74,0.745,0.04,1,1,1,1,-1
275,25,0.08,4.2,75,0.755,0.04,1,1,1,1,-1
276,25,0.08,4.2,76,0.765,0.04,1,1,1,1,-1
277,25,0.08,4.2,77,0.775,0.04,1,1,1,1,-1
278,25,0.08,4.2,78,0.785,0.04,1,1,1,1,-1
279,25,0.08,4.2,79,0.795,0.04,1,1,1,1,-1
280,25,0.08,4.2,80,0.805,0.04,1,1,1,1,-1
281,25,0.08,4.2,81,0.815,0.04,1,1,1,1,-1
282,25,0.08,4.2,82,0.825,0.04,1,1,1,1,-1
283,25,0.08,4.2,83,0.835,0.04,1,1,1,1,-1
284,25,0.08,4.2,84,0.845,0.04,1,1,1,1,-1
285,25,0.08,4.2,85,0.855,0.04,1,1,1,1,-1
286,25,0.08,4.2,86,0.865,0.04,1,1,1,1,-1
287,25,0.08,4.2,87,0.875,0.04,1,1,1,1,-1
288,25,0.08,4.2,88,0.885,0.04,1,1,1,1,-1
289,25,0.08,4.2,89,0.895,0.04,1,1,1,1,-1
290,25,0.08,4.2,90,0.905,0.04,1,1,1,1,-1
291,25,0.08,4.2,91,0.915,0.04,1,1,1,1,-1
292,25,0.08,4.2,92,0.925,0.04,1,1,1,1,-1
293,25,0.08,4.2,93,0.935,0.04,1,1,1,1,-1
294,25,0.08,4.2,94,0.945,0.04,1,1,1,1,-1
295,25,0.08,4.2,95,0.955,0.04,1,1,1,1,-1
296,25,0.08,4.2,96,0.965,0.04,1,1,1,1,-1
297,25,0.08,4.2,97,0.975,0.04,1,1,1,1,-1
298,25,0.08,4.2,98,0.985,0.04,1,1,1,1,-1
299,25,0.08,4.2,99,0.995,0.04,1,1,1,1,-1
300,25,0.16,2.8,0,0.005,0.017777777777777757,0.4444444444444439,1,1,1,-1
301,25,0.16,2.8,1,0.015,0.017777777777777757,0.4444444444444439,1,1,1,-1
302,25,0.16,2.8,2,0.025,0.017777777777777757,0.4444444444444439,1,1,1,-1
303,25,0.16,2.8,3,0.035,0.017777777777777757,0.4444444444444439,1,1,1,-1
304,25,0.16,2.8,4,0.045,0.017777777777777757,0.4444444444444439,1,1,1,-1
305,25,0.16,2.8,5,0.055,0.017777777777777757,0.4444444444444439,1,1,1,-1
306,25,0.16,2.8,6,0.065,0.017777777777777757,0.4444444444444439,1,1,1,-1
307,25,0.16,2.8,7,0.075,0.017777777777777757,0.4444444444444439,1,1,1,-1
308,25,0.16,2.8,8,0.085,0.017777777777777757,0.4444444444444439,1,1,1,-1
309,25,0.16,2.8,9,0.095,0.017777777777777757,0.4444444444444439,1,1,1,-1
310,25,0.16,2.8,10,0.105,0.017777777777777757,0.4444444444444439,1,1,1,-1
311,25,0.16,2.8,11,0.115,0.017777777777777757,0.4444444444444439,1,1,1,-1
312,25,0.16,2.8,12,0.125,0.017777777777777757,0.4444444444444439,1,1,1,-1
313,25,0.16,2.8,13,0.135,0.017777777777777757,0.4444444444444439,1,1,1,-1
314,25,0.16,2.8,14,0.145,0.017777777777777757,0.4444444444444439,1,1,1,-1
315,25,0.16,2.8,15,0.155,0.017777777777777757,0.4444444444444439,1,1,1,-1
316,25,0.16,2.8,16,0.165,0.017777777777777757,0.4444444444444439,1,1,1,-1
317,25,0.16,2.8,17,0.175,0.017777777777777757,0.4444444444444439,1,1,1,-1
318,25,0.16,2.8,18,0.185,0.017777777777777757,0.4444444444444439,1,1,1,-1
319,25,0.16,2.8,19,0.195,0.017777777777777757,0.4444444444444439,1,1,1,-1
320,25,0.16,2.8,20,0.205,0.017777777777777757,0.4444444444444439,1,1,1,-1
321,25,0.16,2.8,21,0.215,0.017777777777777757,0.4444444444444439,1,1,1,-1
322,25,0.16,2.8,22,0.225,0.017777777777777757,0.4444444444444439,0,0,0,-1
323,25,0.16,2.8,23,0.235,0.017777777777777757,0.4444444444444439,0,0,0,-1
324,25,0.16,2.8,24,0.245,0.017777777777777757,0.4444444444444439,0,0,0,-1
325,25,0.16,2.8,25,0.255,0.017777777777777757,0.4444444444444439,0,0,0,-1
326,25,0.16,2.8,26,0.265,0.017777777777777757,0.4444444444444439,0,0,0,-1
327,25,0.16,2.8,27,0.275,0.017777777777777757,0.4444444444444439,0,0,0,-1
328,25,0.16,2.8,28,0.285,0.017777777777777757,0.4444444444444439,0,0,0,-1
329,25,0.16,2.8,29,0.295,0.017777777777777757,0.4444444444444439,0,0,0,-1
330,25,0.16,2.8,30,0.305,0.017777777777777757,0.4444444444444439,0,0,0,-1
331,25,0.16,2.8,31,0.315,0.017777777777777757,0.4444444444444439,0,0,0,-1
332,25,0.16,2.8,32,0.325,0.017777777777777757,0.4444444444444439,0,0,0,-1
333,25,0.16,2.8,33,0.335,0.017777777777777757,0.4444444444444439,0,0,0,-1
334,25,0.16,2.8,34,0.345,0.017777777777777757,0.4444444444444439,0,0,0,-1
335,25,0.16,2.8,35,0.355,0.017777777777777757,0.4444444444444439,0,0,0,-1
336,25,0.16,2.8,36,0.365,0.017777777777777757,0.4444444444444439,0,0,0,-1
337,25,0.16,2.8,37,0.375,0.017777777777777757,0.4444444444444439,0,0,0,-1
338,25,0.16,2.8,38,0.385,0.017777777777777757,0.4444444444444439,0,0,0,-1
339,25,0.16,2.8,39,0.395,0.017777777777777757,0.4444444444444439,0,0,0,-1
340,25,0.16,2.8,40,0.405,0.017777777777777757,0.4444444444444439,0,0,0,-1
341,25,0.16,2.8,41,0.415,0.017777777777777757,0.4444444444444439,0,0,0,-1
342,25,0.16,2.8,42,0.425,0.017777777777777757,0.4444444444444439,0,0,0,-1
343,25,0.16,2.8,43,0.435,0.017777777777777757,0.4444444444444439,0,0,0,-1
344,25,0.16,2.8,44,0.445,0.017777777777777757,0.4444444444444439,0,0,0,-1
345,25,0.16,2.8,45,0.455,0.017777777777777757,0.4444444444444439,0,0,0,-1
346,25,0.16,2.8,46,0.465,0.017777777777777757,0.4444444444444439,0,0,0,-1
347,25,0.16,2.8,47,0.475,0.017777777777777757,0.4444444444444439,0,0,0,-1
348,25,0.16,2.8,48,0.485,0.017777777777777757,0.4444444444444439,0,0,0,-1
349,25,0.16,2.8,49,0.495,0.017777777777777757,0.4444444444444439,0,0,0,-1
350,25,0.16,2.8,50,0.505,0.017777777777777757,0.4444444444444439,0,0,0,-1
351,25,0.16,2.8,51,0.515,0.017777777777777757,0.4444444444444439,0,0,0,-1
352,25,0.16,2.8,52,0.525,0.017777777777777757,0.4444444444444439,0,0,0,-1
353,25,0.16,2.8,53,0.535,0.017777777777777757,0.4444444444444439,0,0,0,-1
354,25,0.16,2.8,54,0.545,0.017777777777777757,0.4444444444444439,0,0,0,-1
355,25,0.16,2.8,55,0.555,0.017777777777777757,0.4444444444444439,0,0,0,-1
356,25,0.16,2.8,56,0.565,0.017777777777777757,0.4444444444444439,0,0,0,-1
357,25,0.16,2.8,57,0.575,0.017777777777777757,0.4444444444444439,0,0,0,-1
358,25,0.16,2.8,58,0.585,0.017777777777777757,0.4444444444444439,0,0,0,-1
359,25,0.16,2.8,59,0.595,0.017777777777777757,0.4444444444444439,0,0,0,-1
360,25,0.16,2.8,60,0.605,0.017777777777777757,0.4444444444444439,0,0,0,-1
361,25,0.16,2.8,61,0.615,0.017777777777777757,0.4444444444444439,0,0,0,-1
362,25,0.16,2.8,62,0.625,0.017777777777777757,0.4444444444444439,0,0,0,-1
363,25,0.16,2.8,63,0.635,0.017777777777777757,0.4444444444444439,0,0,0,-1
364,25,0.16,2.8,64,0.645,0.017777777777777757,0.4444444444444439,0,0,0,-1
365,25,0.16,2.8,65,0.655,0.017777777777777757,0.4444444444444439,0,0,0,-1
366,25,0.16,2.8,66,0.665,0.017777777777777757,0.4444444444444439,0,0,0,-1
367,25,0.16,2.8,67,0.675,0.017777777777777757,0.4444444444444439,0,0,0,-1
368,25,0.16,2.8,68,0.685,0.017777777777777757,0.4444444444444439,0,0,0,-1
369,25,0.16,2.8,69,0.695,0.017777777777777757,0.4444444444444439,0,0,0,-1
370,25,0.16,2.8,70,0.705,0.017777777777777757,0.4444444444444439,0,0,0,-1
371,25,0.16,2.8,71,0.715,0.017777777777777757,0.4444444444444439,0,0,0,-1
372,25,0.16,2.8,72,0.725,0.017777777777777757,0.4444444444444439,0,0,0,-1
373,25,0.16,2.8,73,0.735,0.017777777777777757,0.4444444444444439,0,0,0,-1
374,25,0.16,2.8,74,0.745,0.017777777777777757,0.4444444444444439,0,0,0,-1
375,25,0.16,2.8,75,0.755,0.017777777777777757,0.4444444444444439,0,0,0,-1
376,25,0.16,2.8,76,0.765,0.017777777777777757,0.4444444444444439,0,0,0,-1
377,25,0.16,2.8,77,0.775,0.017777777777777757,0.4444444444444439,0,0,0,-1
378,25,0.16,2.8,78,0.785,0.017777777777777757,0.4444444444444439,1,1,1,-1
379,25,0.16,2.8,79,0.795,0.017777777777777757,0.4444444444444439,1,1,1,-1
380,25,0.16,2.8,80,0.805,0.017777777777777757,0.4444444444444439,1,1,1,-1
381,25,0.16,2.8,81,0.815,0.017777777777777757,0.4444444444444439,1,1,1,-1
382,25,0.16,2.8,82,0.825,0.017777777777777757,0.4444444444444439,1,1,1,-1
383,25,0.16,2.8,83,0.835,0.017777777777777757,0.4444444444444439,1,1,1,-1
384,25,0.16,2.8,84,0.845,0.017777777777777757,0.4444444444444439,1,1,1,-1
385,25,0.16,2.8,85,0.855,0.017777777777777757,0.4444444444444439,1,1,1,-1
386,25,0.16,2.8,86,0.865,0.017777777777777757,0.4444444444444439,1,1,1,-1
387,25,0.16,2.8,87,0.875,0.017777777777777757,0.4444444444444439,1,1,1,-1
388,25,0.16,2.8,88,0.885,0.017777777777777757,0.4444444444444439,1,1,1,-1
389,25,0.16,2.8,89,0.895,0.017777777777777757,0.4444444444444439,1,1,1,-1
390,25,0.16,2.8,90,0.905,0.017777777777777757,0.4444444444444439,1,1,1,-1
391,25,0.16,2.8,91,0.915,0.017777777777777757,0.4444444444444439,1,1,1,-1
392,25,0.16,2.8,92,0.925,0.017777777777777757,0.4444444444444439,1,1,1,-1
393,25,0.16,2.8,93,0.935,0.017777777777777757,0.4444444444444439,1,1,1,-1
394,25,0.16,2.8,94,0.945,0.017777777777777757,0.4444444444444439,1,1,1,-1
395,25,0.16,2.8,95,0.955,0.017777777777777757,0.4444444444444439,1,1,1,-1
396,25,0.16,2.8,96,0.965,0.017777777777777757,0.4444444444444439,1,1,1,-1
397,25,0.16,2.8,97,0.975,0.017777777777777757,0.4444444444444439,1,1,1,-1
398,25,0.16,2.8,98,0.985,0.017777777777777757,0.4444444444444439,1,1,1,-1
399,25,0.16,2.8,99,0.995,0.017777777777777757,0.4444444444444439,1,1,1,-1
400,25,0.16,3.5,0,0.005,0.0576,1,1,1,1,-1
401,25,0.16,3.5,1,0.015,0.0576,1,1,1,1,-1
402,25,0.16,3.5,2,0.025,0.0576,1,1,1,1,-1
403,25,0.16,3.5,3,0.035,0.0576,1,1,1,1,-1
404,25,0.16,3.5,4,0.045,0.0576,1,1,1,1,-1
405,25,0.16,3.5,5,0.055,0.0576,1,1,1,1,-1
406,25,0.16,3.5,6,0.065,0.0576,1,1,1,1,-1
407,25,0.16,3.5,7,0.075,0.0576,1,1,1,1,-1
408,25,0.16,3.5,8,0.085,0.0576,1,1,1,1,-1
409,25,0.16,3.5,9,0.095,0.0576,1,1,1,1,-1
410,25,0.16,3.5,10,0.105,0.0576,1,1,1,1,-1
411,25,0.16,3.5,11,0.115,0.0576,1,1,1,1,-1
412,25,0.16,3.5,12,0.125,0.0576,1,1,1,1,-1
413,25,0.16,3.5,13,0.135,0.0576,1,1,1,1,-1
414,25,0.16,3.5,14,0.145,0.0576,1,1,1,1,-1
415,25,0.16,3.5,15,0.155,0.0576,1,1,1,1,-1
416,25,0.16,3.5,16,0.165,0.0576,1,1,1,1,-1
417,25,0.16,3.5,17,0.175,0.0576,1,1,1,1,-1
418,25,0.16,3.5,18,0.185,0.0576,1,1,1,1,-1
419,25,0.16,3.5,19,0.195,0.0576,1,1,1,1,-1
420,25,0.16,3.5,20,0.205,0.0576,1,1,1,1,-1
421,25,0.16,3.5,21,0.215,0.0576,1,1,1,1,-1
422,25,0.16,3.5,22,0.225,0.0576,1,1,1,1,-1
423,25,0.16,3.5,23,0.235,0.0576,1,1,1,1,-1
424,25,0.16,3.5,24,0.245,0.0576,1,1,1,1,-1
425,25,0.16,3.5,25,0.255,0.0576,1,1,1,1,-1
426,25,0.16,3.5,26,0.265,0.0576,1,1,1,1,-1
427,25,0.16,3.5,27,0.275,0.0576,1,1,1,1,-1
428,25,0.16,3.5,28,0.285,0.0576,1,1,1,1,-1
429,25,0.16,3.5,29,0.295,0.0576,1,1,1,1,-1
430,25,0.16,3.5,30,0.305,0.0576,1,1,1,1,-1
431,25,0.16,3.5,31,0.315,0.0576,1,1,1,1,-1
432,25,0.16,3.5,32,0.325,0.0576,1,1,1,1,-1
433,25,0.16,3.5,33,0.335,0.0576,1,1,1,1,-1
434,25,0.16,3.5,34,0.345,0.0576,1,1,1,1,-1
435,25,0.16,3.5,35,0.355,0.0576,1,1,1,1,-1
436,25,0.16,3.5,36,0.365,0.0576,1,1,1,1,-1
437,25,0.16,3.5,37,0.375,0.0576,1,1,1,1,-1
438,25,0.16,3.5,38,0.385,0.0576,1,1,1,1,-1
439,25,0.16,3.5,39,0.395,0.0576,1,1,1,1,-1
440,25,0.16,3.5,40,0.405,0.0576,1,1,1,1,-1
441,25,0.16,3.5,41,0.415,0.0576,1,1,1,1,-1
442,25,0.16,3.5,42,0.425,0.0576,1,1,1,1,-1
443,25,0.16,3.5,43,0.435,0.0576,1,1,1,1,-1
444,25,0.16,3.5,44,0.445,0.0576,1,1,1,1,-1
445,25,0.16,3.5,45,0.455,0.0576,1,1,1,1,-1
446,25,0.16,3.5,46,0.465,0.0576,1,1,1,1,-1
447,25,0.16,3.5,47,0.475,0.0576,1,1,1,1,-1
448,25,0.16,3.5,48,0.485,0.0576,1,1,1,1,-1
449,25,0.16,3.5,49,0.495,0.0576,1,1,1,1,-1
450,25,0.16,3.5,50,0.505,0.0576,1,1,1,1,-1
451,25,0.16,3.5,51,0.515,0.0576,1,1,1,1,-1
452,25,0.16,3.5,52,0.525,0.0576,1,1,1,1,-1
453,25,0.16,3.5,53,0.535,0.0576,1,1,1,1,-1
454,25,0.16,3.5,54,0.545,0.0576,1,1,1,1,-1
455,25,0.16,3.5,55,0.555,0.0576,1,1,1,1,-1
456,25,0.16,3.5,56,0.565,0.0576,1,1,1,1,-1
457,25,0.16,3.5,57,0.575,0.0576,1,1,1,1,-1
458,25,0.16,3.5,58,0.585,0.0576,1,1,1,1,-1
459,25,0.16,3.5,59,0.595,0.0576,1,1,1,1,-1
460,25,0.16,3.5,60,0.605,0.0576,1,1,1,1,-1
461,25,0.16,3.5,61,0.615,0.0576,1,1,1,1,-1
462,25,0.16,3.5,62,0.625,0.0576,1,1,1,1,-1
463,25,0.16,3.5,63,0.635,0.0576,1,1,1,1,-1
464,25,0.16,3.5,64,0.645,0.0576,1,1,1,1,-1
465,25,0.16,3.5,65,0.655,0.0576,1,1,1,1,-1
466,25,0.16,3.5,66,0.665,0.0576,1,1,1,1,-1
467,25,0.16,3.5,67,0.675,0.0576,1,1,1,1,-1
468,25,0.16,3.5,68,0.685,0.0576,1,1,1,1,-1
469,25,0.16,3.5,69,0.695,0.0576,1,1,1,1,-1
470,25,0.16,3.5,70,0.705,0.0576,1,1,1,1,-1
471,25,0.16,3.5,71,0.715,0.0576,1,1,1,1,-1
472,25,0.16,3.5,72,0.725,0.0576,1,1,1,1,-1
473,25,0.16,3.5,73,0.735,0.0576,1,1,1,1,-1
474,25,0.16,3.5,74,0.745,0.0576,1,1,1,1,-1
475,25,0.16,3.5,75,0.755,0.0576,1,1,1,1,-1
476,25,0.16,3.5,76,0.765,0.0576,1,1,1,1,-1
477,25,0.16,3.5,77,0.775,0.0576,1,1,1,1,-1
478,25,0.16,3.5,78,0.785,0.0576,1,1,1,1,-1
479,25,0.16,3.5,79,0.795,0.0576,1,1,1,1,-1
480,25,0.16,3.5,80,0.805,0.0576,1,1,1,1,-1
481,25,0.16,3.5,81,0.815,0.0576,1,1,1,1,-1
482,25,0.16,3.5,82,0.825,0.0576,1,1,1,1,-1
483,25,0.16,3.5,83,0.835,0.0576,1,1,1,1,-1
484,25,0.16,3.5,84,0.845,0.0576,1,1,1,1,-1
485,25,0.16,3.5,85,0.855,0.0576,1,1,1,1,-1
486,25,0.16,3.5,86,0.865,0.0576,1,1,1,1,-1
487,25,0.16,3.5,87,0.875,0.0576,1,1,1,1,-1
488,25,0.16,3.5,88,0.885,0.0576,1,1,1,1,-1
489,25,0.16,3.5,89,0.895,0.0576,1,1,1,1,-1
490,25,0.16,3.5,90,0.905,0.0576,1,1,1,1,-1
491,25,0.16,3.5,91,0.915,0.0576,1,1,1,1,-1
492,25,0.16,3.5,92,0.925,0.0576,1,1,1,1,-1
493,25,0.16,3.5,93,0.935,0.0576,1,1,1,1,-1
494,25,0.16,3.5,94,0.945,0.0576,1,1,1,1,-1
495,25,0.16,3.5,95,0.955,0.0576,1,1,1,1,-1
496,25,0.16,3.5,96,0.965,0.0576,1,1,1,1,-1
497,25,0.16,3.5,97,0.975,0.0576,1,1,1,1,-1
498,25,0.16,3.5,98,0.985,0.0576,1,1,1,1,-1
499,25,0.16,3.5,99,0.995,0.0576,1,1,1,1,-1
500,25,0.16,4.2,0,0.005,0.08,1,1,1,1,-1
501,25,0.16,4.2,1,0.015,0.08,1,1,1,1,-1
502,25,0.16,4.2,2,0.025,0.08,1,1,1,1,-1
503,25,0.16,4.2,3,0.035,0.08,1,1,1,1,-1
504,25,0.16,4.2,4,0.045,0.08,1,1,1,1,-1
505,25,0.16,4.2,5,0.055,0.08,1,1,1,1,-1
506,25,0.16,4.2,6,0.065,0.08,1,1,1,1,-1
507,25,0.16,4.2,7,0.075,0.08,1,1,1,1,-1
508,25,0.16,4.2,8,0.085,0.08,1,1,1,1,-1
509,25,0.16,4.2,9,0.095,0.08,1,1,1,1,-1
510,25,0.16,4.2,10,0.105,0.08,1,1,1,1,-1
511,25,0.16,4.2,11,0.115,0.08,1,1,1,1,-1
512,25,0.16,4.2,12,0.125,0.08,1,1,1,1,-1
513,25,0.16,4.2,13,0.135,0.08,1,1,1,1,-1
514,25,0.16,4.2,14,0.145,0.08,1,1,1,1,-1
515,25,0.16,4.2,15,0.155,0.08,1,1,1,1,-1
516,25,0.16,4.2,16,0.165,0.08,1,1,1,1,-1
517,25,0.16,4.2,17,0.175,0.08,1,1,1,1,-1
518,25,0.16,4.2,18,0.185,0.08,1,1,1,1,-1
519,25,0.16,4.2,19,0.195,0.08,1,1,1,1,-1
520,25,0.16,4.2,20,0.205,0.08,1,1,1,1,-1
521,25,0.16,4.2,21,0.215,0.08,1,1,1,1,-1
522,25,0.16,4.2,22,0.225,0.08,1,1,1,1,-1
523,25,0.16,4.2,23,0.235,0.08,1,1,1,1,-1
524,25,0.16,4.2,24,0.245,0.08,1,1,1,1,-1
525,25,0.16,4.2,25,0.255,0.08,1,1,1,1,-1
526,25,0.16,4.2,26,0.265,0.08,1,1,1,1,-1
527,25,0.16,4.2,27,0.275,0.08,1,1,1,1,-1
528,25,0.16,4.2,28,0.285,0.08,1,1,1,1,-1
529,25,0.16,4.2,29,0.295,0.08,1,1,1,1,-1
530,25,0.16,4.2,30,0.305,0.08,1,1,1,1,-1
531,25,0.16,4.2,31,0.315,0.08,1,1,1,1,-1
532,25,0.16,4.2,32,0.325,0.08,1,1,1,1,-1
533,25,0.16,4.2,33,0.335,0.08,1,1,1,1,-1
534,25,0.16,4.2,34,0.345,0.08,1,1,1,1,-1
535,25,0.16,4.2,35,0.355,0.08,1,1,1,1,-1
536,25,0.16,4.2,36,0.365,0.08,1,1,1,1,-1
537,25,0.16,4.2,37,0.375,0.08,1,1,1,1,-1
538,25,0.16,4.2,38,0.385,0.08,1,1,1,1,-1
539,25,0.16,4.2,39,0.395,0.08,1,1,1,1,-1
540,25,0.16,4.2,40,0.405,0.08,1,1,1,1,-1
541,25,0.16,4.2,41,0.415,0.08,1,1,1,1,-1
542,25,0.16,4.2,42,0.425,0.08,1,1,1,1,-1
543,25,0.16,4.2,43,0.435,0.08,1,1,1,1,-1
544,25,0.16,4.2,44,0.445,0.08,1,1,1,1,-1
545,25,0.16,4.2,45,0.455,0.08,1,1,1,1,-1
546,25,0.16,4.2,46,0.465,0.08,1,1,1,1,-1
547,25,0.16,4.2,47,0.475,0.08,1,1,1,1,-1
548,25,0.16,4.2,48,0.485,0.08,1,1,1,1,-1
549,25,0.16,4.2,49,0.495,0.08,1,1,1,1,-1
550,25,0.16,4.2,50,0.505,0.08,1,1,1,1,-1
551,25,0.16,4.2,51,0.515,0.08,1,1,1,1,-1
552,25,0.16,4.2,52,0.525,0.08,1,1,1,1,-1
553,25,0.16,4.2,53,0.535,0.08,1,1,1,1,-1
554,25,0.16,4.2,54,0.545,0.08,1,1,1,1,-1
555,25,0.16,4.2,55,0.555,0.08,1,1,1,1,-1
556,25,0.16,4.2,56,0.565,0.08,1,1,1,1,-1
557,25,0.16,4.2,57,0.575,0.08,1,1,1,1,-1
558,25,0.16,4.2,58,0.585,0.08,1,1,1,1,-1
559,25,0.16,4.2,59,0.595,0.08,1,1,1,1,-1
560,25,0.16,4.2,60,0.605,0.08,1,1,1,1,-1
561,25,0.16,4.2,61,0.615,0.08,1,1,1,1,-1
562,25,0.16,4.2,62,0.625,0.08,1,1,1,1,-1
563,25,0.16,4.2,63,0.635,0.08,1,1,1,1,-1
564,25,0.16,4.2,64,0.645,0.08,1,1,1,1,-1
565,25,0.16,4.2,65,0.655,0.08,1,1,1,1,-1
566,25,0.16,4.2,66,0.665,0.08,1,1,1,1,-1
567,25,0.16,4.2,67,0.675,0.08,1,1,1,1,-1
568,25,0.16,4.2,68,0.685,0.08,1,1,1,1,-1
569,25,0.16,4.2,69,0.695,0.08,1,1,1,1,-1
570,25,0.16,4.2,70,0.705,0.08,1,1,1,1,-1
571,25,0.16,4.2,71,0.715,0.08,1,1,1,1,-1
572,25,0.16,4.2,72,0.725,0.08,1,1,1,1,-1
573,25,0.16,4.2,73,0.735,0.08,1,1,1,1,-1
574,25,0.16,4.2,74,0.745,0.08,1,1,1,1,-1
575,25,0.16,4.2,75,0.755,0.08,1,1,1,1,-1
576,25,0.16,4.2,76,0.765,0.08,1,1,1,1,-1
577,25,0.16,4.2,77,0.775,0.08,1,1,1,1,-1
578,25,0.16,4.2,78,0.785,0.08,1,1,1,1,-1
579,25,0.16,4.2,79,0.795,0.08,1,1,1,1,-1
580,25,0.16,4.2,80,0.805,0.08,1,1,1,1,-1
581,25,0.16,4.2,81,0.815,0.08,1,1,1,1,-1
582,25,0.16,4.2,82,0.825,0.08,1,1,1,1,-1
583,25,0.16,4.2,83,0.835,0.08,1,1,1,1,-1
584,25,0.16,4.2,84,0.845,0.08,1,1,1,1,-1
585,25,0.16,4.2,85,0.855,0.08,1,1,1,1,-1
586,25,0.16,4.2,86,0.865,0.08,1,1,1,1,-1
587,25,0.16,4.2,87,0.875,0.08,1,1,1,1,-1
588,25,0.16,4.2,88,0.885,0.08,1,1,1,1,-1
589,25,0.16,4.2,89,0.895,0.08,1,1,1,1,-1
590,25,0.16,4.2,90,0.905,0.08,1,1,1,1,-1
591,25,0.16,4.2,91,0.915,0.08,1,1,1,1,-1
592,25,0.16,4.2,92,0.925,0.08,1,1,1,1,-1
593,25,0.16,4.2,93,0.935,0.08,1,1,1,1,-1
594,25,0.16,4.2,94,0.945,0.08,1,1,1,1,-1
595,25,0.16,4.2,95,0.955,0.08,1,1,1,1,-1
596,25,0.16,4.2,96,0.965,0.08,1,1,1,1,-1
597,25,0.16,4.2,97,0.975,0.08,1,1,1,1,-1
598,25,0.16,4.2,98,0.985,0.08,1,1,1,1,-1
599,25,0.16,4.2,99,0.995,0.08,1,1,1,1,-1
600,25,0.24,2.8,0,0.005,0.02666666666666663,0.6666666666666657,1,1,1,-1
601,25,0.24,2.8,1,0.015,0.02666666666666663,0.6666666666666657,1,1,1,-1
602,25,0.24,2.8,2,0.025,0.02666666666666663,0.6666666666666657,1,1,1,-1
603,25,0.24,2.8,3,0.035,0.02666666666666663,0.6666666666666657,1,1,1,-1
604,25,0.24,2.8,4,0.045,0.02666666666666663,0.6666666666666657,1,1,1,-1
605,25,0.24,2.8,5,0.055,0.02666666666666663,0.6666666666666657,1,1,1,-1
606,25,0.24,2.8,6,0.065,0.02666666666666663,0.6666666666666657,1,1,1,-1
607,25,0.24,2.8,7,0.075,0.02666666666666663,0.6666666666666657,1,1,1,-1
608,25,0.24,2.8,8,0.085,0.02666666666666663,0.6666666666666657,1,1,1,-1
609,25,0.24,2.8,9,0.095,0.02666666666666663,0.6666666666666657,1,1,1,-1
610,25,0.24,2.8,10,0.105,0.02666666666666663,0.6666666666666657,1,1,1,-1
611,25,0.24,2.8,11,0.115,0.02666666666666663,0.6666666666666657,1,1,1,-1
612,25,0.24,2.8,12,0.125,0.02666666666666663,0.6666666666666657,1,1,1,-1
613,25,0.24,2.8,13,0.135,0.02666666666666663,0.6666666666666657,1,1,1,-1
614,25,0.24,2.8,14,0.145,0.02666666666666663,0.6666666666666657,1,1,1,-1
615,25,0.24,2.8,15,0.155,0.02666666666666663,0.6666666666666657,1,1,1,-1
616,25,0.24,2.8,16,0.165,0.02666666666666663,0.6666666666666657,1,1,1,-1
617,25,0.24,2.8,17,0.175,0.02666666666666663,0.6666666666666657,1,1,1,-1
618,25,0.24,2.8,18,0.185,0.02666666666666663,0.6666666666666657,1,1,1,-1
619,25,0.24,2.8,19,0.195,0.02666666666666663,0.6666666666666657,1,1,1,-1
620,25,0.24,2.8,20,0.205,0.02666666666666663,0.6666666666666657,1,1,1,-1
621,25,0.24,2.8,21,0.215,0.02666666666666663,0.6666666666666657,1,1,1,-1
622,25,0.24,2.8,22,0.225,0.02666666666666663,0.6666666666666657,1,1,1,-1
623,25,0.24,2.8,23,0.235,0.02666666666666663,0.6666666666666657,1,1,1,-1
624,25,0.24,2.8,24,0.245,0.02666666666666663,0.6666666666666657,1,1,1,-1
625,25,0.24,2.8,25,0.255,0.02666666666666663,0.6666666666666657,1,1,1,-1
626,25,0.24,2.8,26,0.265,0.02666666666666663,0.6666666666666657,1,1,1,-1
627,25,0.24,2.8,27,0.275,0.02666666666666663,0.6666666666666657,1,1,1,-1
628,25,0.24,2.8,28,0.285,0.02666666666666663,0.6666666666666657,1,1,1,-1
629,25,0.24,2.8,29,0.295,0.02666666666666663,0.6666666666666657,1,1,1,-1
630,25,0.24,2.8,30,0.305,0.02666666666666663,0.6666666666666657,1,1,1,-1
631,25,0.24,2.8,31,0.315,0.02666666666666663,0.6666666666666657,1,1,1,-1
632,25,0.24,2.8,32,0.325,0.02666666666666663,0.6666666666666657,1,1,1,-1
633,25,0.24,2.8,33,0.335,0.02666666666666663,0.6666666666666657,0,0,0,-1
634,25,0.24,2.8,34,0.345,0.02666666666666663,0.6666666666666657,0,0,0,-1
635,25,0.24,2.8,35,0.355,0.02666666666666663,0.6666666666666657,0,0,0,-1
636,25,0.24,2.8,36,0.365,0.02666666666666663,0.6666666666666657,0,0,0,-1
637,25,0.24,2.8,37,0.375,0.02666666666666663,0.6666666666666657,0,0,0,-1
638,25,0.24,2.8,38,0.385,0.02666666666666663,0.6666666666666657,0,0,0,-1
639,25,0.24,2.8,39,0.395,0.02666666666666663,0.6666666666666657,0,0,0,-1
640,25,0.24,2.8,40,0.405,0.02666666666666663,0.6666666666666657,0,0,0,-1
641,25,0.24,2.8,41,0.415,0.02666666666666663,0.6666666666666657,0,0,0,-1
642,25,0.24,2.8,42,0.425,0.02666666666666663,0.6666666666666657,0,0,0,-1
643,25,0.24,2.8,43,0.435,0.02666666666666663,0.6666666666666657,0,0,0,-1
644,25,0.24,2.8,44,0.445,0.02666666666666663,0.6666666666666657,0,0,0,-1
645,25,0.24,2.8,45,0.455,0.02666666666666663,0.6666666666666657,0,0,0,-1
646,25,0.24,2.8,46,0.465,0.02666666666666663,0.6666666666666657,0,0,0,-1
647,25,0.24,2.8,47,0.475,0.02666666666666663,0.6666666666666657,0,0,0,-1
648,25,0.24,2.8,48,0.485,0.02666666666666663,0.6666666666666657,0,0,0,-1
649,25,0.24,2.8,49,0.495,0.02666666666666663,0.6666666666666657,0,0,0,-1
650,25,0.24,2.8,50,0.505,0.02666666666666663,0.6666666666666657,0,0,0,-1
651,25,0.24,2.8,51,0.515,0.02666666666666663,0.6666666666666657,0,0,0,-1
652,25,0.24,2.8,52,0.525,0.02666666666666663,0.6666666666666657,0,0,0,-1
653,25,0.24,2.8,53,0.535,0.02666666666666663,0.6666666666666657,0,0,0,-1
654,25,0.24,2.8,54,0.545,0.02666666666666663,0.6666666666666657,0,0,0,-1
655,25,0.24,2.8,55,0.555,0.02666666666666663,0.6666666666666657,0,0,0,-1
656,25,0.24,2.8,56,0.565,0.02666666666666663,0.6666666666666657,0,0,0,-1
657,25,0.24,2.8,57,0.575,0.02666666666666663,0.6666666666666657,0,0,0,-1
658,25,0.24,2.8,58,0.585,0.02666666666666663,0.6666666666666657,0,0,0,-1
659,25,0.24,2.8,59,0.595,0.02666666666666663,0.6666666666666657,0,0,0,-1
660,25,0.24,2.8,60,0.605,0.02666666666666663,0.6666666666666657,0,0,0,-1
661,25,0.24,2.8,61,0.615,0.02666666666666663,0.6666666666666657,0,0,0,-1
662,25,0.24,2.8,62,0.625,0.02666666666666663,0.6666666666666657,0,0,0,-1
663,25,0.24,2.8,63,0.635,0.02666666666666663,0.6666666666666657,0,0,0,-1
664,25,0.24,2.8,64,0.645,0.02666666666666663,0.6666666666666657,0,0,0,-1
665,25,0.24,2.8,65,0.655,0.02666666666666663,0.6666666666666657,0,0,0,-1
666,25,0.24,2.8,66,0.665,0.02666666666666663,0.6666666666666657,0,0,0,-1
667,25,0.24,2.8,67,0.675,0.02666666666666663,0.6666666666666657,1,1,1,-1
668,25,0.24,2.8,68,0.685,0.02666666666666663,0.6666666666666657,1,1,1,-1
669,25,0.24,2.8,69,0.695,0.02666666666666663,0.6666666666666657,1,1,1,-1
670,25,0.24,2.8,70,0.705,0.02666666666666663,0.6666666666666657,1,1,1,-1
671,25,0.24,2.8,71,0.715,0.02666666666666663,0.6666666666666657,1,1,1,-1
672,25,0.24,2.8,72,0.725,0.02666666666666663,0.6666666666666657,1,1,1,-1
673,25,0.24,2.8,73,0.735,0.02666666666666663,0.6666666666666657,1,1,1,-1
674,25,0.24,2.8,74,0.745,0.02666666666666663,0.6666666666666657,1,1,1,-1
675,25,0.24,2.8,75,0.755,0.02666666666666663,0.6666666666666657,1,1,1,-1
676,25,0.24,2.8,76,0.765,0.02666666666666663,0.6666666666666657,1,1,1,-1
677,25,0.24,2.8,77,0.775,0.02666666666666663,0.6666666666666657,1,1,1,-1
678,25,0.24,2.8,78,0.785,0.02666666666666663,0.6666666666666657,1,1,1,-1
679,25,0.24,2.8,79,0.795,0.02666666666666663,0.6666666666666657,1,1,1,-1
680,25,0.24,2.8,80,0.805,0.02666666666666663,0.6666666666666657,1,1,1,-1
681,25,0.24,2.8,81,0.815,0.02666666666666663,0.6666666666666657,1,1,1,-1
682,25,0.24,2.8,82,0.825,0.02666666666666663,0.6666666666666657,1,1,1,-1
683,25,0.24,2.8,83,0.835,0.02666666666666663,0.6666666666666657,1,1,1,-1
684,25,0.24,2.8,84,0.845,0.02666666666666663,0.6666666666666657,1,1,1,-1
685,25,0.24,2.8,85,0.855,0.02666666666666663,0.6666666666666657,1,1,1,-1
686,25,0.24,2.8,86,0.865,0.02666666666666663,0.6666666666666657,1,1,1,-1
687,25,0.24,2.8,87,0.875,0.02666666666666663,0.6666666666666657,1,1,1,-1
688,25,0.24,2.8,88,0.885,0.02666666666666663,0.6666666666666657,1,1,1,-1
689,25,0.24,2.8,89,0.895,0.02666666666666663,0.6666666666666657,1,1,1,-1
690,25,0.24,2.8,90,0.905,0.02666666666666663,0.6666666666666657,1,1,1,-1
691,25,0.24,2.8,91,0.915,0.02666666666666663,0.6666666666666657,1,1,1,-1
692,25,0.24,2.8,92,0.925,0.02666666666666663,0.6666666666666657,1,1,1,-1
693,25,0.24,2.8,93,0.935,0.02666666666666663,0.6666666666666657,1,1,1,-1
694,25,0.24,2.8,94,0.945,0.02666666666666663,0.6666666666666657,1,1,1,-1
695,25,0.24,2.8,95,0.955,0.02666666666666663,0.6666666666666657,1,1,1,-1
696,25,0.24,2.8,96,0.965,0.02666666666666663,0.6666666666666657,1,1,1,-1
697,25,0.24,2.8,97,0.975,0.02666666666666663,0.6666666666666657,1,1,1,-1
698,25,0.24,2.8,98,0.985,0.02666666666666663,0.6666666666666657,1,1,1,-1
699,25,0.24,2.8,99,0.995,0.02666666666666663,0.6666666666666657,1,1,1,-1
700,25,0.24,3.5,0,0.005,0.08639999999999999,1,1,1,1,-1
701,25,0.24,3.5,1,0.015,0.08639999999999999,1,1,1,1,-1
702,25,0.24,3.5,2,0.025,0.08639999999999999,1,1,1,1,-1
703,25,0.24,3.5,3,0.035,0.08639999999999999,1,1,1,1,-1
704,25,0.24,3.5,4,0.045,0.08639999999999999,1,1,1,1,-1
705,25,0.24,3.5,5,0.055,0.08639999999999999,1,1,1,1,-1
706,25,0.24,3.5,6,0.065,0.08639999999999999,1,1,1,1,-1
707,25,0.24,3.5,7,0.075,0.08639999999999999,1,1,1,1,-1
708,25,0.24,3.5,8,0.085,0.08639999999999999,1,1,1,1,-1
709,25,0.24,3.5,9,0.095,0.08639999999999999,1,1,1,1,-1
710,25,0.24,3.5,10,0.105,0.08639999999999999,1,1,1,1,-1
711,25,0.24,3.5,11,0.115,0.08639999999999999,1,1,1,1,-1
712,25,0.24,3.5,12,0.125,0.08639999999999999,1,1,1,1,-1
713,25,0.24,3.5,13,0.135,0.08639999999999999,1,1,1,1,-1
714,25,0.24,3.5,14,0.145,0.08639999999999999,1,1,1,1,-1
715,25,0.24,3.5,15,0.155,0.08639999999999999,1,1,1,1,-1
716,25,0.24,3.5,16,0.165,0.08639999999999999,1,1,1,1,-1
717,25,0.24,3.5,17,0.175,0.08639999999999999,1,1,1,1,-1
718,25,0.24,3.5,18,0.185,0.08639999999999999,1,1,1,1,-1
719,25,0.24,3.5,19,0.195,0.08639999999999999,1,1,1,1,-1
720,25,0.24,3.5,20,0.205,0.08639999999999999,1,1,1,1,-1
721,25,0.24,3.5,21,0.215,0.08639999999999999,1,1,1,1,-1
722,25,0.24,3.5,22,0.225,0.08639999999999999,1,1,1,1,-1
723,25,0.24,3.5,23,0.235,0.08639999999999999,1,1,1,1,-1
724,25,0.24,3.5,24,0.245,0.08639999999999999,1,1,1,1,-1
725,25,0.24,3.5,25,0.255,0.08639999999999999,1,1,1,1,-1
726,25,0.24,3.5,26,0.265,0.08639999999999999,1,1,1,1,-1
727,25,0.24,3.5,27,0.275,0.08639999999999999,1,1,1,1,-1
728,25,0.24,3.5,28,0.285,0.08639999999999999,1,1,1,1,-1
729,25,0.24,3.5,29,0.295,0.08639999999999999,1,1,1,1,-1
730,25,0.24,3.5,30,0.305,0.08639999999999999,1,1,1,1,-1
731,25,0.24,3.5,31,0.315,0.08639999999999999,1,1,1,1,-1
732,25,0.24,3.5,32,0.325,0.08639999999999999,1,1,1,1,-1
733,25,0.24,3.5,33,0.335,0.08639999999999999,1,1,1,1,-1
734,25,0.24,3.5,34,0.345,0.08639999999999999,1,1,1,1,-1
735,25,0.24,3.5,35,0.355,0.08639999999999999,1,1,1,1,-1
736,25,0.24,3.5,36,0.365,0.08639999999999999,1,1,1,1,-1
737,25,0.24,3.5,37,0.375,0.08639999999999999,1,1,1,1,-1
738,25,0.24,3.5,38,0.385,0.08639999999999999,1,1,1,1,-1
739,25,0.24,3.5,39,0.395,0.08639999999999999,1,1,1,1,-1
740,25,0.24,3.5,40,0.405,0.08639999999999999,1,1,1,1,-1
741,25,0.24,3.5,41,0.415,0.08639999999999999,1,1,1,1,-1
742,25,0.24,3.5,42,0.425,0.08639999999999999,1,1,1,1,-1
743,25,0.24,3.5,43,0.435,0.08639999999999999,1,1,1,1,-1
744,25,0.24,3.5,44,0.445,0.08639999999999999,1,1,1,1,-1
745,25,0.24,3.5,45,0.455,0.08639999999999999,1,1,1,1,-1
746,25,0.24,3.5,46,0.465,0.08639999999999999,1,1,1,1,-1
747,25,0.24,3.5,47,0.475,0.08639999999999999,1,1,1,1,-1
748,25,0.24,3.5,48,0.485,0.08639999999999999,1,1,1,1,-1
749,25,0.24,3.5,49,0.495,0.08639999999999999,1,1,1,1,-1
750,25,0.24,3.5,50,0.505,0.08639999999999999,1,1,1,1,-1
751,25,0.24,3.5,51,0.515,0.08639999999999999,1,1,1,1,-1
752,25,0.24,3.5,52,0.525,0.08639999999999999,1,1,1,1,-1
753,25,0.24,3.5,53,0.535,0.08639999999999999,1,1,1,1,-1
754,25,0.24,3.5,54,0.545,0.08639999999999999,1,1,1,1,-1
755,25,0.24,3.5,55,0.555,0.08639999999999999,1,1,1,1,-1
756,25,0.24,3.5,56,0.565,0.08639999999999999,1,1,1,1,-1
757,25,0.24,3.5,57,0.575,0.08639999999999999,1,1,1,1,-1
758,25,0.24,3.5,58,0.585,0.08639999999999999,1,1,1,1,-1
759,25,0.24,3.5,59,0.595,0.08639999999999999,1,1,1,1,-1
760,25,0.24,3.5,60,0.605,0.08639999999999999,1,1,1,1,-1
761,25,0.24,3.5,61,0.615,0.08639999999999999,1,1,1,1,-1
762,25,0.24,3.5,62,0.625,0.08639999999999999,1,1,1,1,-1
763,25,0.24,3.5,63,0.635,0.08639999999999999,1,1,1,1,-1
764,25,0.24,3.5,64,0.645,0.08639999999999999,1,1,1,1,-1
765,25,0.24,3.5,65,0.655,0.08639999999999999,1,1,1,1,-1
766,25,0.24,3.5,66,0.665,0.08639999999999999,1,1,1,1,-1
767,25,0.24,3.5,67,0.675,0.08639999999999999,1,1,1,1,-1
768,25,0.24,3.5,68,0.685,0.08639999999999999,1,1,1,1,-1
769,25,0.24,3.5,69,0.695,0.08639999999999999,1,1,1,1,-1
770,25,0.24,3.5,70,0.705,0.08639999999999999,1,1,1,1,-1
771,25,0.24,3.5,71,0.715,0.08639999999999999,1,1,1,1,-1
772,25,0.24,3.5,72,0.725,0.08639999999999999,1,1,1,1,-1
773,25,0.24,3.5,73,0.735,0.08639999999999999,1,1,1,1,-1
774,25,0.24,3.5,74,0.745,0.08639999999999999,1,1,1,1,-1
775,25,0.24,3.5,75,0.755,0.08639999999999999,1,1,1,1,-1
776,25,0.24,3.5,76,0.765,0.08639999999999999,1,1,1,1,-1
777,25,0.24,3.5,77,0.775,0.08639999999999999,1,1,1,1,-1
778,25,0.24,3.5,78,0.785,0.08639999999999999,1,1,1,1,-1
779,25,0.24,3.5,79,0.795,0.08639999999999999,1,1,1,1,-1
780,25,0.24,3.5,80,0.805,0.08639999999999999,1,1,1,1,-1
781,25,0.24,3.5,81,0.815,0.08639999999999999,1,1,1,1,-1
782,25,0.24,3.5,82,0.825,0.08639999999999999,1,1,1,1,-1
783,25,0.24,3.5,83,0.835,0.08639999999999999,1,1,1,1,-1
784,25,0.24,3.5,84,0.845,0.08639999999999999,1,1,1,1,-1
785,25,0.24,3.5,85,0.855,0.08639999999999999,1,1,1,1,-1
786,25,0.24,3.5,86,0.865,0.08639999999999999,1,1,1,1,-1
787,25,0.24,3.5,87,0.875,0.08639999999999999,1,1,1,1,-1
788,25,0.24,3.5,88,0.885,0.08639999999999999,1,1,1,1,-1
789,25,0.24,3.5,89,0.895,0.08639999999999999,1,1,1,1,-1
790,25,0.24,3.5,90,0.905,0.08639999999999999,1,1,1,1,-1
791,25,0.24,3.5,91,0.915,0.08639999999999999,1,1,1,1,-1
792,25,0.24,3.5,92,0.925,0.08639999999999999,1,1,1,1,-1
793,25,0.24,3.5,93,0.935,0.08639999999999999,1,1,1,1,-1
794,25,0.24,3.5,94,0.945,0.08639999999999999,1,1,1,1,-1
795,25,0.24,3.5,95,0.955,0.08639999999999999,1,1,1,1,-1
796,25,0.24,3.5,96,0.965,0.08639999999999999,1,1,1,1,-1
797,25,0.24,3.5,97,0.975,0.08639999999999999,1,1,1,1,-1
798,25,0.24,3.5,98,0.985,0.08639999999999999,1,1,1,1,-1
799,25,0.24,3.5,99,0.995,0.08639999999999999,1,1,1,1,-1
800,25,0.24,4.2,0,0.005,0.12,1,1,1,1,-1
801,25,0.24,4.2,1,0.015,0.12,1,1,1,1,-1
802,25,0.24,4.2,2,0.025,0.12,1,1,1,1,-1
803,25,0.24,4.2,3,0.035,0.12,1,1,1,1,-1
804,25,0.24,4.2,4,0.045,0.12,1,1,1,1,-1
805,25,0.24,4.2,5,0.055,0.12,1,1,1,1,-1
806,25,0.24,4.2,6,0.065,0.12,1,1,1,1,-1
807,25,0.24,4.2,7,0.075,0.12,1,1,1,1,-1
808,25,0.24,4.2,8,0.085,0.12,1,1,1,1,-1
809,25,0.24,4.2,9,0.095,0.12,1,1,1,1,-1
810,25,0.24,4.2,10,0.105,0.12,1,1,1,1,-1
811,25,0.24,4.2,11,0.115,0.12,1,1,1,1,-1
812,25,0.24,4.2,12,0.125,0.12,1,1,1,1,-1
813,25,0.24,4.2,13,0.135,0.12,1,1,1,1,-1
814,25,0.24,4.2,14,0.145,0.12,1,1,1,1,-1
815,25,0.24,4.2,15,0.155,0.12,1,1,1,1,-1
816,25,0.24,4.2,16,0.165,0.12,1,1,1,1,-1
817,25,0.24,4.2,17,0.175,0.12,1,1,1,1,-1
818,25,0.24,4.2,18,0.185,0.12,1,1,1,1,-1
819,25,0.24,4.2,19,0.195,0.12,1,1,1,1,-1
820,25,0.24,4.2,20,0.205,0.12,1,1,1,1,-1
821,25,0.24,4.2,21,0.215,0.12,1,1,1,1,-1
822,25,0.24,4.2,22,0.225,0.12,1,1,1,1,-1
823,25,0.24,4.2,23,0.235,0.12,1,1,1,1,-1
824,25,0.24,4.2,24,0.245,0.12,1,1,1,1,-1
825,25,0.24,4.2,25,0.255,0.12,1,1,1,1,-1
826,25,0.24,4.2,26,0.265,0.12,1,1,1,1,-1
827,25,0.24,4.2,27,0.275,0.12,1,1,1,1,-1
828,25,0.24,4.2,28,0.285,0.12,1,1,1,1,-1
829,25,0.24,4.2,29,0.295,0.12,1,1,1,1,-1
830,25,0.24,4.2,30,0.305,0.12,1,1,1,1,-1
831,25,0.24,4.2,31,0.315,0.12,1,1,1,1,-1
832,25,0.24,4.2,32,0.325,0.12,1,1,1,1,-1
833,25,0.24,4.2,33,0.335,0.12,1,1,1,1,-1
834,25,0.24,4.2,34,0.345,0.12,1,1,1,1,-1
835,25,0.24,4.2,35,0.355,0.12,1,1,1,1,-1
836,25,0.24,4.2,36,0.365,0.12,1,1,1,1,-1
837,25,0.24,4.2,37,0.375,0.12,1,1,1,1,-1
838,25,0.24,4.2,38,0.385,0.12,1,1,1,1,-1
839,25,0.24,4.2,39,0.395,0.12,1,1,1,1,-1
840,25,0.24,4.2,40,0.405,0.12,1,1,1,1,-1
841,25,0.24,4.2,41,0.415,0.12,1,1,1,1,-1
842,25,0.24,4.2,42,0.425,0.12,1,1,1,1,-1
843,25,0.24,4.2,43,0.435,0.12,1,1,1,1,-1
844,25,0.24,4.2,44,0.445,0.12,1,1,1,1,-1
845,25,0.24,4.2,45,0.455,0.12,1,1,1,1,-1
846,25,0.24,4.2,46,0.465,0.12,1,1,1,1,-1
847,25,0.24,4.2,47,0.475,0.12,1,1,1,1,-1
848,25,0.24,4.2,48,0.485,0.12,1,1,1,1,-1
849,25,0.24,4.2,49,0.495,0.12,1,1,1,1,-1
850,25,0.24,4.2,50,0.505,0.12,1,1,1,1,-1
851,25,0.24,4.2,51,0.515,0.12,1,1,1,1,-1
852,25,0.24,4.2,52,0.525,0.12,1,1,1,1,-1
853,25,0.24,4.2,53,0.535,0.12,1,1,1,1,-1
854,25,0.24,4.2,54,0.545,0.12,1,1,1,1,-1
855,25,0.24,4.2,55,0.555,0.12,1,1,1,1,-1
856,25,0.24,4.2,56,0.565,0.12,1,1,1,1,-1
857,25,0.24,4.2,57,0.575,0.12,1,1,1,1,-1
858,25,0.24,4.2,58,0.585,0.12,1,1,1,1,-1
859,25,0.24,4.2,59,0.595,0.12,1,1,1,1,-1
860,25,0.24,4.2,60,0.605,0.12,1,1,1,1,-1
861,25,0.24,4.2,61,0.615,0.12,1,1,1,1,-1
862,25,0.24,4.2,62,0.625,0.12,1,1,1,1,-1
863,25,0.24,4.2,63,0.635,0.12,1,1,1,1,-1
864,25,0.24,4.2,64,0.645,0.12,1,1,1,1,-1
865,25,0.24,4.2,65,0.655,0.12,1,1,1,1,-1
866,25,0.24,4.2,66,0.665,0.12,1,1,1,1,-1
867,25,0.24,4.2,67,0.675,0.12,1,1,1,1,-1
868,25,0.24,4.2,68,0.685,0.12,1,1,1,1,-1
869,25,0.24,4.2,69,0.695,0.12,1,1,1,1,-1
870,25,0.24,4.2,70,0.705,0.12,1,1,1,1,-1
871,25,0.24,4.2,71,0.715,0.12,1,1,1,1,-1
872,25,0.24,4.2,72,0.725,0.12,1,1,1,1,-1
873,25,0.24,4.2,73,0.735,0.12,1,1,1,1,-1
874,25,0.24,4.2,74,0.745,0.12,1,1,1,1,-1
875,25,0.24,4.2,75,0.755,0.12,1,1,1,1,-1
876,25,0.24,4.2,76,0.765,0.12,1,1,1,1,-1
877,25,0.24,4.2,77,0.775,0.12,1,1,1,1,-1
878,25,0.24,4.2,78,0.785,0.12,1,1,1,1,-1
879,25,0.24,4.2,79,0.795,0.12,1,1,1,1,-1
880,25,0.24,4.2,80,0.805,0.12,1,1,1,1,-1
881,25,0.24,4.2,81,0.815,0.12,1,1,1,1,-1
882,25,0.24,4.2,82,0.825,0.12,1,1,1,1,-1
883,25,0.24,4.2,83,0.835,0.12,1,1,1,1,-1
884,25,0.24,4.2,84,0.845,0.12,1,1,1,1,-1
885,25,0.24,4.2,85,0.855,0.12,1,1,1,1,-1
886,25,0.24,4.2,86,0.865,0.12,1,1,1,1,-1
887,25,0.24,4.2,87,0.875,0.12,1,1,1,1,-1
888,25,0.24,4.2,88,0.885,0.12,1,1,1,1,-1
889,25,0.24,4.2,89,0.895,0.12,1,1,1,1,-1
890,25,0.24,4.2,90,0.905,0.12,1,1,1,1,-1
891,25,0.24,4.2,91,0.915,0.12,1,1,1,1,-1
892,25,0.24,4.2,92,0.925,0.12,1,1,1,1,-1
893,25,0.24,4.2,93,0.935,0.12,1,1,1,1,-1
894,25,0.24,4.2,94,0.945,0.12,1,1,1,1,-1
895,25,0.24,4.2,95,0.955,0.12,1,1,1,1,-1
896,25,0.24,4.2,96,0.965,0.12,1,1,1,1,-1
897,25,0.24,4.2,97,0.975,0.12,1,1,1,1,-1
898,25,0.24,4.2,98,0.985,0.12,1,1,1,1,-1
899,25,0.24,4.2,99,0.995,0.12,1,1,1,1,-1
0,50,0.08,2.8,0,0.005,0.008888888888888878,0.4444444444444439,1,1,1,-1
1,50,0.08,2.8,1,0.015,0.008888888888888878,0.4444444444444439,1,1,1,-1
2,50,0.08,2.8,2,0.025,0.008888888888888878,0.4444444444444439,1,1,1,-1
3,50,0.08,2.8,3,0.035,0.008888888888888878,0.4444444444444439,1,1,1,-1
4,50,0.08,2.8,4,0.045,0.008888888888888878,0.4444444444444439,1,1,1,-1
5,50,0.08,2.8,5,0.055,0.008888888888888878,0.4444444444444439,1,1,1,-1
6,50,0.08,2.8,6,0.065,0.008888888888888878,0.4444444444444439,1,1,1,-1
7,50,0.08,2.8,7,0.075,0.008888888888888878,0.4444444444444439,1,1,1,-1
8,50,0.08,2.8,8,0.085,0.008888888888888878,0.4444444444444439,1,1,1,-1
9,50,0.08,2.8,9,0.095,0.008888888888888878,0.4444444444444439,1,1,1,-1
10,50,0.08,2.8,10,0.105,0.008888888888888878,0.4444444444444439,1,1,1,-1
11,50,0.08,2.8,11,0.115,0.008888888888888878,0.4444444444444439,1,1,1,-1
12,50,0.08,2.8,12,0.125,0.008888888888888878,0.4444444444444439,1,1,1,-1
13,50,0.08,2.8,13,0.135,0.008888888888888878,0.4444444444444439,1,1,1,-1
14,50,0.08,2.8,14,0.145,0.008888888888888878,0.4444444444444439,1,1,1,-1
15,50,0.08,2.8,15,0.155,0.008888888888888878,0.4444444444444439,1,1,1,-1
16,50,0.08,2.8,16,0.165,0.008888888888888878,0.4444444444444439,1,1,1,-1
17,50,0.08,2.8,17,0.175,0.008888888888888878,0.4444444444444439,1,1,1,-1
18,50,0.08,2.8,18,0.185,0.008888888888888878,0.4444444444444439,1,1,1,-1
19,50,0.08,2.8,19,0.195,0.008888888888888878,0.4444444444444439,1,1,1,-1
20,50,0.08,2.8,20,0.205,0.008888888888888878,0.4444444444444439,1,1,1,-1
21,50,0.08,2.8,21,0.215,0.008888888888888878,0.4444444444444439,1,1,1,-1
22,50,0.08,2.8,22,0.225,0.008888888888888878,0.4444444444444439,0,0,0,-1
23,50,0.08,2.8,23,0.235,0.008888888888888878,0.4444444444444439,0,0,0,-1
24,50,0.08,2.8,24,0.245,0.008888888888888878,0.4444444444444439,0,0,0,-1
25,50,0.08,2.8,25,0.255,0.008888888888888878,0.4444444444444439,0,0,0,-1
26,50,0.08,2.8,26,0.265,0.008888888888888878,0.4444444444444439,0,0,0,-1
27,50,0.08,2.8,27,0.275,0.008888888888888878,0.4444444444444439,0,0,0,-1
28,50,0.08,2.8,28,0.285,0.008888888888888878,0.4444444444444439,0,0,0,-1
29,50,0.08,2.8,29,0.295,0.008888888888888878,0.4444444444444439,0,0,0,-1
30,50,0.08,2.8,30,0.305,0.008888888888888878,0.4444444444444439,0,0,0,-1
31,50,0.08,2.8,31,0.315,0.008888888888888878,0.4444444444444439,0,0,0,-1
32,50,0.08,2.8,32,0.325,0.008888888888888878,0.4444444444444439,0,0,0,-1
33,50,0.08,2.8,33,0.335,0.008888888888888878,0.4444444444444439,0,0,0,-1
34,50,0.08,2.8,34,0.345,0.008888888888888878,0.4444444444444439,0,0,0,-1
35,50,0.08,2.8,35,0.355,0.008888888888888878,0.4444444444444439,0,0,0,-1
36,50,0.08,2.8,36,0.365,0.008888888888888878,0.4444444444444439,0,0,0,-1
37,50,0.08,2.8,37,0.375,0.008888888888888878,0.4444444444444439,0,0,0,-1
38,50,0.08,2.8,38,0.385,0.008888888888888878,0.4444444444444439,0,0,0,-1
39,50,0.08,2.8,39,0.395,0.008888888888888878,0.4444444444444439,0,0,0,-1
40,50,0.08,2.8,40,0.405,0.008888888888888878,0.4444444444444439,0,0,0,-1
41,50,0.08,2.8,41,0.415,0.008888888888888878,0.4444444444444439,0,0,0,-1
42,50,0.08,2.8,42,0.425,0.008888888888888878,0.4444444444444439,0,0,0,-1
43,50,0.08,2.8,43,0.435,0.008888888888888878,0.4444444444444439,0,0,0,-1
44,50,0.08,2.8,44,0.445,0.008888888888888878,0.4444444444444439,0,0,0,-1
45,50,0.08,2.8,45,0.455,0.008888888888888878,0.4444444444444439,0,0,0,-1
46,50,0.08,2.8,46,0.465,0.008888888888888878,0.4444444444444439,0,0,0,-1
47,50,0.08,2.8,47,0.475,0.008888888888888878,0.4444444444444439,0,0,0,-1
48,50,0.08,2.8,48,0.485,0.008888888888888878,0.4444444444444439,0,0,0,-1
49,50,0.08,2.8,49,0.495,0.008888888888888878,0.4444444444444439,0,0,0,-1
50,50,0.08,2.8,50,0.505,0.008888888888888878,0.4444444444444439,0,0,0,-1
51,50,0.08,2.8,51,0.515,0.008888888888888878,0.4444444444444439,0,0,0,-1
52,50,0.08,2.8,52,0.525,0.008888888888888878,0.4444444444444439,0,0,0,-1
53,50,0.08,2.8,53,0.535,0.008888888888888878,0.4444444444444439,0,0,0,-1
54,50,0.08,2.8,54,0.545,0.008888888888888878,0.4444444444444439,0,0,0,-1
55,50,0.08,2.8,55,0.555,0.008888888888888878,0.4444444444444439,0,0,0,-1
56,50,0.08,2.8,56,0.565,0.008888888888888878,0.4444444444444439,0,0,0,-1
57,50,0.08,2.8,57,0.575,0.008888888888888878,0.4444444444444439,0,0,0,-1
58,50,0.08,2.8,58,0.585,0.008888888888888878,0.4444444444444439,0,0,0,-1
59,50,0.08,2.8,59,0.595,0.008888888888888878,0.4444444444444439,0,0,0,-1
60,50,0.08,2.8,60,0.605,0.008888888888888878,0.4444444444444439,0,0,0,-1
61,50,0.08,2.8,61,0.615,0.008888888888888878,0.4444444444444439,0,0,0,-1
62,50,0.08,2.8,62,0.625,0.008888888888888878,0.4444444444444439,0,0,0,-1
63,50,0.08,2.8,63,0.635,0.008888888888888878,0.4444444444444439,0,0,0,-1
64,50,0.08,2.8,64,0.645,0.008888888888888878,0.4444444444444439,0,0,0,-1
65,50,0.08,2.8,65,0.655,0.008888888888888878,0.4444444444444439,0,0,0,-1
66,50,0.08,2.8,66,0.665,0.008888888888888878,0.4444444444444439,0,0,0,-1
67,50,0.08,2.8,67,0.675,0.008888888888888878,0.4444444444444439,0,0,0,-1
68,50,0.08,2.8,68,0.685,0.008888888888888878,0.4444444444444439,0,0,0,-1
69,50,0.08,2.8,69,0.695,0.008888888888888878,0.4444444444444439,0,0,0,-1
70,50,0.08,2.8,70,0.705,0.008888888888888878,0.4444444444444439,0,0,0,-1
71,50,0.08,2.8,71,0.715,0.008888888888888878,0.4444444444444439,0,0,0,-1
72,50,0.08,2.8,72,0.725,0.008888888888888878,0.4444444444444439,0,0,0,-1
73,50,0.08,2.8,73,0.735,0.008888888888888878,0.4444444444444439,0,0,0,-1
74,50,0.08,2.8,74,0.745,0.008888888888888878,0.4444444444444439,0,0,0,-1
75,50,0.08,2.8,75,0.755,0.008888888888888878,0.4444444444444439,0,0,0,-1
76,50,0.08,2.8,76,0.765,0.008888888888888878,0.4444444444444439,0,0,0,-1
77,50,0.08,2.8,77,0.775,0.008888888888888878,0.4444444444444439,0,0,0,-1
78,50,0.08,2.8,78,0.785,0.008888888888888878,0.4444444444444439,1,1,1,-1
79,50,0.08,2.8,79,0.795,0.008888888888888878,0.4444444444444439,1,1,1,-1
80,50,0.08,2.8,80,0.805,0.008888888888888878,0.4444444444444439,1,1,1,-1
81,50,0.08,2.8,81,0.815,0.008888888888888878,0.4444444444444439,1,1,1,-1
82,50,0.08,2.8,82,0.825,0.008888888888888878,0.4444444444444439,1,1,1,-1
83,50,0.08,2.8,83,0.835,0.008888888888888878,0.4444444444444439,1,1,1,-1
84,50,0.08,2.8,84,0.845,0.008888888888888878,0.4444444444444439,1,1,1,-1
85,50,0.08,2.8,85,0.855,0.008888888888888878,0.4444444444444439,1,1,1,-1
86,50,0.08,2.8,86,0.865,0.008888888888888878,0.4444444444444439,1,1,1,-1
87,50,0.08,2.8,87,0.875,0.008888888888888878,0.4444444444444439,1,1,1,-1
88,50,0.08,2.8,88,0.885,0.008888888888888878,0.4444444444444439,1,1,1,-1
89,50,0.08,2.8,89,0.895,0.008888888888888878,0.4444444444444439,1,1,1,-1
90,50,0.08,2.8,90,0.905,0.008888888888888878,0.4444444444444439,1,1,1,-1
91,50,0.08,2.8,91,0.915,0.008888888888888878,0.4444444444444439,1,1,1,-1
92,50,0.08,2.8,92,0.925,0.008888888888888878,0.4444444444444439,1,1,1,-1
93,50,0.08,2.8,93,0.935,0.008888888888888878,0.4444444444444439,1,1,1,-1
94,50,0.08,2.8,94,0.945,0.008888888888888878,0.4444444444444439,1,1,1,-1
95,50,0.08,2.8,95,0.955,0.008888888888888878,0.4444444444444439,1,1,1,-1
96,50,0.08,2.8,96,0.965,0.008888888888888878,0.4444444444444439,1,1,1,-1
97,50,0.08,2.8,97,0.975,0.008888888888888878,0.4444444444444439,1,1,1,-1
98,50,0.08,2.8,98,0.985,0.008888888888888878,0.4444444444444439,1,1,1,-1
99,50,0.08,2.8,99,0.995,0.008888888888888878,0.4444444444444439,1,1,1,-1
100,50,0.08,3.5,0,0.005,0.0288,1,1,1,1,-1
101,50,0.08,3.5,1,0.015,0.0288,1,1,1,1,-1
102,50,0.08,3.5,2,0.025,0.0288,1,1,1,1,-1
103,50,0.08,3.5,3,0.035,0.0288,1,1,1,1,-1
104,50,0.08,3.5,4,0.045,0.0288,1,1,1,1,-1
105,50,0.08,3.5,5,0.055,0.0288,1,1,1,1,-1
106,50,0.08,3.5,6,0.065,0.0288,1,1,1,1,-1
107,50,0.08,3.5,7,0.075,0.0288,1,1,1,1,-1
108,50,0.08,3.5,8,0.085,0.0288,1,1,1,1,-1
109,50,0.08,3.5,9,0.095,0.0288,1,1,1,1,-1
110,50,0.08,3.5,10,0.105,0.0288,1,1,1,1,-1
111,50,0.08,3.5,11,0.115,0.0288,1,1,1,1,-1
112,50,0.08,3.5,12,0.125,0.0288,1,1,1,1,-1
113,50,0.08,3.5,13,0.135,0.0288,1,1,1,1,-1
114,50,0.08,3.5,14,0.145,0.0288,1,1,1,1,-1
115,50,0.08,3.5,15,0.155,0.0288,1,1,1,1,-1
116,50,0.08,3.5,16,0.165,0.0288,1,1,1,1,-1
117,50,0.08,3.5,17,0.175,0.0288,1,1,1,1,-1
118,50,0.08,3.5,18,0.185,0.0288,1,1,1,1,-1
119,50,0.08,3.5,19,0.195,0.0288,1,1,1,1,-1
120,50,0.08,3.5,20,0.205,0.0288,1,1,1,1,-1
121,50,0.08,3.5,21,0.215,0.0288,1,1,1,1,-1
122,50,0.08,3.5,22,0.225,0.0288,1,1,1,1,-1
123,50,0.08,3.5,23,0.235,0.0288,1,1,1,1,-1
124,50,0.08,3.5,24,0.245,0.0288,1,1,1,1,-1
125,50,0.08,3.5,25,0.255,0.0288,1,1,1,1,-1
126,50,0.08,3.5,26,0.265,0.0288,1,1,1,1,-1
127,50,0.08,3.5,27,0.275,0.0288,1,1,1,1,-1
128,50,0.08,3.5,28,0.285,0.0288,1,1,1,1,-1
129,50,0.08,3.5,29,0.295,0.0288,1,1,1,1,-1
130,50,0.08,3.5,30,0.305,0.0288,1,1,1,1,-1
131,50,0.08,3.5,31,0.315,0.0288,1,1,1,1,-1
132,50,0.08,3.5,32,0.325,0.0288,1,1,1,1,-1
133,50,0.08,3.5,33,0.335,0.0288,1,1,1,1,-1
134,50,0.08,3.5,34,0.345,0.0288,1,1,1,1,-1
135,50,0.08,3.5,35,0.355,0.0288,1,1,1,1,-1
136,50,0.08,3.5,36,0.365,0.0288,1,1,1,1,-1
137,50,0.08,3.5,37,0.375,0.0288,1,1,1,1,-1
138,50,0.08,3.5,38,0.385,0.0288,1,1,1,1,-1
139,50,0.08,3.5,39,0.395,0.0288,1,1,1,1,-1
140,50,0.08,3.5,40,0.405,0.0288,1,1,1,1,-1
141,50,0.08,3.5,41,0.415,0.0288,1,1,1,1,-1
142,50,0.08,3.5,42,0.425,0.0288,1,1,1,1,-1
143,50,0.08,3.5,43,0.435,0.0288,1,1,1,1,-1
144,50,0.08,3.5,44,0.445,0.0288,1,1,1,1,-1
145,50,0.08,3.5,45,0.455,0.0288,1,1,1,1,-1
146,50,0.08,3.5,46,0.465,0.0288,1,1,1,1,-1
147,50,0.08,3.5,47,0.475,0.0288,1,1,1,1,-1
148,50,0.08,3.5,48,0.485,0.0288,1,1,1,1,-1
149,50,0.08,3.5,49,0.495,0.0288,1,1,1,1,-1
150,50,0.08,3.5,50,0.505,0.0288,1,1,1,1,-1
151,50,0.08,3.5,51,0.515,0.0288,1,1,1,1,-1
152,50,0.08,3.5,52,0.525,0.0288,1,1,1,1,-1
153,50,0.08,3.5,53,0.535,0.0288,1,1,1,1,-1
154,50,0.08,3.5,54,0.545,0.0288,1,1,1,1,-1
155,50,0.08,3.5,55,0.555,0.0288,1,1,1,1,-1
156,50,0.08,3.5,56,0.565,0.0288,1,1,1,1,-1
157,50,0.08,3.5,57,0.575,0.0288,1,1,1,1,-1
158,50,0.08,3.5,58,0.585,0.0288,1,1,1,1,-1
159,50,0.08,3.5,59,0.595,0.0288,1,1,1,1,-1
160,50,0.08,3.5,60,0.605,0.0288,1,1,1,1,-1
161,50,0.08,3.5,61,0.615,0.0288,1,1,1,1,-1
162,50,0.08,3.5,62,0.625,0.0288,1,1,1,1,-1
163,50,0.08,3.5,63,0.635,0.0288,1,1,1,1,-1
164,50,0.08,3.5,64,0.645,0.0288,1,1,1,1,-1
165,50,0.08,3.5,65,0.655,0.0288,1,1,1,1,-1
166,50,0.08,3.5,66,0.665,0.0288,1,1,1,1,-1
167,50,0.08,3.5,67,0.675,0.0288,1,1,1,1,-1
168,50,0.08,3.5,68,0.685,0.0288,1,1,1,1,-1
169,50,0.08,3.5,69,0.695,0.0288,1,1,1,1,-1
170,50,0.08,3.5,70,0.705,0.0288,1,1,1,1,-1
171,50,0.08,3.5,71,0.715,0.0288,1,1,1,1,-1
172,50,0.08,3.5,72,0.725,0.0288,1,1,1,1,-1
173,50,0.08,3.5,73,0.735,0.0288,1,1,1,1,-1
174,50,0.08,3.5,74,0.745,0.0288,1,1,1,1,-1
175,50,0.08,3.5,75,0.755,0.0288,1,1,1,1,-1
176,50,0.08,3.5,76,0.765,0.0288,1,1,1,1,-1
177,50,0.08,3.5,77,0.775,0.0288,1,1,1,1,-1
178,50,0.08,3.5,78,0.785,0.0288,1,1,1,1,-1
179,50,0.08,3.5,79,0.795,0.0288,1,1,1,1,-1
180,50,0.08,3.5,80,0.805,0.0288,1,1,1,1,-1
181,50,0.08,3.5,81,0.815,0.0288,1,1,1,1,-1
182,50,0.08,3.5,82,0.825,0.0288,1,1,1,1,-1
183,50,0.08,3.5,83,0.835,0.0288,1,1,1,1,-1
184,50,0.08,3.5,84,0.845,0.0288,1,1,1,1,-1
185,50,0.08,3.5,85,0.855,0.0288,1,1,1,1,-1
186,50,0.08,3.5,86,0.865,0.0288,1,1,1,1,-1
187,50,0.08,3.5,87,0.875,0.0288,1,1,1,1,-1
188,50,0.08,3.5,88,0.885,0.0288,1,1,1,1,-1
189,50,0.08,3.5,89,0.895,0.0288,1,1,1,1,-1
190,50,0.08,3.5,90,0.905,0.0288,1,1,1,1,-1
191,50,0.08,3.5,91,0.915,0.0288,1,1,1,1,-1
192,50,0.08,3.5,92,0.925,0.0288,1,1,1,1,-1
193,50,0.08,3.5,93,0.935,0.0288,1,1,1,1,-1
194,50,0.08,3.5,94,0.945,0.0288,1,1,1,1,-1
195,50,0.08,3.5,95,0.955,0.0288,1,1,1,1,-1
196,50,0.08,3.5,96,0.965,0.0288,1,1,1,1,-1
197,50,0.08,3.5,97,0.975,0.0288,1,1,1,1,-1
198,50,0.08,3.5,98,0.985,0.0288,1,1,1,1,-1
199,50,0.08,3.5,99,0.995,0.0288,1,1,1,1,-1
200,50,0.08,4.2,0,0.005,0.04,1,1,1,1,-1
201,50,0.08,4.2,1,0.015,0.04,1,1,1,1,-1
202,50,0.08,4.2,2,0.025,0.04,1,1,1,1,-1
203,50,0.08,4.2,3,0.035,0.04,1,1,1,1,-1
204,50,0.08,4.2,4,0.045,0.04,1,1,1,1,-1
205,50,0.08,4.2,5,0.055,0.04,1,1,1,1,-1
206,50,0.08,4.2,6,0.065,0.04,1,1,1,1,-1
207,50,0.08,4.2,7,0.075,0.04,1,1,1,1,-1
208,50,0.08,4.2,8,0.085,0.04,1,1,1,1,-1
209,50,0.08,4.2,9,0.095,0.04,1,1,1,1,-1
210,50,0.08,4.2,10,0.105,0.04,1,1,1,1,-1
211,50,0.08,4.2,11,0.115,0.04,1,1,1,1,-1
212,50,0.08,4.2,12,0.125,0.04,1,1,1,1,-1
213,50,0.08,4.2,13,0.135,0.04,1,1,1,1,-1
214,50,0.08,4.2,14,0.145,0.04,1,1,1,1,-1
215,50,0.08,4.2,15,0.155,0.04,1,1,1,1,-1
216,50,0.08,4.2,16,0.165,0.04,1,1,1,1,-1
217,50,0.08,4.2,17,0.175,0.04,1,1,1,1,-1
218,50,0.08,4.2,18,0.185,0.04,1,1,1,1,-1
219,50,0.08,4.2,19,0.195,0.04,1,1,1,1,-1
220,50,0.08,4.2,20,0.205,0.04,1,1,1,1,-1
221,50,0.08,4.2,21,0.215,0.04,1,1,1,1,-1
222,50,0.08,4.2,22,0.225,0.04,1,1,1,1,-1
223,50,0.08,4.2,23,0.235,0.04,1,1,1,1,-1
224,50,0.08,4.2,24,0.245,0.04,1,1,1,1,-1
225,50,0.08,4.2,25,0.255,0.04,1,1,1,1,-1
226,50,0.08,4.2,26,0.265,0.04,1,1,1,1,-1
227,50,0.08,4.2,27,0.275,0.04,1,1,1,1,-1
228,50,0.08,4.2,28,0.285,0.04,1,1,1,1,-1
229,50,0.08,4.2,29,0.295,0.04,1,1,1,1,-1
230,50,0.08,4.2,30,0.305,0.04,1,1,1,1,-1
231,50,0.08,4.2,31,0.315,0.04,1,1,1,1,-1
232,50,0.08,4.2,32,0.325,0.04,1,1,1,1,-1
233,50,0.08,4.2,33,0.335,0.04,1,1,1,1,-1
234,50,0.08,4.2,34,0.345,0.04,1,1,1,1,-1
235,50,0.08,4.2,35,0.355,0.04,1,1,1,1,-1
236,50,0.08,4.2,36,0.365,0.04,1,1,1,1,-1
237,50,0.08,4.2,37,0.375,0.04,1,1,1,1,-1
238,50,0.08,4.2,38,0.385,0.04,1,1,1,1,-1
239,50,0.08,4.2,39,0.395,0.04,1,1,1,1,-1
240,50,0.08,4.2,40,0.405,0.04,1,1,1,1,-1
241,50,0.08,4.2,41,0.415,0.04,1,1,1,1,-1
242,50,0.08,4.2,42,0.425,0.04,1,1,1,1,-1
243,50,0.08,4.2,43,0.435,0.04,1,1,1,1,-1
244,50,0.08,4.2,44,0.445,0.04,1,1,1,1,-1
245,50,0.08,4.2,45,0.455,0.04,1,1,1,1,-1
246,50,0.08,4.2,46,0.465,0.04,1,1,1,1,-1
247,50,0.08,4.2,47,0.475,0.04,1,1,1,1,-1
248,50,0.08,4.2,48,0.485,0.04,1,1,1,1,-1
249,50,0.08,4.2,49,0.495,0.04,1,1,1,1,-1
250,50,0.08,4.2,50,0.505,0.04,1,1,1,1,-1
251,50,0.08,4.2,51,0.515,0.04,1,1,1,1,-1
252,50,0.08,4.2,52,0.525,0.04,1,1,1,1,-1
253,50,0.08,4.2,53,0.535,0.04,1,1,1,1,-1
254,50,0.08,4.2,54,0.545,0.04,1,1,1,1,-1
255,50,0.08,4.2,55,0.555,0.04,1,1,1,1,-1
256,50,0.08,4.2,56,0.565,0.04,1,1,1,1,-1
257,50,0.08,4.2,57,0.575,0.04,1,1,1,1,-1
258,50,0.08,4.2,58,0.585,0.04,1,1,1,1,-1
259,50,0.08,4.2,59,0.595,0.04,1,1,1,1,-1
260,50,0.08,4.2,60,0.605,0.04,1,1,1,1,-1
261,50,0.08,4.2,61,0.615,0.04,1,1,1,1,-1
262,50,0.08,4.2,62,0.625,0.04,1,1,1,1,-1
263,50,0.08,4.2,63,0.635,0.04,1,1,1,1,-1
264,50,0.08,4.2,64,0.645,0.04,1,1,1,1,-1
265,50,0.08,4.2,65,0.655,0.04,1,1,1,1,-1
266,50,0.08,4.2,66,0.665,0.04,1,1,1,1,-1
267,50,0.08,4.2,67,0.675,0.04,1,1,1,1,-1
268,50,0.08,4.2,68,0.685,0.04,1,1,1,1,-1
269,50,0.08,4.2,69,0.695,0.04,1,1,1,1,-1
270,50,0.08,4.2,70,0.705,0.04,1,1,1,1,-1
271,50,0.08,4.2,71,0.715,0.04,1,1,1,1,-1
272,50,0.08,4.2,72,0.725,0.04,1,1,1,1,-1
273,50,0.08,4.2,73,0.735,0.04,1,1,1,1,-1
274,50,0.08,4.2,74,0.745,0.04,1,1,1,1,-1
275,50,0.08,4.2,75,0.755,0.04,1,1,1,1,-1
276,50,0.08,4.2,76,0.765,0.04,1,1,1,1,-1
277,50,0.08,4.2,77,0.775,0.04,1,1,1,1,-1
278,50,0.08,4.2,78,0.785,0.04,1,1,1,1,-1
279,50,0.08,4.2,79,0.795,0.04,1,1,1,1,-1
280,50,0.08,4.2,80,0.805,0.04,1,1,1,1,-1
281,50,0.08,4.2,81,0.815,0.04,1,1,1,1,-1
282,50,0.08,4.2,82,0.825,0.04,1,1,1,1,-1
283,50,0.08,4.2,83,0.835,0.04,1,1,1,1,-1
284,50,0.08,4.2,84,0.845,0.04,1,1,1,1,-1
285,50,0.08,4.2,85,0.855,0.04,1,1,1,1,-1
286,50,0.08,4.2,86,0.865,0.04,1,1,1,1,-1
287,50,0.08,4.2,87,0.875,0.04,1,1,1,1,-1
288,50,0.08,4.2,88,0.885,0.04,1,1,1,1,-1
289,50,0.08,4.2,89,0.895,0.04,1,1,1,1,-1
290,50,0.08,4.2,90,0.905,0.04,1,1,1,1,-1
291,50,0.08,4.2,91,0.915,0.04,1,1,1,1,-1
292,50,0.08,4.2,92,0.925,0.04,1,1,1,1,-1
293,50,0.08,4.2,93,0.935,0.04,1,1,1,1,-1
294,50,0.08,4.2,94,0.945,0.04,1,1,1,1,-1
295,50,0.08,4.2,95,0.955,0.04,1,1,1,1,-1
296,50,0.08,4.2,96,0.965,0.04,1,1,1,1,-1
297,50,0.08,4.2,97,0.975,0.04,1,1,1,1,-1
298,50,0.08,4.2,98,0.985,0.04,1,1,1,1,-1
299,50,0.08,4.2,99,0.995,0.04,1,1,1,1,-1
300,50,0.16,2.8,0,0.005,0.017777777777777757,0.8888888888888878,1,1,1,-1
301,50,0.16,2.8,1,0.015,0.017777777777777757,0.8888888888888878,1,1,1,-1
302,50,0.16,2.8,2,0.025,0.017777777777777757,0.8888888888888878,1,1,1,-1
303,50,0.16,2.8,3,0.035,0.017777777777777757,0.8888888888888878,1,1,1,-1
304,50,0.16,2.8,4,0.045,0.017777777777777757,0.8888888888888878,1,1,1,-1
305,50,0.16,2.8,5,0.055,0.017777777777777757,0.8888888888888878,1,1,1,-1
306,50,0.16,2.8,6,0.065,0.017777777777777757,0.8888888888888878,1,1,1,-1
307,50,0.16,2.8,7,0.075,0.017777777777777757,0.8888888888888878,1,1,1,-1
308,50,0.16,2.8,8,0.085,0.017777777777777757,0.8888888888888878,1,1,1,-1
309,50,0.16,2.8,9,0.095,0.017777777777777757,0.8888888888888878,1,1,1,-1
310,50,0.16,2.8,10,0.105,0.017777777777777757,0.8888888888888878,1,1,1,-1
311,50,0.16,2.8,11,0.115,0.017777777777777757,0.8888888888888878,1,1,1,-1
312,50,0.16,2.8,12,0.125,0.017777777777777757,0.8888888888888878,1,1,1,-1
313,50,0.16,2.8,13,0.135,0.017777777777777757,0.8888888888888878,1,1,1,-1
314,50,0.16,2.8,14,0.145,0.017777777777777757,0.8888888888888878,1,1,1,-1
315,50,0.16,2.8,15,0.155,0.017777777777777757,0.8888888888888878,1,1,1,-1
316,50,0.16,2.8,16,0.165,0.017777777777777757,0.8888888888888878,1,1,1,-1
317,50,0.16,2.8,17,0.175,0.017777777777777757,0.8888888888888878,1,1,1,-1
318,50,0.16,2.8,18,0.185,0.017777777777777757,0.8888888888888878,1,1,1,-1
319,50,0.16,2.8,19,0.195,0.017777777777777757,0.8888888888888878,1,1,1,-1
320,50,0.16,2.8,20,0.205,0.017777777777777757,0.8888888888888878,1,1,1,-1
321,50,0.16,2.8,21,0.215,0.017777777777777757,0.8888888888888878,1,1,1,-1
322,50,0.16,2.8,22,0.225,0.017777777777777757,0.8888888888888878,1,1,1,-1
323,50,0.16,2.8,23,0.235,0.017777777777777757,0.8888888888888878,1,1,1,-1
324,50,0.16,2.8,24,0.245,0.017777777777777757,0.8888888888888878,1,1,1,-1
325,50,0.16,2.8,25,0.255,0.017777777777777757,0.8888888888888878,1,1,1,-1
326,50,0.16,2.8,26,0.265,0.017777777777777757,0.8888888888888878,1,1,1,-1
327,50,0.16,2.8,27,0.275,0.017777777777777757,0.8888888888888878,1,1,1,-1
328,50,0.16,2.8,28,0.285,0.017777777777777757,0.8888888888888878,1,1,1,-1
329,50,0.16,2.8,29,0.295,0.017777777777777757,0.8888888888888878,1,1,1,-1
330,50,0.16,2.8,30,0.305,0.017777777777777757,0.8888888888888878,1,1,1,-1
331,50,0.16,2.8,31,0.315,0.017777777777777757,0.8888888888888878,1,1,1,-1
332,50,0.16,2.8,32,0.325,0.017777777777777757,0.8888888888888878,1,1,1,-1
333,50,0.16,2.8,33,0.335,0.017777777777777757,0.8888888888888878,1,1,1,-1
334,50,0.16,2.8,34,0.345,0.017777777777777757,0.8888888888888878,1,1,1,-1
335,50,0.16,2.8,35,0.355,0.017777777777777757,0.8888888888888878,1,1,1,-1
336,50,0.16,2.8,36,0.365,0.017777777777777757,0.8888888888888878,1,1,1,-1
337,50,0.16,2.8,37,0.375,0.017777777777777757,0.8888888888888878,1,1,1,-1
338,50,0.16,2.8,38,0.385,0.017777777777777757,0.8888888888888878,1,1,1,-1
339,50,0.16,2.8,39,0.395,0.017777777777777757,0.8888888888888878,1,1,1,-1
340,50,0.16,2.8,40,0.405,0.017777777777777757,0.8888888888888878,1,1,1,-1
341,50,0.16,2.8,41,0.415,0.017777777777777757,0.8888888888888878,1,1,1,-1
342,50,0.16,2.8,42,0.425,0.017777777777777757,0.8888888888888878,1,1,1,-1
343,50,0.16,2.8,43,0.435,0.017777777777777757,0.8888888888888878,1,1,1,-1
344,50,0.16,2.8,44,0.445,0.017777777777777757,0.8888888888888878,0,0,0,-1
345,50,0.16,2.8,45,0.455,0.017777777777777757,0.8888888888888878,0,0,0,-1
346,50,0.16,2.8,46,0.465,0.017777777777777757,0.8888888888888878,0,0,0,-1
347,50,0.16,2.8,47,0.475,0.017777777777777757,0.8888888888888878,0,0,0,-1
348,50,0.16,2.8,48,0.485,0.017777777777777757,0.8888888888888878,0,0,0,-1
349,50,0.16,2.8,49,0.495,0.017777777777777757,0.8888888888888878,0,0,0,-1
350,50,0.16,2.8,50,0.505,0.017777777777777757,0.8888888888888878,0,0,0,-1
351,50,0.16,2.8,51,0.515,0.017777777777777757,0.8888888888888878,0,0,0,-1
352,50,0.16,2.8,52,0.525,0.017777777777777757,0.8888888888888878,0,0,0,-1
353,50,0.16,2.8,53,0.535,0.017777777777777757,0.8888888888888878,0,0,0,-1
354,50,0.16,2.8,54,0.545,0.017777777777777757,0.8888888888888878,0,0,0,-1
355,50,0.16,2.8,55,0.555,0.017777777777777757,0.8888888888888878,0,0,0,-1
356,50,0.16,2.8,56,0.565,0.017777777777777757,0.8888888888888878,1,1,1,-1
357,50,0.16,2.8,57,0.575,0.017777777777777757,0.8888888888888878,1,1,1,-1
358,50,0.16,2.8,58,0.585,0.017777777777777757,0.8888888888888878,1,1,1,-1
359,50,0.16,2.8,59,0.595,0.017777777777777757,0.8888888888888878,1,1,1,-1
360,50,0.16,2.8,60,0.605,0.017777777777777757,0.8888888888888878,1,1,1,-1
361,50,0.16,2.8,61,0.615,0.017777777777777757,0.8888888888888878,1,1,1,-1
362,50,0.16,2.8,62,0.625,0.017777777777777757,0.8888888888888878,1,1,1,-1
363,50,0.16,2.8,63,0.635,0.017777777777777757,0.8888888888888878,1,1,1,-1
364,50,0.16,2.8,64,0.645,0.017777777777777757,0.8888888888888878,1,1,1,-1
365,50,0.16,2.8,65,0.655,0.017777777777777757,0.8888888888888878,1,1,1,-1
366,50,0.16,2.8,66,0.665,0.017777777777777757,0.8888888888888878,1,1,1,-1
367,50,0.16,2.8,67,0.675,0.017777777777777757,0.8888888888888878,1,1,1,-1
368,50,0.16,2.8,68,0.685,0.017777777777777757,0.8888888888888878,1,1,1,-1
369,50,0.16,2.8,69,0.695,0.017777777777777757,0.8888888888888878,1,1,1,-1
370,50,0.16,2.8,70,0.705,0.017777777777777757,0.8888888888888878,1,1,1,-1
371,50,0.16,2.8,71,0.715,0.017777777777777757,0.8888888888888878,1,1,1,-1
372,50,0.16,2.8,72,0.725,0.017777777777777757,0.8888888888888878,1,1,1,-1
373,50,0.16,2.8,73,0.735,0.017777777777777757,0.8888888888888878,1,1,1,-1
374,50,0.16,2.8,74,0.745,0.017777777777777757,0.8888888888888878,1,1,1,-1
375,50,0.16,2.8,75,0.755,0.017777777777777757,0.8888888888888878,1,1,1,-1
376,50,0.16,2.8,76,0.765,0.017777777777777757,0.8888888888888878,1,1,1,-1
377,50,0.16,2.8,77,0.775,0.017777777777777757,0.8888888888888878,1,1,1,-1
378,50,0.16,2.8,78,0.785,0.017777777777777757,0.8888888888888878,1,1,1,-1
379,50,0.16,2.8,79,0.795,0.017777777777777757,0.8888888888888878,1,1,1,-1
380,50,0.16,2.8,80,0.805,0.017777777777777757,0.8888888888888878,1,1,1,-1
381,50,0.16,2.8,81,0.815,0.017777777777777757,0.8888888888888878,1,1,1,-1
382,50,0.16,2.8,82,0.825,0.017777777777777757,0.8888888888888878,1,1,1,-1
383,50,0.16,2.8,83,0.835,0.017777777777777757,0.8888888888888878,1,1,1,-1
384,50,0.16,2.8,84,0.845,0.017777777777777757,0.8888888888888878,1,1,1,-1
385,50,0.16,2.8,85,0.855,0.017777777777777757,0.8888888888888878,1,1,1,-1
386,50,0.16,2.8,86,0.865,0.017777777777777757,0.8888888888888878,1,1,1,-1
387,50,0.16,2.8,87,0.875,0.017777777777777757,0.8888888888888878,1,1,1,-1
388,50,0.16,2.8,88,0.885,0.017777777777777757,0.8888888888888878,1,1,1,-1
389,50,0.16,2.8,89,0.895,0.017777777777777757,0.8888888888888878,1,1,1,-1
390,50,0.16,2.8,90,0.905,0.017777777777777757,0.8888888888888878,1,1,1,-1
391,50,0.16,2.8,91,0.915,0.017777777777777757,0.8888888888888878,1,1,1,-1
392,50,0.16,2.8,92,0.925,0.017777777777777757,0.8888888888888878,1,1,1,-1
393,50,0.16,2.8,93,0.935,0.017777777777777757,0.8888888888888878,1,1,1,-1
394,50,0.16,2.8,94,0.945,0.017777777777777757,0.8888888888888878,1,1,1,-1
395,50,0.16,2.8,95,0.955,0.017777777777777757,0.8888888888888878,1,1,1,-1
396,50,0.16,2.8,96,0.965,0.017777777777777757,0.8888888888888878,1,1,1,-1
397,50,0.16,2.8,97,0.975,0.017777777777777757,0.8888888888888878,1,1,1,-1
398,50,0.16,2.8,98,0.985,0.017777777777777757,0.8888888888888878,1,1,1,-1
399,50,0.16,2.8,99,0.995,0.017777777777777757,0.8888888888888878,1,1,1,-1
400,50,0.16,3.5,0,0.005,0.0576,1,1,1,1,-1
401,50,0.16,3.5,1,0.015,0.0576,1,1,1,1,-1
402,50,0.16,3.5,2,0.025,0.0576,1,1,1,1,-1
403,50,0.16,3.5,3,0.035,0.0576,1,1,1,1,-1
404,50,0.16,3.5,4,0.045,0.0576,1,1,1,1,-1
405,50,0.16,3.5,5,0.055,0.0576,1,1,1,1,-1
406,50,0.16,3.5,6,0.065,0.0576,1,1,1,1,-1
407,50,0.16,3.5,7,0.075,0.0576,1,1,1,1,-1
408,50,0.16,3.5,8,0.085,0.0576,1,1,1,1,-1
409,50,0.16,3.5,9,0.095,0.0576,1,1,1,1,-1
410,50,0.16,3.5,10,0.105,0.0576,1,1,1,1,-1
411,50,0.16,3.5,11,0.115,0.0576,1,1,1,1,-1
412,50,0.16,3.5,12,0.125,0.0576,1,1,1,1,-1
413,50,0.16,3.5,13,0.135,0.0576,1,1,1,1,-1
414,50,0.16,3.5,14,0.145,0.0576,1,1,1,1,-1
415,50,0.16,3.5,15,0.155,0.0576,1,1,1,1,-1
416,50,0.16,3.5,16,0.165,0.0576,1,1,1,1,-1
417,50,0.16,3.5,17,0.175,0.0576,1,1,1,1,-1
418,50,0.16,3.5,18,0.185,0.0576,1,1,1,1,-1
419,50,0.16,3.5,19,0.195,0.0576,1,1,1,1,-1
420,50,0.16,3.5,20,0.205,0.0576,1,1,1,1,-1
421,50,0.16,3.5,21,0.215,0.0576,1,1,1,1,-1
422,50,0.16,3.5,22,0.225,0.0576,1,1,1,1,-1
423,50,0.16,3.5,23,0.235,0.0576,1,1,1,1,-1
424,50,0.16,3.5,24,0.245,0.0576,1,1,1,1,-1
425,50,0.16,3.5,25,0.255,0.0576,1,1,1,1,-1
426,50,0.16,3.5,26,0.265,0.0576,1,1,1,1,-1
427,50,0.16,3.5,27,0.275,0.0576,1,1,1,1,-1
428,50,0.16,3.5,28,0.285,0.0576,1,1,1,1,-1
429,50,0.16,3.5,29,0.295,0.0576,1,1,1,1,-1
430,50,0.16,3.5,30,0.305,0.0576,1,1,1,1,-1
431,50,0.16,3.5,31,0.315,0.0576,1,1,1,1,-1
432,50,0.16,3.5,32,0.325,0.0576,1,1,1,1,-1
433,50,0.16,3.5,33,0.335,0.0576,1,1,1,1,-1
434,50,0.16,3.5,34,0.345,0.0576,1,1,1,1,-1
435,50,0.16,3.5,35,0.355,0.0576,1,1,1,1,-1
436,50,0.16,3.5,36,0.365,0.0576,1,1,1,1,-1
437,50,0.16,3.5,37,0.375,0.0576,1,1,1,1,-1
438,50,0.16,3.5,38,0.385,0.0576,1,1,1,1,-1
439,50,0.16,3.5,39,0.395,0.0576,1,1,1,1,-1
440,50,0.16,3.5,40,0.405,0.0576,1,1,1,1,-1
441,50,0.16,3.5,41,0.415,0.0576,1,1,1,1,-1
442,50,0.16,3.5,42,0.425,0.0576,1,1,1,1,-1
443,50,0.16,3.5,43,0.435,0.0576,1,1,1,1,-1
444,50,0.16,3.5,44,0.445,0.0576,1,1,1,1,-1
445,50,0.16,3.5,45,0.455,0.0576,1,1,1,1,-1
446,50,0.16,3.5,46,0.465,0.0576,1,1,1,1,-1
447,50,0.16,3.5,47,0.475,0.0576,1,1,1,1,-1
448,50,0.16,3.5,48,0.485,0.0576,1,1,1,1,-1
449,50,0.16,3.5,49,0.495,0.0576,1,1,1,1,-1
450,50,0.16,3.5,50,0.505,0.0576,1,1,1,1,-1
451,50,0.16,3.5,51,0.515,0.0576,1,1,1,1,-1
452,50,0.16,3.5,52,0.525,0.0576,1,1,1,1,-1
453,50,0.16,3.5,53,0.535,0.0576,1,1,1,1,-1
454,50,0.16,3.5,54,0.545,0.0576,1,1,1,1,-1
455,50,0.16,3.5,55,0.555,0.0576,1,1,1,1,-1
456,50,0.16,3.5,56,0.565,0.0576,1,1,1,1,-1
457,50,0.16,3.5,57,0.575,0.0576,1,1,1,1,-1
458,50,0.16,3.5,58,0.585,0.0576,1,1,1,1,-1
459,50,0.16,3.5,59,0.595,0.0576,1,1,1,1,-1
460,50,0.16,3.5,60,0.605,0.0576,1,1,1,1,-1
461,50,0.16,3.5,61,0.615,0.0576,1,1,1,1,-1
462,50,0.16,3.5,62,0.625,0.0576,1,1,1,1,-1
463,50,0.16,3.5,63,0.635,0.0576,1,1,1,1,-1
464,50,0.16,3.5,64,0.645,0.0576,1,1,1,1,-1
465,50,0.16,3.5,65,0.655,0.0576,1,1,1,1,-1
466,50,0.16,3.5,66,0.665,0.0576,1,1,1,1,-1
467,50,0.16,3.5,67,0.675,0.0576,1,1,1,1,-1
468,50,0.16,3.5,68,0.685,0.0576,1,1,1,1,-1
469,50,0.16,3.5,69,0.695,0.0576,1,1,1,1,-1
470,50,0.16,3.5,70,0.705,0.0576,1,1,1,1,-1
471,50,0.16,3.5,71,0.715,0.0576,1,1,1,1,-1
472,50,0.16,3.5,72,0.725,0.0576,1,1,1,1,-1
473,50,0.16,3.5,73,0.735,0.0576,1,1,1,1,-1
474,50,0.16,3.5,74,0.745,0.0576,1,1,1,1,-1
475,50,0.16,3.5,75,0.755,0.0576,1,1,1,1,-1
476,50,0.16,3.5,76,0.765,0.0576,1,1,1,1,-1
477,50,0.16,3.5,77,0.775,0.0576,1,1,1,1,-1
478,50,0.16,3.5,78,0.785,0.0576,1,1,1,1,-1
479,50,0.16,3.5,79,0.795,0.0576,1,1,1,1,-1
480,50,0.16,3.5,80,0.805,0.0576,1,1,1,1,-1
481,50,0.16,3.5,81,0.815,0.0576,1,1,1,1,-1
482,50,0.16,3.5,82,0.825,0.0576,1,1,1,1,-1
483,50,0.16,3.5,83,0.835,0.0576,1,1,1,1,-1
484,50,0.16,3.5,84,0.845,0.0576,1,1,1,1,-1
485,50,0.16,3.5,85,0.855,0.0576,1,1,1,1,-1
486,50,0.16,3.5,86,0.865,0.0576,1,1,1,1,-1
487,50,0.16,3.5,87,0.875,0.0576,1,1,1,1,-1
488,50,0.16,3.5,88,0.885,0.0576,1,1,1,1,-1
489,50,0.16,3.5,89,0.895,0.0576,1,1,1,1,-1
490,50,0.16,3.5,90,0.905,0.0576,1,1,1,1,-1
491,50,0.16,3.5,91,0.915,0.0576,1,1,1,1,-1
492,50,0.16,3.5,92,0.925,0.0576,1,1,1,1,-1
493,50,0.16,3.5,93,0.935,0.0576,1,1,1,1,-1
494,50,0.16,3.5,94,0.945,0.0576,1,1,1,1,-1
495,50,0.16,3.5,95,0.955,0.0576,1,1,1,1,-1
496,50,0.16,3.5,96,0.965,0.0576,1,1,1,1,-1
497,50,0.16,3.5,97,0.975,0.0576,1,1,1,1,-1
498,50,0.16,3.5,98,0.985,0.0576,1,1,1,1,-1
499,50,0.16,3.5,99,0.995,0.0576,1,1,1,1,-1
500,50,0.16,4.2,0,0.005,0.08,1,1,1,1,-1
501,50,0.16,4.2,1,0.015,0.08,1,1,1,1,-1
502,50,0.16,4.2,2,0.025,0.08,1,1,1,1,-1
503,50,0.16,4.2,3,0.035,0.08,1,1,1,1,-1
504,50,0.16,4.2,4,0.045,0.08,1,1,1,1,-1
505,50,0.16,4.2,5,0.055,0.08,1,1,1,1,-1
506,50,0.16,4.2,6,0.065,0.08,1,1,1,1,-1
507,50,0.16,4.2,7,0.075,0.08,1,1,1,1,-1
508,50,0.16,4.2,8,0.085,0.08,1,1,1,1,-1
509,50,0.16,4.2,9,0.095,0.08,1,1,1,1,-1
510,50,0.16,4.2,10,0.105,0.08,1,1,1,1,-1
511,50,0.16,4.2,11,0.115,0.08,1,1,1,1,-1
512,50,0.16,4.2,12,0.125,0.08,1,1,1,1,-1
513,50,0.16,4.2,13,0.135,0.08,1,1,1,1,-1
514,50,0.16,4.2,14,0.145,0.08,1,1,1,1,-1
515,50,0.16,4.2,15,0.155,0.08,1,1,1,1,-1
516,50,0.16,4.2,16,0.165,0.08,1,1,1,1,-1
517,50,0.16,4.2,17,0.175,0.08,1,1,1,1,-1
518,50,0.16,4.2,18,0.185,0.08,1,1,1,1,-1
519,50,0.16,4.2,19,0.195,0.08,1,1,1,1,-1
520,50,0.16,4.2,20,0.205,0.08,1,1,1,1,-1
521,50,0.16,4.2,21,0.215,0.08,1,1,1,1,-1
522,50,0.16,4.2,22,0.225,0.08,1,1,1,1,-1
523,50,0.16,4.2,23,0.235,0.08,1,1,1,1,-1
524,50,0.16,4.2,24,0.245,0.08,1,1,1,1,-1
525,50,0.16,4.2,25,0.255,0.08,1,1,1,1,-1
526,50,0.16,4.2,26,0.265,0.08,1,1,1,1,-1
527,50,0.16,4.2,27,0.275,0.08,1,1,1,1,-1
528,50,0.16,4.2,28,0.285,0.08,1,1,1,1,-1
529,50,0.16,4.2,29,0.295,0.08,1,1,1,1,-1
530,50,0.16,4.2,30,0.305,0.08,1,1,1,1,-1
531,50,0.16,4.2,31,0.315,0.08,1,1,1,1,-1
532,50,0.16,4.2,32,0.325,0.08,1,1,1,1,-1
533,50,0.16,4.2,33,0.335,0.08,1,1,1,1,-1
534,50,0.16,4.2,34,0.345,0.08,1,1,1,1,-1
535,50,0.16,4.2,35,0.355,0.08,1,1,1,1,-1
536,50,0.16,4.2,36,0.365,0.08,1,1,1,1,-1
537,50,0.16,4.2,37,0.375,0.08,1,1,1,1,-1
538,50,0.16,4.2,38,0.385,0.08,1,1,1,1,-1
539,50,0.16,4.2,39,0.395,0.08,1,1,1,1,-1
540,50,0.16,4.2,40,0.405,0.08,1,1,1,1,-1
541,50,0.16,4.2,41,0.415,0.08,1,1,1,1,-1
542,50,0.16,4.2,42,0.425,0.08,1,1,1,1,-1
543,50,0.16,4.2,43,0.435,0.08,1,1,1,1,-1
544,50,0.16,4.2,44,0.445,0.08,1,1,1,1,-1
545,50,0.16,4.2,45,0.455,0.08,1,1,1,1,-1
546,50,0.16,4.2,46,0.465,0.08,1,1,1,1,-1
547,50,0.16,4.2,47,0.475,0.08,1,1,1,1,-1
548,50,0.16,4.2,48,0.485,0.08,1,1,1,1,-1
549,50,0.16,4.2,49,0.495,0.08,1,1,1,1,-1
550,50,0.16,4.2,50,0.505,0.08,1,1,1,1,-1
551,50,0.16,4.2,51,0.515,0.08,1,1,1,1,-1
552,50,0.16,4.2,52,0.525,0.08,1,1,1,1,-1
553,50,0.16,4.2,53,0.535,0.08,1,1,1,1,-1
554,50,0.16,4.2,54,0.545,0.08,1,1,1,1,-1
555,50,0.16,4.2,55,0.555,0.08,1,1,1,1,-1
556,50,0.16,4.2,56,0.565,0.08,1,1,1,1,-1
557,50,0.16,4.2,57,0.575,0.08,1,1,1,1,-1
558,50,0.16,4.2,58,0.585,0.08,1,1,1,1,-1
559,50,0.16,4.2,59,0.595,0.08,1,1,1,1,-1
560,50,0.16,4.2,60,0.605,0.08,1,1,1,1,-1
561,50,0.16,4.2,61,0.615,0.08,1,1,1,1,-1
562,50,0.16,4.2,62,0.625,0.08,1,1,1,1,-1
563,50,0.16,4.2,63,0.635,0.08,1,1,1,1,-1
564,50,0.16,4.2,64,0.645,0.08,1,1,1,1,-1
565,50,0.16,4.2,65,0.655,0.08,1,1,1,1,-1
566,50,0.16,4.2,66,0.665,0.08,1,1,1,1,-1
567,50,0.16,4.2,67,0.675,0.08,1,1,1,1,-1
568,50,0.16,4.2,68,0.685,0.08,1,1,1,1,-1
569,50,0.16,4.2,69,0.695,0.08,1,1,1,1,-1
570,50,0.16,4.2,70,0.705,0.08,1,1,1,1,-1
571,50,0.16,4.2,71,0.715,0.08,1,1,1,1,-1
572,50,0.16,4.2,72,0.725,0.08,1,1,1,1,-1
573,50,0.16,4.2,73,0.735,0.08,1,1,1,1,-1
574,50,0.16,4.2,74,0.745,0.08,1,1,1,1,-1
575,50,0.16,4.2,75,0.755,0.08,1,1,1,1,-1
576,50,0.16,4.2,76,0.765,0.08,1,1,1,1,-1
577,50,0.16,4.2,77,0.775,0.08,1,1,1,1,-1
578,50,0.16,4.2,78,0.785,0.08,1,1,1,1,-1
579,50,0.16,4.2,79,0.795,0.08,1,1,1,1,-1
580,50,0.16,4.2,80,0.805,0.08,1,1,1,1,-1
581,50,0.16,4.2,81,0.815,0.08,1,1,1,1,-1
582,50,0.16,4.2,82,0.825,0.08,1,1,1,1,-1
583,50,0.16,4.2,83,0.835,0.08,1,1,1,1,-1
584,50,0.16,4.2,84,0.845,0.08,1,1,1,1,-1
585,50,0.16,4.2,85,0.855,0.08,1,1,1,1,-1
586,50,0.16,4.2,86,0.865,0.08,1,1,1,1,-1
587,50,0.16,4.2,87,0.875,0.08,1,1,1,1,-1
588,50,0.16,4.2,88,0.885,0.08,1,1,1,1,-1
589,50,0.16,4.2,89,0.895,0.08,1,1,1,1,-1
590,50,0.16,4.2,90,0.905,0.08,1,1,1,1,-1
591,50,0.16,4.2,91,0.915,0.08,1,1,1,1,-1
592,50,0.16,4.2,92,0.925,0.08,1,1,1,1,-1
593,50,0.16,4.2,93,0.935,0.08,1,1,1,1,-1
594,50,0.16,4.2,94,0.945,0.08,1,1,1,1,-1
595,50,0.16,4.2,95,0.955,0.08,1,1,1,1,-1
596,50,0.16,4.2,96,0.965,0.08,1,1,1,1,-1
597,50,0.16,4.2,97,0.975,0.08,1,1,1,1,-1
598,50,0.16,4.2,98,0.985,0.08,1,1,1,1,-1
599,50,0.16,4.2,99,0.995,0.08,1,1,1,1,-1
600,50,0.24,2.8,0,0.005,0.02666666666666663,1,1,1,1,-1
601,50,0.24,2.8,1,0.015,0.02666666666666663,1,1,1,1,-1
602,50,0.24,2.8,2,0.025,0.02666666666666663,1,1,1,1,-1
603,50,0.24,2.8,3,0.035,0.02666666666666663,1,1,1,1,-1
604,50,0.24,2.8,4,0.045,0.02666666666666663,1,1,1,1,-1
605,50,0.24,2.8,5,0.055,0.02666666666666663,1,1,1,1,-1
606,50,0.24,2.8,6,0.065,0.02666666666666663,1,1,1,1,-1
607,50,0.24,2.8,7,0.075,0.02666666666666663,1,1,1,1,-1
608,50,0.24,2.8,8,0.085,0.02666666666666663,1,1,1,1,-1
609,50,0.24,2.8,9,0.095,0.02666666666666663,1,1,1,1,-1
610,50,0.24,2.8,10,0.105,0.02666666666666663,1,1,1,1,-1
611,50,0.24,2.8,11,0.115,0.02666666666666663,1,1,1,1,-1
612,50,0.24,2.8,12,0.125,0.02666666666666663,1,1,1,1,-1
613,50,0.24,2.8,13,0.135,0.02666666666666663,1,1,1,1,-1
614,50,0.24,2.8,14,0.145,0.02666666666666663,1,1,1,1,-1
615,50,0.24,2.8,15,0.155,0.02666666666666663,1,1,1,1,-1
616,50,0.24,2.8,16,0.165,0.02666666666666663,1,1,1,1,-1
617,50,0.24,2.8,17,0.175,0.02666666666666663,1,1,1,1,-1
618,50,0.24,2.8,18,0.185,0.02666666666666663,1,1,1,1,-1
619,50,0.24,2.8,19,0.195,0.02666666666666663,1,1,1,1,-1
620,50,0.24,2.8,20,0.205,0.02666666666666663,1,1,1,1,-1
621,50,0.24,2.8,21,0.215,0.02666666666666663,1,1,1,1,-1
622,50,0.24,2.8,22,0.225,0.02666666666666663,1,1,1,1,-1
623,50,0.24,2.8,23,0.235,0.02666666666666663,1,1,1,1,-1
624,50,0.24,2.8,24,0.245,0.02666666666666663,1,1,1,1,-1
625,50,0.24,2.8,25,0.255,0.02666666666666663,1,1,1,1,-1
626,50,0.24,2.8,26,0.265,0.02666666666666663,1,1,1,1,-1
627,50,0.24,2.8,27,0.275,0.02666666666666663,1,1,1,1,-1
628,50,0.24,2.8,28,0.285,0.02666666666666663,1,1,1,1,-1
629,50,0.24,2.8,29,0.295,0.02666666666666663,1,1,1,1,-1
630,50,0.24,2.8,30,0.305,0.02666666666666663,1,1,1,1,-1
631,50,0.24,2.8,31,0.315,0.02666666666666663,1,1,1,1,-1
632,50,0.24,2.8,32,0.325,0.02666666666666663,1,1,1,1,-1
633,50,0.24,2.8,33,0.335,0.02666666666666663,1,1,1,1,-1
634,50,0.24,2.8,34,0.345,0.02666666666666663,1,1,1,1,-1
635,50,0.24,2.8,35,0.355,0.02666666666666663,1,1,1,1,-1
636,50,0.24,2.8,36,0.365,0.02666666666666663,1,1,1,1,-1
637,50,0.24,2.8,37,0.375,0.02666666666666663,1,1,1,1,-1
638,50,0.24,2.8,38,0.385,0.02666666666666663,1,1,1,1,-1
639,50,0.24,2.8,39,0.395,0.02666666666666663,1,1,1,1,-1
640,50,0.24,2.8,40,0.405,0.02666666666666663,1,1,1,1,-1
641,50,0.24,2.8,41,0.415,0.02666666666666663,1,1,1,1,-1
642,50,0.24,2.8,42,0.425,0.02666666666666663,1,1,1,1,-1
643,50,0.24,2.8,43,0.435,0.02666666666666663,1,1,1,1,-1
644,50,0.24,2.8,44,0.445,0.02666666666666663,1,1,1,1,-1
645,50,0.24,2.8,45,0.455,0.02666666666666663,1,1,1,1,-1
646,50,0.24,2.8,46,0.465,0.02666666666666663,1,1,1,1,-1
647,50,0.24,2.8,47,0.475,0.02666666666666663,1,1,1,1,-1
648,50,0.24,2.8,48,0.485,0.02666666666666663,1,1,1,1,-1
649,50,0.24,2.8,49,0.495,0.02666666666666663,1,1,1,1,-1
650,50,0.24,2.8,50,0.505,0.02666666666666663,1,1,1,1,-1
651,50,0.24,2.8,51,0.515,0.02666666666666663,1,1,1,1,-1
652,50,0.24,2.8,52,0.525,0.02666666666666663,1,1,1,1,-1
653,50,0.24,2.8,53,0.535,0.02666666666666663,1,1,1,1,-1
654,50,0.24,2.8,54,0.545,0.02666666666666663,1,1,1,1,-1
655,50,0.24,2.8,55,0.555,0.02666666666666663,1,1,1,1,-1
656,50,0.24,2.8,56,0.565,0.02666666666666663,1,1,1,1,-1
657,50,0.24,2.8,57,0.575,0.02666666666666663,1,1,1,1,-1
658,50,0.24,2.8,58,0.585,0.02666666666666663,1,1,1,1,-1
659,50,0.24,2.8,59,0.595,0.02666666666666663,1,1,1,1,-1
660,50,0.24,2.8,60,0.605,0.02666666666666663,1,1,1,1,-1
661,50,0.24,2.8,61,0.615,0.02666666666666663,1,1,1,1,-1
662,50,0.24,2.8,62,0.625,0.02666666666666663,1,1,1,1,-1
663,50,0.24,2.8,63,0.635,0.02666666666666663,1,1,1,1,-1
664,50,0.24,2.8,64,0.645,0.02666666666666663,1,1,1,1,-1
665,50,0.24,2.8,65,0.655,0.02666666666666663,1,1,1,1,-1
666,50,0.24,2.8,66,0.665,0.02666666666666663,1,1,1,1,-1
667,50,0.24,2.8,67,0.675,0.02666666666666663,1,1,1,1,-1
668,50,0.24,2.8,68,0.685,0.02666666666666663,1,1,1,1,-1
669,50,0.24,2.8,69,0.695,0.02666666666666663,1,1,1,1,-1
670,50,0.24,2.8,70,0.705,0.02666666666666663,1,1,1,1,-1
671,50,0.24,2.8,71,0.715,0.02666666666666663,1,1,1,1,-1
672,50,0.24,2.8,72,0.725,0.02666666666666663,1,1,1,1,-1
673,50,0.24,2.8,73,0.735,0.02666666666666663,1,1,1,1,-1
674,50,0.24,2.8,74,0.745,0.02666666666666663,1,1,1,1,-1
675,50,0.24,2.8,75,0.755,0.02666666666666663,1,1,1,1,-1
676,50,0.24,2.8,76,0.765,0.02666666666666663,1,1,1,1,-1
677,50,0.24,2.8,77,0.775,0.02666666666666663,1,1,1,1,-1
678,50,0.24,2.8,78,0.785,0.02666666666666663,1,1,1,1,-1
679,50,0.24,2.8,79,0.795,0.02666666666666663,1,1,1,1,-1
680,50,0.24,2.8,80,0.805,0.02666666666666663,1,1,1,1,-1
681,50,0.24,2.8,81,0.815,0.02666666666666663,1,1,1,1,-1
682,50,0.24,2.8,82,0.825,0.02666666666666663,1,1,1,1,-1
683,50,0.24,2.8,83,0.835,0.02666666666666663,1,1,1,1,-1
684,50,0.24,2.8,84,0.845,0.02666666666666663,1,1,1,1,-1
685,50,0.24,2.8,85,0.855,0.02666666666666663,1,1,1,1,-1
686,50,0.24,2.8,86,0.865,0.02666666666666663,1,1,1,1,-1
687,50,0.24,2.8,87,0.875,0.02666666666666663,1,1,1,1,-1
688,50,0.24,2.8,88,0.885,0.02666666666666663,1,1,1,1,-1
689,50,0.24,2.8,89,0.895,0.02666666666666663,1,1,1,1,-1
690,50,0.24,2.8,90,0.905,0.02666666666666663,1,1,1,1,-1
691,50,0.24,2.8,91,0.915,0.02666666666666663,1,1,1,1,-1
692,50,0.24,2.8,92,0.925,0.02666666666666663,1,1,1,1,-1
693,50,0.24,2.8,93,0.935,0.02666666666666663,1,1,1,1,-1
694,50,0.24,2.8,94,0.945,0.02666666666666663,1,1,1,1,-1
695,50,0.24,2.8,95,0.955,0.02666666666666663,1,1,1,1,-1
696,50,0.24,2.8,96,0.965,0.02666666666666663,1,1,1,1,-1
697,50,0.24,2.8,97,0.975,0.02666666666666663,1,1,1,1,-1
698,50,0.24,2.8,98,0.985,0.02666666666666663,1,1,1,1,-1
699,50,0.24,2.8,99,0.995,0.02666666666666663,1,1,1,1,-1
700,50,0.24,3.5,0,0.005,0.08639999999999999,1,1,1,1,-1
701,50,0.24,3.5,1,0.015,0.08639999999999999,1,1,1,1,-1
702,50,0.24,3.5,2,0.025,0.08639999999999999,1,1,1,1,-1
703,50,0.24,3.5,3,0.035,0.08639999999999999,1,1,1,1,-1
704,50,0.24,3.5,4,0.045,0.08639999999999999,1,1,1,1,-1
705,50,0.24,3.5,5,0.055,0.08639999999999999,1,1,1,1,-1
706,50,0.24,3.5,6,0.065,0.08639999999999999,1,1,1,1,-1
707,50,0.24,3.5,7,0.075,0.08639999999999999,1,1,1,1,-1
708,50,0.24,3.5,8,0.085,0.08639999999999999,1,1,1,1,-1
709,50,0.24,3.5,9,0.095,0.08639999999999999,1,1,1,1,-1
710,50,0.24,3.5,10,0.105,0.08639999999999999,1,1,1,1,-1
711,50,0.24,3.5,11,0.115,0.08639999999999999,1,1,1,1,-1
712,50,0.24,3.5,12,0.125,0.08639999999999999,1,1,1,1,-1
713,50,0.24,3.5,13,0.135,0.08639999999999999,1,1,1,1,-1
714,50,0.24,3.5,14,0.145,0.08639999999999999,1,1,1,1,-1
715,50,0.24,3.5,15,0.155,0.08639999999999999,1,1,1,1,-1
716,50,0.24,3.5,16,0.165,0.08639999999999999,1,1,1,1,-1
717,50,0.24,3.5,17,0.175,0.08639999999999999,1,1,1,1,-1
718,50,0.24,3.5,18,0.185,0.08639999999999999,1,1,1,1,-1
719,50,0.24,3.5,19,0.195,0.08639999999999999,1,1,1,1,-1
720,50,0.24,3.5,20,0.205,0.08639999999999999,1,1,1,1,-1
721,50,0.24,3.5,21,0.215,0.08639999999999999,1,1,1,1,-1
722,50,0.24,3.5,22,0.225,0.08639999999999999,1,1,1,1,-1
723,50,0.24,3.5,23,0.235,0.08639999999999999,1,1,1,1,-1
724,50,0.24,3.5,24,0.245,0.08639999999999999,1,1,1,1,-1
725,50,0.24,3.5,25,0.255,0.08639999999999999,1,1,1,1,-1
726,50,0.24,3.5,26,0.265,0.08639999999999999,1,1,1,1,-1
727,50,0.24,3.5,27,0.275,0.08639999999999999,1,1,1,1,-1
728,50,0.24,3.5,28,0.285,0.08639999999999999,1,1,1,1,-1
729,50,0.24,3.5,29,0.295,0.08639999999999999,1,1,1,1,-1
730,50,0.24,3.5,30,0.305,0.08639999999999999,1,1,1,1,-1
731,50,0.24,3.5,31,0.315,0.08639999999999999,1,1,1,1,-1
732,50,0.24,3.5,32,0.325,0.08639999999999999,1,1,1,1,-1
733,50,0.24,3.5,33,0.335,0.08639999999999999,1,1,1,1,-1
734,50,0.24,3.5,34,0.345,0.08639999999999999,1,1,1,1,-1
735,50,0.24,3.5,35,0.355,0.08639999999999999,1,1,1,1,-1
736,50,0.24,3.5,36,0.365,0.08639999999999999,1,1,1,1,-1
737,50,0.24,3.5,37,0.375,0.08639999999999999,1,1,1,1,-1
738,50,0.24,3.5,38,0.385,0.08639999999999999,1,1,1,1,-1
739,50,0.24,3.5,39,0.395,0.08639999999999999,1,1,1,1,-1
740,50,0.24,3.5,40,0.405,0.08639999999999999,1,1,1,1,-1
741,50,0.24,3.5,41,0.415,0.08639999999999999,1,1,1,1,-1
742,50,0.24,3.5,42,0.425,0.08639999999999999,1,1,1,1,-1
743,50,0.24,3.5,43,0.435,0.08639999999999999,1,1,1,1,-1
744,50,0.24,3.5,44,0.445,0.08639999999999999,1,1,1,1,-1
745,50,0.24,3.5,45,0.455,0.08639999999999999,1,1,1,1,-1
746,50,0.24,3.5,46,0.465,0.08639999999999999,1,1,1,1,-1
747,50,0.24,3.5,47,0.475,0.08639999999999999,1,1,1,1,-1
748,50,0.24,3.5,48,0.485,0.08639999999999999,1,1,1,1,-1
749,50,0.24,3.5,49,0.495,0.08639999999999999,1,1,1,1,-1
750,50,0.24,3.5,50,0.505,0.08639999999999999,1,1,1,1,-1
751,50,0.24,3.5,51,0.515,0.08639999999999999,1,1,1,1,-1
752,50,0.24,3.5,52,0.525,0.08639999999999999,1,1,1,1,-1
753,50,0.24,3.5,53,0.535,0.08639999999999999,1,1,1,1,-1
754,50,0.24,3.5,54,0.545,0.08639999999999999,1,1,1,1,-1
755,50,0.24,3.5,55,0.555,0.08639999999999999,1,1,1,1,-1
756,50,0.24,3.5,56,0.565,0.08639999999999999,1,1,1,1,-1
757,50,0.24,3.5,57,0.575,0.08639999999999999,1,1,1,1,-1
758,50,0.24,3.5,58,0.585,0.08639999999999999,1,1,1,1,-1
759,50,0.24,3.5,59,0.595,0.08639999999999999,1,1,1,1,-1
760,50,0.24,3.5,60,0.605,0.08639999999999999,1,1,1,1,-1
761,50,0.24,3.5,61,0.615,0.08639999999999999,1,1,1,1,-1
762,50,0.24,3.5,62,0.625,0.08639999999999999,1,1,1,1,-1
763,50,0.24,3.5,63,0.635,0.08639999999999999,1,1,1,1,-1
764,50,0.24,3.5,64,0.645,0.08639999999999999,1,1,1,1,-1
765,50,0.24,3.5,65,0.655,0.08639999999999999,1,1,1,1,-1
766,50,0.24,3.5,66,0.665,0.08639999999999999,1,1,1,1,-1
767,50,0.24,3.5,67,0.675,0.08639999999999999,1,1,1,1,-1
768,50,0.24,3.5,68,0.685,0.08639999999999999,1,1,1,1,-1
769,50,0.24,3.5,69,0.695,0.08639999999999999,1,1,1,1,-1
770,50,0.24,3.5,70,0.705,0.08639999999999999,1,1,1,1,-1
771,50,0.24,3.5,71,0.715,0.08639999999999999,1,1,1,1,-1
772,50,0.24,3.5,72,0.725,0.08639999999999999,1,1,1,1,-1
773,50,0.24,3.5,73,0.735,0.08639999999999999,1,1,1,1,-1
774,50,0.24,3.5,74,0.745,0.08639999999999999,1,1,1,1,-1
775,50,0.24,3.5,75,0.755,0.08639999999999999,1,1,1,1,-1
776,50,0.24,3.5,76,0.765,0.08639999999999999,1,1,1,1,-1
777,50,0.24,3.5,77,0.775,0.08639999999999999,1,1,1,1,-1
778,50,0.24,3.5,78,0.785,0.08639999999999999,1,1,1,1,-1
779,50,0.24,3.5,79,0.795,0.08639999999999999,1,1,1,1,-1
780,50,0.24,3.5,80,0.805,0.08639999999999999,1,1,1,1,-1
781,50,0.24,3.5,81,0.815,0.08639999999999999,1,1,1,1,-1
782,50,0.24,3.5,82,0.825,0.08639999999999999,1,1,1,1,-1
783,50,0.24,3.5,83,0.835,0.08639999999999999,1,1,1,1,-1
784,50,0.24,3.5,84,0.845,0.08639999999999999,1,1,1,1,-1
785,50,0.24,3.5,85,0.855,0.08639999999999999,1,1,1,1,-1
786,50,0.24,3.5,86,0.865,0.08639999999999999,1,1,1,1,-1
787,50,0.24,3.5,87,0.875,0.08639999999999999,1,1,1,1,-1
788,50,0.24,3.5,88,0.885,0.08639999999999999,1,1,1,1,-1
789,50,0.24,3.5,89,0.895,0.08639999999999999,1,1,1,1,-1
790,50,0.24,3.5,90,0.905,0.08639999999999999,1,1,1,1,-1
791,50,0.24,3.5,91,0.915,0.08639999999999999,1,1,1,1,-1
792,50,0.24,3.5,92,0.925,0.08639999999999999,1,1,1,1,-1
793,50,0.24,3.5,93,0.935,0.08639999999999999,1,1,1,1,-1
794,50,0.24,3.5,94,0.945,0.08639999999999999,1,1,1,1,-1
795,50,0.24,3.5,95,0.955,0.08639999999999999,1,1,1,1,-1
796,50,0.24,3.5,96,0.965,0.08639999999999999,1,1,1,1,-1
797,50,0.24,3.5,97,0.975,0.08639999999999999,1,1,1,1,-1
798,50,0.24,3.5,98,0.985,0.08639999999999999,1,1,1,1,-1
799,50,0.24,3.5,99,0.995,0.08639999999999999,1,1,1,1,-1
800,50,0.24,4.2,0,0.005,0.12,1,1,1,1,-1
801,50,0.24,4.2,1,0.015,0.12,1,1,1,1,-1
802,50,0.24,4.2,2,0.025,0.12,1,1,1,1,-1
803,50,0.24,4.2,3,0.035,0.12,1,1,1,1,-1
804,50,0.24,4.2,4,0.045,0.12,1,1,1,1,-1
805,50,0.24,4.2,5,0.055,0.12,1,1,1,1,-1
806,50,0.24,4.2,6,0.065,0.12,1,1,1,1,-1
807,50,0.24,4.2,7,0.075,0.12,1,1,1,1,-1
808,50,0.24,4.2,8,0.085,0.12,1,1,1,1,-1
809,50,0.24,4.2,9,0.095,0.12,1,1,1,1,-1
810,50,0.24,4.2,10,0.105,0.12,1,1,1,1,-1
811,50,0.24,4.2,11,0.115,0.12,1,1,1,1,-1
812,50,0.24,4.2,12,0.125,0.12,1,1,1,1,-1
813,50,0.24,4.2,13,0.135,0.12,1,1,1,1,-1
814,50,0.24,4.2,14,0.145,0.12,1,1,1,1,-1
815,50,0.24,4.2,15,0.155,0.12,1,1,1,1,-1
816,50,0.24,4.2,16,0.165,0.12,1,1,1,1,-1
817,50,0.24,4.2,17,0.175,0.12,1,1,1,1,-1
818,50,0.24,4.2,18,0.185,0.12,1,1,1,1,-1
819,50,0.24,4.2,19,0.195,0.12,1,1,1,1,-1
820,50,0.24,4.2,20,0.205,0.12,1,1,1,1,-1
821,50,0.24,4.2,21,0.215,0.12,1,1,1,1,-1
822,50,0.24,4.2,22,0.225,0.12,1,1,1,1,-1
823,50,0.24,4.2,23,0.235,0.12,1,1,1,1,-1
824,50,0.24,4.2,24,0.245,0.12,1,1,1,1,-1
825,50,0.24,4.2,25,0.255,0.12,1,1,1,1,-1
826,50,0.24,4.2,26,0.265,0.12,1,1,1,1,-1
827,50,0.24,4.2,27,0.275,0.12,1,1,1,1,-1
828,50,0.24,4.2,28,0.285,0.12,1,1,1,1,-1
829,50,0.24,4.2,29,0.295,0.12,1,1,1,1,-1
830,50,0.24,4.2,30,0.305,0.12,1,1,1,1,-1
831,50,0.24,4.2,31,0.315,0.12,1,1,1,1,-1
832,50,0.24,4.2,32,0.325,0.12,1,1,1,1,-1
833,50,0.24,4.2,33,0.335,0.12,1,1,1,1,-1
834,50,0.24,4.2,34,0.345,0.12,1,1,1,1,-1
835,50,0.24,4.2,35,0.355,0.12,1,1,1,1,-1
836,50,0.24,4.2,36,0.365,0.12,1,1,1,1,-1
837,50,0.24,4.2,37,0.375,0.12,1,1,1,1,-1
838,50,0.24,4.2,38,0.385,0.12,1,1,1,1,-1
839,50,0.24,4.2,39,0.395,0.12,1,1,1,1,-1
840,50,0.24,4.2,40,0.405,0.12,1,1,1,1,-1
841,50,0.24,4.2,41,0.415,0.12,1,1,1,1,-1
842,50,0.24,4.2,42,0.425,0.12,1,1,1,1,-1
843,50,0.24,4.2,43,0.435,0.12,1,1,1,1,-1
844,50,0.24,4.2,44,0.445,0.12,1,1,1,1,-1
845,50,0.24,4.2,45,0.455,0.12,1,1,1,1,-1
846,50,0.24,4.2,46,0.465,0.12,1,1,1,1,-1
847,50,0.24,4.2,47,0.475,0.12,1,1,1,1,-1
848,50,0.24,4.2,48,0.485,0.12,1,1,1,1,-1
849,50,0.24,4.2,49,0.495,0.12,1,1,1,1,-1
850,50,0.24,4.2,50,0.505,0.12,1,1,1,1,-1
851,50,0.24,4.2,51,0.515,0.12,1,1,1,1,-1
852,50,0.24,4.2,52,0.525,0.12,1,1,1,1,-1
853,50,0.24,4.2,53,0.535,0.12,1,1,1,1,-1
854,50,0.24,4.2,54,0.545,0.12,1,1,1,1,-1
855,50,0.24,4.2,55,0.555,0.12,1,1,1,1,-1
856,50,0.24,4.2,56,0.565,0.12,1,1,1,1,-1
857,50,0.24,4.2,57,0.575,0.12,1,1,1,1,-1
858,50,0.24,4.2,58,0.585,0.12,1,1,1,1,-1
859,50,0.24,4.2,59,0.595,0.12,1,1,1,1,-1
860,50,0.24,4.2,60,0.605,0.12,1,1,1,1,-1
861,50,0.24,4.2,61,0.615,0.12,1,1,1,1,-1
862,50,0.24,4.2,62,0.625,0.12,1,1,1,1,-1
863,50,0.24,4.2,63,0.635,0.12,1,1,1,1,-1
864,50,0.24,4.2,64,0.645,0.12,1,1,1,1,-1
865,50,0.24,4.2,65,0.655,0.12,1,1,1,1,-1
866,50,0.24,4.2,66,0.665,0.12,1,1,1,1,-1
867,50,0.24,4.2,67,0.675,0.12,1,1,1,1,-1
868,50,0.24,4.2,68,0.685,0.12,1,1,1,1,-1
869,50,0.24,4.2,69,0.695,0.12,1,1,1,1,-1
870,50,0.24,4.2,70,0.705,0.12,1,1,1,1,-1
871,50,0.24,4.2,71,0.715,0.12,1,1,1,1,-1
872,50,0.24,4.2,72,0.725,0.12,1,1,1,1,-1
873,50,0.24,4.2,73,0.735,0.12,1,1,1,1,-1
874,50,0.24,4.2,74,0.745,0.12,1,1,1,1,-1
875,50,0.24,4.2,75,0.755,0.12,1,1,1,1,-1
876,50,0.24,4.2,76,0.765,0.12,1,1,1,1,-1
877,50,0.24,4.2,77,0.775,0.12,1,1,1,1,-1
878,50,0.24,4.2,78,0.785,0.12,1,1,1,1,-1
879,50,0.24,4.2,79,0.795,0.12,1,1,1,1,-1
880,50,0.24,4.2,80,0.805,0.12,1,1,1,1,-1
881,50,0.24,4.2,81,0.815,0.12,1,1,1,1,-1
882,50,0.24,4.2,82,0.825,0.12,1,1,1,1,-1
883,50,0.24,4.2,83,0.835,0.12,1,1,1,1,-1
884,50,0.24,4.2,84,0.845,0.12,1,1,1,1,-1
885,50,0.24,4.2,85,0.855,0.12,1,1,1,1,-1
886,50,0.24,4.2,86,0.865,0.12,1,1,1,1,-1
887,50,0.24,4.2,87,0.875,0.12,1,1,1,1,-1
888,50,0.24,4.2,88,0.885,0.12,1,1,1,1,-1
889,50,0.24,4.2,89,0.895,0.12,1,1,1,1,-1
890,50,0.24,4.2,90,0.905,0.12,1,1,1,1,-1
891,50,0.24,4.2,91,0.915,0.12,1,1,1,1,-1
892,50,0.24,4.2,92,0.925,0.12,1,1,1,1,-1
893,50,0.24,4.2,93,0.935,0.12,1,1,1,1,-1
894,50,0.24,4.2,94,0.945,0.12,1,1,1,1,-1
895,50,0.24,4.2,95,0.955,0.12,1,1,1,1,-1
896,50,0.24,4.2,96,0.965,0.12,1,1,1,1,-1
897,50,0.24,4.2,97,0.975,0.12,1,1,1,1,-1
898,50,0.24,4.2,98,0.985,0.12,1,1,1,1,-1
899,50,0.24,4.2,99,0.995,0.12,1,1,1,1,-1
0,100,0.08,2.8,0,0.005,0.008888888888888878,0.8888888888888878,1,1,1,-1
1,100,0.08,2.8,1,0.015,0.008888888888888878,0.8888888888888878,1,1,1,-1
2,100,0.08,2.8,2,0.025,0.008888888888888878,0.8888888888888878,1,1,1,-1
3,100,0.08,2.8,3,0.035,0.008888888888888878,0.8888888888888878,1,1,1,-1
4,100,0.08,2.8,4,0.045,0.008888888888888878,0.8888888888888878,1,1,1,-1
5,100,0.08,2.8,5,0.055,0.008888888888888878,0.8888888888888878,1,1,1,-1
6,100,0.08,2.8,6,0.065,0.008888888888888878,0.8888888888888878,1,1,1,-1
7,100,0.08,2.8,7,0.075,0.008888888888888878,0.8888888888888878,1,1,1,-1
8,100,0.08,2.8,8,0.085,0.008888888888888878,0.8888888888888878,1,1,1,-1
9,100,0.08,2.8,9,0.095,0.008888888888888878,0.8888888888888878,1,1,1,-1
10,100,0.08,2.8,10,0.105,0.008888888888888878,0.8888888888888878,1,1,1,-1
11,100,0.08,2.8,11,0.115,0.008888888888888878,0.8888888888888878,1,1,1,-1
12,100,0.08,2.8,12,0.125,0.008888888888888878,0.8888888888888878,1,1,1,-1
13,100,0.08,2.8,13,0.135,0.008888888888888878,0.8888888888888878,1,1,1,-1
14,100,0.08,2.8,14,0.145,0.008888888888888878,0.8888888888888878,1,1,1,-1
15,100,0.08,2.8,15,0.155,0.008888888888888878,0.8888888888888878,1,1,1,-1
16,100,0.08,2.8,16,0.165,0.008888888888888878,0.8888888888888878,1,1,1,-1
17,100,0.08,2.8,17,0.175,0.008888888888888878,0.8888888888888878,1,1,1,-1
18,100,0.08,2.8,18,0.185,0.008888888888888878,0.8888888888888878,1,1,1,-1
19,100,0.08,2.8,19,0.195,0.008888888888888878,0.8888888888888878,1,1,1,-1
20,100,0.08,2.8,20,0.205,0.008888888888888878,0.8888888888888878,1,1,1,-1
21,100,0.08,2.8,21,0.215,0.008888888888888878,0.8888888888888878,1,1,1,-1
22,100,0.08,2.8,22,0.225,0.008888888888888878,0.8888888888888878,1,1,1,-1
23,100,0.08,2.8,23,0.235,0.008888888888888878,0.8888888888888878,1,1,1,-1
24,100,0.08,2.8,24,0.245,0.008888888888888878,0.8888888888888878,1,1,1,-1
25,100,0.08,2.8,25,0.255,0.008888888888888878,0.8888888888888878,1,1,1,-1
26,100,0.08,2.8,26,0.265,0.008888888888888878,0.8888888888888878,1,1,1,-1
27,100,0.08,2.8,27,0.275,0.008888888888888878,0.8888888888888878,1,1,1,-1
28,100,0.08,2.8,28,0.285,0.008888888888888878,0.8888888888888878,1,1,1,-1
29,100,0.08,2.8,29,0.295,0.008888888888888878,0.8888888888888878,1,1,1,-1
30,100,0.08,2.8,30,0.305,0.008888888888888878,0.8888888888888878,1,1,1,-1
31,100,0.08,2.8,31,0.315,0.008888888888888878,0.8888888888888878,1,1,1,-1
32,100,0.08,2.8,32,0.325,0.008888888888888878,0.8888888888888878,1,1,1,-1
33,100,0.08,2.8,33,0.335,0.008888888888888878,0.8888888888888878,1,1,1,-1
34,100,0.08,2.8,34,0.345,0.008888888888888878,0.8888888888888878,1,1,1,-1
35,100,0.08,2.8,35,0.355,0.008888888888888878,0.8888888888888878,1,1,1,-1
36,100,0.08,2.8,36,0.365,0.008888888888888878,0.8888888888888878,1,1,1,-1
37,100,0.08,2.8,37,0.375,0.008888888888888878,0.8888888888888878,1,1,1,-1
38,100,0.08,2.8,38,0.385,0.008888888888888878,0.8888888888888878,1,1,1,-1
39,100,0.08,2.8,39,0.395,0.008888888888888878,0.8888888888888878,1,1,1,-1
40,100,0.08,2.8,40,0.405,0.008888888888888878,0.8888888888888878,1,1,1,-1
41,100,0.08,2.8,41,0.415,0.008888888888888878,0.8888888888888878,1,1,1,-1
42,100,0.08,2.8,42,0.425,0.008888888888888878,0.8888888888888878,1,1,1,-1
43,100,0.08,2.8,43,0.435,0.008888888888888878,0.8888888888888878,1,1,1,-1
44,100,0.08,2.8,44,0.445,0.008888888888888878,0.8888888888888878,0,0,0,-1
45,100,0.08,2.8,45,0.455,0.008888888888888878,0.8888888888888878,0,0,0,-1
46,100,0.08,2.8,46,0.465,0.008888888888888878,0.8888888888888878,0,0,0,-1
47,100,0.08,2.8,47,0.475,0.008888888888888878,0.8888888888888878,0,0,0,-1
48,100,0.08,2.8,48,0.485,0.008888888888888878,0.8888888888888878,0,0,0,-1
49,100,0.08,2.8,49,0.495,0.008888888888888878,0.8888888888888878,0,0,0,-1
50,100,0.08,2.8,50,0.505,0.008888888888888878,0.8888888888888878,0,0,0,-1
51,100,0.08,2.8,51,0.515,0.008888888888888878,0.8888888888888878,0,0,0,-1
52,100,0.08,2.8,52,0.525,0.008888888888888878,0.8888888888888878,0,0,0,-1
53,100,0.08,2.8,53,0.535,0.008888888888888878,0.8888888888888878,0,0,0,-1
54,100,0.08,2.8,54,0.545,0.008888888888888878,0.8888888888888878,0,0,0,-1
55,100,0.08,2.8,55,0.555,0.008888888888888878,0.8888888888888878,0,0,0,-1
56,100,0.08,2.8,56,0.565,0.008888888888888878,0.8888888888888878,1,1,1,-1
57,100,0.08,2.8,57,0.575,0.008888888888888878,0.8888888888888878,1,1,1,-1
58,100,0.08,2.8,58,0.585,0.008888888888888878,0.8888888888888878,1,1,1,-1
59,100,0.08,2.8,59,0.595,0.008888888888888878,0.8888888888888878,1,1,1,-1
60,100,0.08,2.8,60,0.605,0.008888888888888878,0.8888888888888878,1,1,1,-1
61,100,0.08,2.8,61,0.615,0.008888888888888878,0.8888888888888878,1,1,1,-1
62,100,0.08,2.8,62,0.625,0.008888888888888878,0.8888888888888878,1,1,1,-1
63,100,0.08,2.8,63,0.635,0.008888888888888878,0.8888888888888878,1,1,1,-1
64,100,0.08,2.8,64,0.645,0.008888888888888878,0.8888888888888878,1,1,1,-1
65,100,0.08,2.8,65,0.655,0.008888888888888878,0.8888888888888878,1,1,1,-1
66,100,0.08,2.8,66,0.665,0.008888888888888878,0.8888888888888878,1,1,1,-1
67,100,0.08,2.8,67,0.675,0.008888888888888878,0.8888888888888878,1,1,1,-1
68,100,0.08,2.8,68,0.685,0.008888888888888878,0.8888888888888878,1,1,1,-1
69,100,0.08,2.8,69,0.695,0.008888888888888878,0.8888888888888878,1,1,1,-1
70,100,0.08,2.8,70,0.705,0.008888888888888878,0.8888888888888878,1,1,1,-1
71,100,0.08,2.8,71,0.715,0.008888888888888878,0.8888888888888878,1,1,1,-1
72,100,0.08,2.8,72,0.725,0.008888888888888878,0.8888888888888878,1,1,1,-1
73,100,0.08,2.8,73,0.735,0.008888888888888878,0.8888888888888878,1,1,1,-1
74,100,0.08,2.8,74,0.745,0.008888888888888878,0.8888888888888878,1,1,1,-1
75,100,0.08,2.8,75,0.755,0.008888888888888878,0.8888888888888878,1,1,1,-1
76,100,0.08,2.8,76,0.765,0.008888888888888878,0.8888888888888878,1,1,1,-1
77,100,0.08,2.8,77,0.775,0.008888888888888878,0.8888888888888878,1,1,1,-1
78,100,0.08,2.8,78,0.785,0.008888888888888878,0.8888888888888878,1,1,1,-1
79,100,0.08,2.8,79,0.795,0.008888888888888878,0.8888888888888878,1,1,1,-1
80,100,0.08,2.8,80,0.805,0.008888888888888878,0.8888888888888878,1,1,1,-1
81,100,0.08,2.8,81,0.815,0.008888888888888878,0.8888888888888878,1,1,1,-1
82,100,0.08,2.8,82,0.825,0.008888888888888878,0.8888888888888878,1,1,1,-1
83,100,0.08,2.8,83,0.835,0.008888888888888878,0.8888888888888878,1,1,1,-1
84,100,0.08,2.8,84,0.845,0.008888888888888878,0.8888888888888878,1,1,1,-1
85,100,0.08,2.8,85,0.855,0.008888888888888878,0.8888888888888878,1,1,1,-1
86,100,0.08,2.8,86,0.865,0.008888888888888878,0.8888888888888878,1,1,1,-1
87,100,0.08,2.8,87,0.875,0.008888888888888878,0.8888888888888878,1,1,1,-1
88,100,0.08,2.8,88,0.885,0.008888888888888878,0.8888888888888878,1,1,1,-1
89,100,0.08,2.8,89,0.895,0.008888888888888878,0.8888888888888878,1,1,1,-1
90,100,0.08,2.8,90,0.905,0.008888888888888878,0.8888888888888878,1,1,1,-1
91,100,0.08,2.8,91,0.915,0.008888888888888878,0.8888888888888878,1,1,1,-1
92,100,0.08,2.8,92,0.925,0.008888888888888878,0.8888888888888878,1,1,1,-1
93,100,0.08,2.8,93,0.935,0.008888888888888878,0.8888888888888878,1,1,1,-1
94,100,0.08,2.8,94,0.945,0.008888888888888878,0.8888888888888878,1,1,1,-1
95,100,0.08,2.8,95,0.955,0.008888888888888878,0.8888888888888878,1,1,1,-1
96,100,0.08,2.8,96,0.965,0.008888888888888878,0.8888888888888878,1,1,1,-1
97,100,0.08,2.8,97,0.975,0.008888888888888878,0.8888888888888878,1,1,1,-1
98,100,0.08,2.8,98,0.985,0.008888888888888878,0.8888888888888878,1,1,1,-1
99,100,0.08,2.8,99,0.995,0.008888888888888878,0.8888888888888878,1,1,1,-1
100,100,0.08,3.5,0,0.005,0.0288,1,1,1,1,-1
101,100,0.08,3.5,1,0.015,0.0288,1,1,1,1,-1
102,100,0.08,3.5,2,0.025,0.0288,1,1,1,1,-1
103,100,0.08,3.5,3,0.035,0.0288,1,1,1,1,-1
104,100,0.08,3.5,4,0.045,0.0288,1,1,1,1,-1
105,100,0.08,3.5,5,0.055,0.0288,1,1,1,1,-1
106,100,0.08,3.5,6,0.065,0.0288,1,1,1,1,-1
107,100,0.08,3.5,7,0.075,0.0288,1,1,1,1,-1
108,100,0.08,3.5,8,0.085,0.0288,1,1,1,1,-1
109,100,0.08,3.5,9,0.095,0.0288,1,1,1,1,-1
110,100,0.08,3.5,10,0.105,0.0288,1,1,1,1,-1
111,100,0.08,3.5,11,0.115,0.0288,1,1,1,1,-1
112,100,0.08,3.5,12,0.125,0.0288,1,1,1,1,-1
113,100,0.08,3.5,13,0.135,0.0288,1,1,1,1,-1
114,100,0.08,3.5,14,0.145,0.0288,1,1,1,1,-1
115,100,0.08,3.5,15,0.155,0.0288,1,1,1,1,-1
116,100,0.08,3.5,16,0.165,0.0288,1,1,1,1,-1
117,100,0.08,3.5,17,0.175,0.0288,1,1,1,1,-1
118,100,0.08,3.5,18,0.185,0.0288,1,1,1,1,-1
119,100,0.08,3.5,19,0.195,0.0288,1,1,1,1,-1
120,100,0.08,3.5,20,0.205,0.0288,1,1,1,1,-1
121,100,0.08,3.5,21,0.215,0.0288,1,1,1,1,-1
122,100,0.08,3.5,22,0.225,0.0288,1,1,1,1,-1
123,100,0.08,3.5,23,0.235,0.0288,1,1,1,1,-1
124,100,0.08,3.5,24,0.245,0.0288,1,1,1,1,-1
125,100,0.08,3.5,25,0.255,0.0288,1,1,1,1,-1
126,100,0.08,3.5,26,0.265,0.0288,1,1,1,1,-1
127,100,0.08,3.5,27,0.275,0.0288,1,1,1,1,-1
128,100,0.08,3.5,28,0.285,0.0288,1,1,1,1,-1
129,100,0.08,3.5,29,0.295,0.0288,1,1,1,1,-1
130,100,0.08,3.5,30,0.305,0.0288,1,1,1,1,-1
131,100,0.08,3.5,31,0.315,0.0288,1,1,1,1,-1
132,100,0.08,3.5,32,0.325,0.0288,1,1,1,1,-1
133,100,0.08,3.5,33,0.335,0.0288,1,1,1,1,-1
134,100,0.08,3.5,34,0.345,0.0288,1,1,1,1,-1
135,100,0.08,3.5,35,0.355,0.0288,1,1,1,1,-1
136,100,0.08,3.5,36,0.365,0.0288,1,1,1,1,-1
137,100,0.08,3.5,37,0.375,0.0288,1,1,1,1,-1
138,100,0.08,3.5,38,0.385,0.0288,1,1,1,1,-1
139,100,0.08,3.5,39,0.395,0.0288,1,1,1,1,-1
140,100,0.08,3.5,40,0.405,0.0288,1,1,1,1,-1
141,100,0.08,3.5,41,0.415,0.0288,1,1,1,1,-1
142,100,0.08,3.5,42,0.425,0.0288,1,1,1,1,-1
143,100,0.08,3.5,43,0.435,0.0288,1,1,1,1,-1
144,100,0.08,3.5,44,0.445,0.0288,1,1,1,1,-1
145,100,0.08,3.5,45,0.455,0.0288,1,1,1,1,-1
146,100,0.08,3.5,46,0.465,0.0288,1,1,1,1,-1
147,100,0.08,3.5,47,0.475,0.0288,1,1,1,1,-1
148,100,0.08,3.5,48,0.485,0.0288,1,1,1,1,-1
149,100,0.08,3.5,49,0.495,0.0288,1,1,1,1,-1
150,100,0.08,3.5,50,0.505,0.0288,1,1,1,1,-1
151,100,0.08,3.5,51,0.515,0.0288,1,1,1,1,-1
152,100,0.08,3.5,52,0.525,0.0288,1,1,1,1,-1
153,100,0.08,3.5,53,0.535,0.0288,1,1,1,1,-1
154,100,0.08,3.5,54,0.545,0.0288,1,1,1,1,-1
155,100,0.08,3.5,55,0.555,0.0288,1,1,1,1,-1
156,100,0.08,3.5,56,0.565,0.0288,1,1,1,1,-1
157,100,0.08,3.5,57,0.575,0.0288,1,1,1,1,-1
158,100,0.08,3.5,58,0.585,0.0288,1,1,1,1,-1
159,100,0.08,3.5,59,0.595,0.0288,1,1,1,1,-1
160,100,0.08,3.5,60,0.605,0.0288,1,1,1,1,-1
161,100,0.08,3.5,61,0.615,0.0288,1,1,1,1,-1
162,100,0.08,3.5,62,0.625,0.0288,1,1,1,1,-1
163,100,0.08,3.5,63,0.635,0.0288,1,1,1,1,-1
164,100,0.08,3.5,64,0.645,0.0288,1,1,1,1,-1
165,100,0.08,3.5,65,0.655,0.0288,1,1,1,1,-1
166,100,0.08,3.5,66,0.665,0.0288,1,1,1,1,-1
167,100,0.08,3.5,67,0.675,0.0288,1,1,1,1,-1
168,100,0.08,3.5,68,0.685,0.0288,1,1,1,1,-1
169,100,0.08,3.5,69,0.695,0.0288,1,1,1,1,-1
170,100,0.08,3.5,70,0.705,0.0288,1,1,1,1,-1
171,100,0.08,3.5,71,0.715,0.0288,1,1,1,1,-1
172,100,0.08,3.5,72,0.725,0.0288,1,1,1,1,-1
173,100,0.08,3.5,73,0.735,0.0288,1,1,1,1,-1
174,100,0.08,3.5,74,0.745,0.0288,1,1,1,1,-1
175,100,0.08,3.5,75,0.755,0.0288,1,1,1,1,-1
176,100,0.08,3.5,76,0.765,0.0288,1,1,1,1,-1
177,100,0.08,3.5,77,0.775,0.0288,1,1,1,1,-1
178,100,0.08,3.5,78,0.785,0.0288,1,1,1,1,-1
179,100,0.08,3.5,79,0.795,0.0288,1,1,1,1,-1
180,100,0.08,3.5,80,0.805,0.0288,1,1,1,1,-1
181,100,0.08,3.5,81,0.815,0.0288,1,1,1,1,-1
182,100,0.08,3.5,82,0.825,0.0288,1,1,1,1,-1
183,100,0.08,3.5,83,0.835,0.0288,1,1,1,1,-1
184,100,0.08,3.5,84,0.845,0.0288,1,1,1,1,-1
185,100,0.08,3.5,85,0.855,0.0288,1,1,1,1,-1
186,100,0.08,3.5,86,0.865,0.0288,1,1,1,1,-1
187,100,0.08,3.5,87,0.875,0.0288,1,1,1,1,-1
188,100,0.08,3.5,88,0.885,0.0288,1,1,1,1,-1
189,100,0.08,3.5,89,0.895,0.0288,1,1,1,1,-1
190,100,0.08,3.5,90,0.905,0.0288,1,1,1,1,-1
191,100,0.08,3.5,91,0.915,0.0288,1,1,1,1,-1
192,100,0.08,3.5,92,0.925,0.0288,1,1,1,1,-1
193,100,0.08,3.5,93,0.935,0.0288,1,1,1,1,-1
194,100,0.08,3.5,94,0.945,0.0288,1,1,1,1,-1
195,100,0.08,3.5,95,0.955,0.0288,1,1,1,1,-1
196,100,0.08,3.5,96,0.965,0.0288,1,1,1,1,-1
197,100,0.08,3.5,97,0.975,0.0288,1,1,1,1,-1
198,100,0.08,3.5,98,0.985,0.0288,1,1,1,1,-1
199,100,0.08,3.5,99,0.995,0.0288,1,1,1,1,-1
200,100,0.08,4.2,0,0.005,0.04,1,1,1,1,-1
201,100,0.08,4.2,1,0.015,0.04,1,1,1,1,-1
202,100,0.08,4.2,2,0.025,0.04,1,1,1,1,-1
203,100,0.08,4.2,3,0.035,0.04,1,1,1,1,-1
204,100,0.08,4.2,4,0.045,0.04,1,1,1,1,-1
205,100,0.08,4.2,5,0.055,0.04,1,1,1,1,-1
206,100,0.08,4.2,6,0.065,0.04,1,1,1,1,-1
207,100,0.08,4.2,7,0.075,0.04,1,1,1,1,-1
208,100,0.08,4.2,8,0.085,0.04,1,1,1,1,-1
209,100,0.08,4.2,9,0.095,0.04,1,1,1,1,-1
210,100,0.08,4.2,10,0.105,0.04,1,1,1,1,-1
211,100,0.08,4.2,11,0.115,0.04,1,1,1,1,-1
212,100,0.08,4.2,12,0.125,0.04,1,1,1,1,-1
213,100,0.08,4.2,13,0.135,0.04,1,1,1,1,-1
214,100,0.08,4.2,14,0.145,0.04,1,1,1,1,-1
215,100,0.08,4.2,15,0.155,0.04,1,1,1,1,-1
216,100,0.08,4.2,16,0.165,0.04,1,1,1,1,-1
217,100,0.08,4.2,17,0.175,0.04,1,1,1,1,-1
218,100,0.08,4.2,18,0.185,0.04,1,1,1,1,-1
219,100,0.08,4.2,19,0.195,0.04,1,1,1,1,-1
220,100,0.08,4.2,20,0.205,0.04,1,1,1,1,-1
221,100,0.08,4.2,21,0.215,0.04,1,1,1,1,-1
222,100,0.08,4.2,22,0.225,0.04,1,1,1,1,-1
223,100,0.08,4.2,23,0.235,0.04,1,1,1,1,-1
224,100,0.08,4.2,24,0.245,0.04,1,1,1,1,-1
225,100,0.08,4.2,25,0.255,0.04,1,1,1,1,-1
226,100,0.08,4.2,26,0.265,0.04,1,1,1,1,-1
227,100,0.08,4.2,27,0.275,0.04,1,1,1,1,-1
228,100,0.08,4.2,28,0.285,0.04,1,1,1,1,-1
229,100,0.08,4.2,29,0.295,0.04,1,1,1,1,-1
230,100,0.08,4.2,30,0.305,0.04,1,1,1,1,-1
231,100,0.08,4.2,31,0.315,0.04,1,1,1,1,-1
232,100,0.08,4.2,32,0.325,0.04,1,1,1,1,-1
233,100,0.08,4.2,33,0.335,0.04,1,1,1,1,-1
234,100,0.08,4.2,34,0.345,0.04,1,1,1,1,-1
235,100,0.08,4.2,35,0.355,0.04,1,1,1,1,-1
236,100,0.08,4.2,36,0.365,0.04,1,1,1,1,-1
237,100,0.08,4.2,37,0.375,0.04,1,1,1,1,-1
238,100,0.08,4.2,38,0.385,0.04,1,1,1,1,-1
239,100,0.08,4.2,39,0.395,0.04,1,1,1,1,-1
240,100,0.08,4.2,40,0.405,0.04,1,1,1,1,-1
241,100,0.08,4.2,41,0.415,0.04,1,1,1,1,-1
242,100,0.08,4.2,42,0.425,0.04,1,1,1,1,-1
243,100,0.08,4.2,43,0.435,0.04,1,1,1,1,-1
244,100,0.08,4.2,44,0.445,0.04,1,1,1,1,-1
245,100,0.08,4.2,45,0.455,0.04,1,1,1,1,-1
246,100,0.08,4.2,46,0.465,0.04,1,1,1,1,-1
247,100,0.08,4.2,47,0.475,0.04,1,1,1,1,-1
248,100,0.08,4.2,48,0.485,0.04,1,1,1,1,-1
249,100,0.08,4.2,49,0.495,0.04,1,1,1,1,-1
250,100,0.08,4.2,50,0.505,0.04,1,1,1,1,-1
251,100,0.08,4.2,51,0.515,0.04,1,1,1,1,-1
252,100,0.08,4.2,52,0.525,0.04,1,1,1,1,-1
253,100,0.08,4.2,53,0.535,0.04,1,1,1,1,-1
254,100,0.08,4.2,54,0.545,0.04,1,1,1,1,-1
255,100,0.08,4.2,55,0.555,0.04,1,1,1,1,-1
256,100,0.08,4.2,56,0.565,0.04,1,1,1,1,-1
257,100,0.08,4.2,57,0.575,0.04,1,1,1,1,-1
258,100,0.08,4.2,58,0.585,0.04,1,1,1,1,-1
259,100,0.08,4.2,59,0.595,0.04,1,1,1,1,-1
260,100,0.08,4.2,60,0.605,0.04,1,1,1,1,-1
261,100,0.08,4.2,61,0.615,0.04,1,1,1,1,-1
262,100,0.08,4.2,62,0.625,0.04,1,1,1,1,-1
263,100,0.08,4.2,63,0.635,0.04,1,1,1,1,-1
264,100,0.08,4.2,64,0.645,0.04,1,1,1,1,-1
265,100,0.08,4.2,65,0.655,0.04,1,1,1,1,-1
266,100,0.08,4.2,66,0.665,0.04,1,1,1,1,-1
267,100,0.08,4.2,67,0.675,0.04,1,1,1,1,-1
268,100,0.08,4.2,68,0.685,0.04,1,1,1,1,-1
269,100,0.08,4.2,69,0.695,0.04,1,1,1,1,-1
270,100,0.08,4.2,70,0.705,0.04,1,1,1,1,-1
271,100,0.08,4.2,71,0.715,0.04,1,1,1,1,-1
272,100,0.08,4.2,72,0.725,0.04,1,1,1,1,-1
273,100,0.08,4.2,73,0.735,0.04,1,1,1,1,-1
274,100,0.08,4.2,74,0.745,0.04,1,1,1,1,-1
275,100,0.08,4.2,75,0.755,0.04,1,1,1,1,-1
276,100,0.08,4.2,76,0.765,0.04,1,1,1,1,-1
277,100,0.08,4.2,77,0.775,0.04,1,1,1,1,-1
278,100,0.08,4.2,78,0.785,0.04,1,1,1,1,-1
279,100,0.08,4.2,79,0.795,0.04,1,1,1,1,-1
280,100,0.08,4.2,80,0.805,0.04,1,1,1,1,-1
281,100,0.08,4.2,81,0.815,0.04,1,1,1,1,-1
282,100,0.08,4.2,82,0.825,0.04,1,1,1,1,-1
283,100,0.08,4.2,83,0.835,0.04,1,1,1,1,-1
284,100,0.08,4.2,84,0.845,0.04,1,1,1,1,-1
285,100,0.08,4.2,85,0.855,0.04,1,1,1,1,-1
286,100,0.08,4.2,86,0.865,0.04,1,1,1,1,-1
287,100,0.08,4.2,87,0.875,0.04,1,1,1,1,-1
288,100,0.08,4.2,88,0.885,0.04,1,1,1,1,-1
289,100,0.08,4.2,89,0.895,0.04,1,1,1,1,-1
290,100,0.08,4.2,90,0.905,0.04,1,1,1,1,-1
291,100,0.08,4.2,91,0.915,0.04,1,1,1,1,-1
292,100,0.08,4.2,92,0.925,0.04,1,1,1,1,-1
293,100,0.08,4.2,93,0.935,0.04,1,1,1,1,-1
294,100,0.08,4.2,94,0.945,0.04,1,1,1,1,-1
295,100,0.08,4.2,95,0.955,0.04,1,1,1,1,-1
296,100,0.08,4.2,96,0.965,0.04,1,1,1,1,-1
297,100,0.08,4.2,97,0.975,0.04,1,1,1,1,-1
298,100,0.08,4.2,98,0.985,0.04,1,1,1,1,-1
299,100,0.08,4.2,99,0.995,0.04,1,1,1,1,-1
300,100,0.16,2.8,0,0.005,0.017777777777777757,1,1,1,1,-1
301,100,0.16,2.8,1,0.015,0.017777777777777757,1,1,1,1,-1
302,100,0.16,2.8,2,0.025,0.017777777777777757,1,1,1,1,-1
303,100,0.16,2.8,3,0.035,0.017777777777777757,1,1,1,1,-1
304,100,0.16,2.8,4,0.045,0.017777777777777757,1,1,1,1,-1
305,100,0.16,2.8,5,0.055,0.017777777777777757,1,1,1,1,-1
306,100,0.16,2.8,6,0.065,0.017777777777777757,1,1,1,1,-1
307,100,0.16,2.8,7,0.075,0.017777777777777757,1,1,1,1,-1
308,100,0.16,2.8,8,0.085,0.017777777777777757,1,1,1,1,-1
309,100,0.16,2.8,9,0.095,0.017777777777777757,1,1,1,1,-1
310,100,0.16,2.8,10,0.105,0.017777777777777757,1,1,1,1,-1
311,100,0.16,2.8,11,0.115,0.017777777777777757,1,1,1,1,-1
312,100,0.16,2.8,12,0.125,0.017777777777777757,1,1,1,1,-1
313,100,0.16,2.8,13,0.135,0.017777777777777757,1,1,1,1,-1
314,100,0.16,2.8,14,0.145,0.017777777777777757,1,1,1,1,-1
315,100,0.16,2.8,15,0.155,0.017777777777777757,1,1,1,1,-1
316,100,0.16,2.8,16,0.165,0.017777777777777757,1,1,1,1,-1
317,100,0.16,2.8,17,0.175,0.017777777777777757,1,1,1,1,-1
318,100,0.16,2.8,18,0.185,0.017777777777777757,1,1,1,1,-1
319,100,0.16,2.8,19,0.195,0.017777777777777757,1,1,1,1,-1
320,100,0.16,2.8,20,0.205,0.017777777777777757,1,1,1,1,-1
321,100,0.16,2.8,21,0.215,0.017777777777777757,1,1,1,1,-1
322,100,0.16,2.8,22,0.225,0.017777777777777757,1,1,1,1,-1
323,100,0.16,2.8,23,0.235,0.017777777777777757,1,1,1,1,-1
324,100,0.16,2.8,24,0.245,0.017777777777777757,1,1,1,1,-1
325,100,0.16,2.8,25,0.255,0.017777777777777757,1,1,1,1,-1
326,100,0.16,2.8,26,0.265,0.017777777777777757,1,1,1,1,-1
327,100,0.16,2.8,27,0.275,0.017777777777777757,1,1,1,1,-1
328,100,0.16,2.8,28,0.285,0.017777777777777757,1,1,1,1,-1
329,100,0.16,2.8,29,0.295,0.017777777777777757,1,1,1,1,-1
330,100,0.16,2.8,30,0.305,0.017777777777777757,1,1,1,1,-1
331,100,0.16,2.8,31,0.315,0.017777777777777757,1,1,1,1,-1
332,100,0.16,2.8,32,0.325,0.017777777777777757,1,1,1,1,-1
333,100,0.16,2.8,33,0.335,0.017777777777777757,1,1,1,1,-1
334,100,0.16,2.8,34,0.345,0.017777777777777757,1,1,1,1,-1
335,100,0.16,2.8,35,0.355,0.017777777777777757,1,1,1,1,-1
336,100,0.16,2.8,36,0.365,0.017777777777777757,1,1,1,1,-1
337,100,0.16,2.8,37,0.375,0.017777777777777757,1,1,1,1,-1
338,100,0.16,2.8,38,0.385,0.017777777777777757,1,1,1,1,-1
339,100,0.16,2.8,39,0.395,0.017777777777777757,1,1,1,1,-1
340,100,0.16,2.8,40,0.405,0.017777777777777757,1,1,1,1,-1
341,100,0.16,2.8,41,0.415,0.017777777777777757,1,1,1,1,-1
342,100,0.16,2.8,42,0.425,0.017777777777777757,1,1,1,1,-1
343,100,0.16,2.8,43,0.435,0.017777777777777757,1,1,1,1,-1
344,100,0.16,2.8,44,0.445,0.017777777777777757,1,1,1,1,-1
345,100,0.16,2.8,45,0.455,0.017777777777777757,1,1,1,1,-1
346,100,0.16,2.8,46,0.465,0.017777777777777757,1,1,1,1,-1
347,100,0.16,2.8,47,0.475,0.017777777777777757,1,1,1,1,-1
348,100,0.16,2.8,48,0.485,0.017777777777777757,1,1,1,1,-1
349,100,0.16,2.8,49,0.495,0.017777777777777757,1,1,1,1,-1
350,100,0.16,2.8,50,0.505,0.017777777777777757,1,1,1,1,-1
351,100,0.16,2.8,51,0.515,0.017777777777777757,1,1,1,1,-1
352,100,0.16,2.8,52,0.525,0.017777777777777757,1,1,1,1,-1
353,100,0.16,2.8,53,0.535,0.017777777777777757,1,1,1,1,-1
354,100,0.16,2.8,54,0.545,0.017777777777777757,1,1,1,1,-1
355,100,0.16,2.8,55,0.555,0.017777777777777757,1,1,1,1,-1
356,100,0.16,2.8,56,0.565,0.017777777777777757,1,1,1,1,-1
357,100,0.16,2.8,57,0.575,0.017777777777777757,1,1,1,1,-1
358,100,0.16,2.8,58,0.585,0.017777777777777757,1,1,1,1,-1
359,100,0.16,2.8,59,0.595,0.017777777777777757,1,1,1,1,-1
360,100,0.16,2.8,60,0.605,0.017777777777777757,1,1,1,1,-1
361,100,0.16,2.8,61,0.615,0.017777777777777757,1,1,1,1,-1
362,100,0.16,2.8,62,0.625,0.017777777777777757,1,1,1,1,-1
363,100,0.16,2.8,63,0.635,0.017777777777777757,1,1,1,1,-1
364,100,0.16,2.8,64,0.645,0.017777777777777757,1,1,1,1,-1
365,100,0.16,2.8,65,0.655,0.017777777777777757,1,1,1,1,-1
366,100,0.16,2.8,66,0.665,0.017777777777777757,1,1,1,1,-1
367,100,0.16,2.8,67,0.675,0.017777777777777757,1,1,1,1,-1
368,100,0.16,2.8,68,0.685,0.017777777777777757,1,1,1,1,-1
369,100,0.16,2.8,69,0.695,0.017777777777777757,1,1,1,1,-1
370,100,0.16,2.8,70,0.705,0.017777777777777757,1,1,1,1,-1
371,100,0.16,2.8,71,0.715,0.017777777777777757,1,1,1,1,-1
372,100,0.16,2.8,72,0.725,0.017777777777777757,1,1,1,1,-1
373,100,0.16,2.8,73,0.735,0.017777777777777757,1,1,1,1,-1
374,100,0.16,2.8,74,0.745,0.017777777777777757,1,1,1,1,-1
375,100,0.16,2.8,75,0.755,0.017777777777777757,1,1,1,1,-1
376,100,0.16,2.8,76,0.765,0.017777777777777757,1,1,1,1,-1
377,100,0.16,2.8,77,0.775,0.017777777777777757,1,1,1,1,-1
378,100,0.16,2.8,78,0.785,0.017777777777777757,1,1,1,1,-1
379,100,0.16,2.8,79,0.795,0.017777777777777757,1,1,1,1,-1
380,100,0.16,2.8,80,0.805,0.017777777777777757,1,1,1,1,-1
381,100,0.16,2.8,81,0.815,0.017777777777777757,1,1,1,1,-1
382,100,0.16,2.8,82,0.825,0.017777777777777757,1,1,1,1,-1
383,100,0.16,2.8,83,0.835,0.017777777777777757,1,1,1,1,-1
384,100,0.16,2.8,84,0.845,0.017777777777777757,1,1,1,1,-1
385,100,0.16,2.8,85,0.855,0.017777777777777757,1,1,1,1,-1
386,100,0.16,2.8,86,0.865,0.017777777777777757,1,1,1,1,-1
387,100,0.16,2.8,87,0.875,0.017777777777777757,1,1,1,1,-1
388,100,0.16,2.8,88,0.885,0.017777777777777757,1,1,1,1,-1
389,100,0.16,2.8,89,0.895,0.017777777777777757,1,1,1,1,-1
390,100,0.16,2.8,90,0.905,0.017777777777777757,1,1,1,1,-1
391,100,0.16,2.8,91,0.915,0.017777777777777757,1,1,1,1,-1
392,100,0.16,2.8,92,0.925,0.017777777777777757,1,1,1,1,-1
393,100,0.16,2.8,93,0.935,0.017777777777777757,1,1,1,1,-1
394,100,0.16,2.8,94,0.945,0.017777777777777757,1,1,1,1,-1
395,100,0.16,2.8,95,0.955,0.017777777777777757,1,1,1,1,-1
396,100,0.16,2.8,96,0.965,0.017777777777777757,1,1,1,1,-1
397,100,0.16,2.8,97,0.975,0.017777777777777757,1,1,1,1,-1
398,100,0.16,2.8,98,0.985,0.017777777777777757,1,1,1,1,-1
399,100,0.16,2.8,99,0.995,0.017777777777777757,1,1,1,1,-1
400,100,0.16,3.5,0,0.005,0.0576,1,1,1,1,-1
401,100,0.16,3.5,1,0.015,0.0576,1,1,1,1,-1
402,100,0.16,3.5,2,0.025,0.0576,1,1,1,1,-1
403,100,0.16,3.5,3,0.035,0.0576,1,1,1,1,-1
404,100,0.16,3.5,4,0.045,0.0576,1,1,1,1,-1
405,100,0.16,3.5,5,0.055,0.0576,1,1,1,1,-1
406,100,0.16,3.5,6,0.065,0.0576,1,1,1,1,-1
407,100,0.16,3.5,7,0.075,0.0576,1,1,1,1,-1
408,100,0.16,3.5,8,0.085,0.0576,1,1,1,1,-1
409,100,0.16,3.5,9,0.095,0.0576,1,1,1,1,-1
410,100,0.16,3.5,10,0.105,0.0576,1,1,1,1,-1
411,100,0.16,3.5,11,0.115,0.0576,1,1,1,1,-1
412,100,0.16,3.5,12,0.125,0.0576,1,1,1,1,-1
413,100,0.16,3.5,13,0.135,0.0576,1,1,1,1,-1
414,100,0.16,3.5,14,0.145,0.0576,1,1,1,1,-1
415,100,0.16,3.5,15,0.155,0.0576,1,1,1,1,-1
416,100,0.16,3.5,16,0.165,0.0576,1,1,1,1,-1
417,100,0.16,3.5,17,0.175,0.0576,1,1,1,1,-1
418,100,0.16,3.5,18,0.185,0.0576,1,1,1,1,-1
419,100,0.16,3.5,19,0.195,0.0576,1,1,1,1,-1
420,100,0.16,3.5,20,0.205,0.0576,1,1,1,1,-1
421,100,0.16,3.5,21,0.215,0.0576,1,1,1,1,-1
422,100,0.16,3.5,22,0.225,0.0576,1,1,1,1,-1
423,100,0.16,3.5,23,0.235,0.0576,1,1,1,1,-1
424,100,0.16,3.5,24,0.245,0.0576,1,1,1,1,-1
425,100,0.16,3.5,25,0.255,0.0576,1,1,1,1,-1
426,100,0.16,3.5,26,0.265,0.0576,1,1,1,1,-1
427,100,0.16,3.5,27,0.275,0.0576,1,1,1,1,-1
428,100,0.16,3.5,28,0.285,0.0576,1,1,1,1,-1
429,100,0.16,3.5,29,0.295,0.0576,1,1,1,1,-1
430,100,0.16,3.5,30,0.305,0.0576,1,1,1,1,-1
431,100,0.16,3.5,31,0.315,0.0576,1,1,1,1,-1
432,100,0.16,3.5,32,0.325,0.0576,1,1,1,1,-1
433,100,0.16,3.5,33,0.335,0.0576,1,1,1,1,-1
434,100,0.16,3.5,34,0.345,0.0576,1,1,1,1,-1
435,100,0.16,3.5,35,0.355,0.0576,1,1,1,1,-1
436,100,0.16,3.5,36,0.365,0.0576,1,1,1,1,-1
437,100,0.16,3.5,37,0.375,0.0576,1,1,1,1,-1
438,100,0.16,3.5,38,0.385,0.0576,1,1,1,1,-1
439,100,0.16,3.5,39,0.395,0.0576,1,1,1,1,-1
440,100,0.16,3.5,40,0.405,0.0576,1,1,1,1,-1
441,100,0.16,3.5,41,0.415,0.0576,1,1,1,1,-1
442,100,0.16,3.5,42,0.425,0.0576,1,1,1,1,-1
443,100,0.16,3.5,43,0.435,0.0576,1,1,1,1,-1
444,100,0.16,3.5,44,0.445,0.0576,1,1,1,1,-1
445,100,0.16,3.5,45,0.455,0.0576,1,1,1,1,-1
446,100,0.16,3.5,46,0.465,0.0576,1,1,1,1,-1
447,100,0.16,3.5,47,0.475,0.0576,1,1,1,1,-1
448,100,0.16,3.5,48,0.485,0.0576,1,1,1,1,-1
449,100,0.16,3.5,49,0.495,0.0576,1,1,1,1,-1
450,100,0.16,3.5,50,0.505,0.0576,1,1,1,1,-1
451,100,0.16,3.5,51,0.515,0.0576,1,1,1,1,-1
452,100,0.16,3.5,52,0.525,0.0576,1,1,1,1,-1
453,100,0.16,3.5,53,0.535,0.0576,1,1,1,1,-1
454,100,0.16,3.5,54,0.545,0.0576,1,1,1,1,-1
455,100,0.16,3.5,55,0.555,0.0576,1,1,1,1,-1
456,100,0.16,3.5,56,0.565,0.0576,1,1,1,1,-1
457,100,0.16,3.5,57,0.575,0.0576,1,1,1,1,-1
458,100,0.16,3.5,58,0.585,0.0576,1,1,1,1,-1
459,100,0.16,3.5,59,0.595,0.0576,1,1,1,1,-1
460,100,0.16,3.5,60,0.605,0.0576,1,1,1,1,-1
461,100,0.16,3.5,61,0.615,0.0576,1,1,1,1,-1
462,100,0.16,3.5,62,0.625,0.0576,1,1,1,1,-1
463,100,0.16,3.5,63,0.635,0.0576,1,1,1,1,-1
464,100,0.16,3.5,64,0.645,0.0576,1,1,1,1,-1
465,100,0.16,3.5,65,0.655,0.0576,1,1,1,1,-1
466,100,0.16,3.5,66,0.665,0.0576,1,1,1,1,-1
467,100,0.16,3.5,67,0.675,0.0576,1,1,1,1,-1
468,100,0.16,3.5,68,0.685,0.0576,1,1,1,1,-1
469,100,0.16,3.5,69,0.695,0.0576,1,1,1,1,-1
470,100,0.16,3.5,70,0.705,0.0576,1,1,1,1,-1
471,100,0.16,3.5,71,0.715,0.0576,1,1,1,1,-1
472,100,0.16,3.5,72,0.725,0.0576,1,1,1,1,-1
473,100,0.16,3.5,73,0.735,0.0576,1,1,1,1,-1
474,100,0.16,3.5,74,0.745,0.0576,1,1,1,1,-1
475,100,0.16,3.5,75,0.755,0.0576,1,1,1,1,-1
476,100,0.16,3.5,76,0.765,0.0576,1,1,1,1,-1
477,100,0.16,3.5,77,0.775,0.0576,1,1,1,1,-1
478,100,0.16,3.5,78,0.785,0.0576,1,1,1,1,-1
479,100,0.16,3.5,79,0.795,0.0576,1,1,1,1,-1
480,100,0.16,3.5,80,0.805,0.0576,1,1,1,1,-1
481,100,0.16,3.5,81,0.815,0.0576,1,1,1,1,-1
482,100,0.16,3.5,82,0.825,0.0576,1,1,1,1,-1
483,100,0.16,3.5,83,0.835,0.0576,1,1,1,1,-1
484,100,0.16,3.5,84,0.845,0.0576,1,1,1,1,-1
485,100,0.16,3.5,85,0.855,0.0576,1,1,1,1,-1
486,100,0.16,3.5,86,0.865,0.0576,1,1,1,1,-1
487,100,0.16,3.5,87,0.875,0.0576,1,1,1,1,-1
488,100,0.16,3.5,88,0.885,0.0576,1,1,1,1,-1
489,100,0.16,3.5,89,0.895,0.0576,1,1,1,1,-1
490,100,0.16,3.5,90,0.905,0.0576,1,1,1,1,-1
491,100,0.16,3.5,91,0.915,0.0576,1,1,1,1,-1
492,100,0.16,3.5,92,0.925,0.0576,1,1,1,1,-1
493,100,0.16,3.5,93,0.935,0.0576,1,1,1,1,-1
494,100,0.16,3.5,94,0.945,0.0576,1,1,1,1,-1
495,100,0.16,3.5,95,0.955,0.0576,1,1,1,1,-1
496,100,0.16,3.5,96,0.965,0.0576,1,1,1,1,-1
497,100,0.16,3.5,97,0.975,0.0576,1,1,1,1,-1
498,100,0.16,3.5,98,0.985,0.0576,1,1,1,1,-1
499,100,0.16,3.5,99,0.995,0.0576,1,1,1,1,-1
500,100,0.16,4.2,0,0.005,0.08,1,1,1,1,-1
501,100,0.16,4.2,1,0.015,0.08,1,1,1,1,-1
502,100,0.16,4.2,2,0.025,0.08,1,1,1,1,-1
503,100,0.16,4.2,3,0.035,0.08,1,1,1,1,-1
504,100,0.16,4.2,4,0.045,0.08,1,1,1,1,-1
505,100,0.16,4.2,5,0.055,0.08,1,1,1,1,-1
506,100,0.16,4.2,6,0.065,0.08,1,1,1,1,-1
507,100,0.16,4.2,7,0.075,0.08,1,1,1,1,-1
508,100,0.16,4.2,8,0.085,0.08,1,1,1,1,-1
509,100,0.16,4.2,9,0.095,0.08,1,1,1,1,-1
510,100,0.16,4.2,10,0.105,0.08,1,1,1,1,-1
511,100,0.16,4.2,11,0.115,0.08,1,1,1,1,-1
512,100,0.16,4.2,12,0.125,0.08,1,1,1,1,-1
513,100,0.16,4.2,13,0.135,0.08,1,1,1,1,-1
514,100,0.16,4.2,14,0.145,0.08,1,1,1,1,-1
515,100,0.16,4.2,15,0.155,0.08,1,1,1,1,-1
516,100,0.16,4.2,16,0.165,0.08,1,1,1,1,-1
517,100,0.16,4.2,17,0.175,0.08,1,1,1,1,-1
518,100,0.16,4.2,18,0.185,0.08,1,1,1,1,-1
519,100,0.16,4.2,19,0.195,0.08,1,1,1,1,-1
520,100,0.16,4.2,20,0.205,0.08,1,1,1,1,-1
521,100,0.16,4.2,21,0.215,0.08,1,1,1,1,-1
522,100,0.16,4.2,22,0.225,0.08,1,1,1,1,-1
523,100,0.16,4.2,23,0.235,0.08,1,1,1,1,-1
524,100,0.16,4.2,24,0.245,0.08,1,1,1,1,-1
525,100,0.16,4.2,25,0.255,0.08,1,1,1,1,-1
526,100,0.16,4.2,26,0.265,0.08,1,1,1,1,-1
527,100,0.16,4.2,27,0.275,0.08,1,1,1,1,-1
528,100,0.16,4.2,28,0.285,0.08,1,1,1,1,-1
529,100,0.16,4.2,29,0.295,0.08,1,1,1,1,-1
530,100,0.16,4.2,30,0.305,0.08,1,1,1,1,-1
531,100,0.16,4.2,31,0.315,0.08,1,1,1,1,-1
532,100,0.16,4.2,32,0.325,0.08,1,1,1,1,-1
533,100,0.16,4.2,33,0.335,0.08,1,1,1,1,-1
534,100,0.16,4.2,34,0.345,0.08,1,1,1,1,-1
535,100,0.16,4.2,35,0.355,0.08,1,1,1,1,-1
536,100,0.16,4.2,36,0.365,0.08,1,1,1,1,-1
537,100,0.16,4.2,37,0.375,0.08,1,1,1,1,-1
538,100,0.16,4.2,38,0.385,0.08,1,1,1,1,-1
539,100,0.16,4.2,39,0.395,0.08,1,1,1,1,-1
540,100,0.16,4.2,40,0.405,0.08,1,1,1,1,-1
541,100,0.16,4.2,41,0.415,0.08,1,1,1,1,-1
542,100,0.16,4.2,42,0.425,0.08,1,1,1,1,-1
543,100,0.16,4.2,43,0.435,0.08,1,1,1,1,-1
544,100,0.16,4.2,44,0.445,0.08,1,1,1,1,-1
545,100,0.16,4.2,45,0.455,0.08,1,1,1,1,-1
546,100,0.16,4.2,46,0.465,0.08,1,1,1,1,-1
547,100,0.16,4.2,47,0.475,0.08,1,1,1,1,-1
548,100,0.16,4.2,48,0.485,0.08,1,1,1,1,-1
549,100,0.16,4.2,49,0.495,0.08,1,1,1,1,-1
550,100,0.16,4.2,50,0.505,0.08,1,1,1,1,-1
551,100,0.16,4.2,51,0.515,0.08,1,1,1,1,-1
552,100,0.16,4.2,52,0.525,0.08,1,1,1,1,-1
553,100,0.16,4.2,53,0.535,0.08,1,1,1,1,-1
554,100,0.16,4.2,54,0.545,0.08,1,1,1,1,-1
555,100,0.16,4.2,55,0.555,0.08,1,1,1,1,-1
556,100,0.16,4.2,56,0.565,0.08,1,1,1,1,-1
557,100,0.16,4.2,57,0.575,0.08,1,1,1,1,-1
558,100,0.16,4.2,58,0.585,0.08,1,1,1,1,-1
559,100,0.16,4.2,59,0.595,0.08,1,1,1,1,-1
560,100,0.16,4.2,60,0.605,0.08,1,1,1,1,-1
561,100,0.16,4.2,61,0.615,0.08,1,1,1,1,-1
562,100,0.16,4.2,62,0.625,0.08,1,1,1,1,-1
563,100,0.16,4.2,63,0.635,0.08,1,1,1,1,-1
564,100,0.16,4.2,64,0.645,0.08,1,1,1,1,-1
565,100,0.16,4.2,65,0.655,0.08,1,1,1,1,-1
566,100,0.16,4.2,66,0.665,0.08,1,1,1,1,-1
567,100,0.16,4.2,67,0.675,0.08,1,1,1,1,-1
568,100,0.16,4.2,68,0.685,0.08,1,1,1,1,-1
569,100,0.16,4.2,69,0.695,0.08,1,1,1,1,-1
570,100,0.16,4.2,70,0.705,0.08,1,1,1,1,-1
571,100,0.16,4.2,71,0.715,0.08,1,1,1,1,-1
572,100,0.16,4.2,72,0.725,0.08,1,1,1,1,-1
573,100,0.16,4.2,73,0.735,0.08,1,1,1,1,-1
574,100,0.16,4.2,74,0.745,0.08,1,1,1,1,-1
575,100,0.16,4.2,75,0.755,0.08,1,1,1,1,-1
576,100,0.16,4.2,76,0.765,0.08,1,1,1,1,-1
577,100,0.16,4.2,77,0.775,0.08,1,1,1,1,-1
578,100,0.16,4.2,78,0.785,0.08,1,1,1,1,-1
579,100,0.16,4.2,79,0.795,0.08,1,1,1,1,-1
580,100,0.16,4.2,80,0.805,0.08,1,1,1,1,-1
581,100,0.16,4.2,81,0.815,0.08,1,1,1,1,-1
582,100,0.16,4.2,82,0.825,0.08,1,1,1,1,-1
583,100,0.16,4.2,83,0.835,0.08,1,1,1,1,-1
584,100,0.16,4.2,84,0.845,0.08,1,1,1,1,-1
585,100,0.16,4.2,85,0.855,0.08,1,1,1,1,-1
586,100,0.16,4.2,86,0.865,0.08,1,1,1,1,-1
587,100,0.16,4.2,87,0.875,0.08,1,1,1,1,-1
588,100,0.16,4.2,88,0.885,0.08,1,1,1,1,-1
589,100,0.16,4.2,89,0.895,0.08,1,1,1,1,-1
590,100,0.16,4.2,90,0.905,0.08,1,1,1,1,-1
591,100,0.16,4.2,91,0.915,0.08,1,1,1,1,-1
592,100,0.16,4.2,92,0.925,0.08,1,1,1,1,-1
593,100,0.16,4.2,93,0.935,0.08,1,1,1,1,-1
594,100,0.16,4.2,94,0.945,0.08,1,1,1,1,-1
595,100,0.16,4.2,95,0.955,0.08,1,1,1,1,-1
596,100,0.16,4.2,96,0.965,0.08,1,1,1,1,-1
597,100,0.16,4.2,97,0.975,0.08,1,1,1,1,-1
598,100,0.16,4.2,98,0.985,0.08,1,1,1,1,-1
599,100,0.16,4.2,99,0.995,0.08,1,1,1,1,-1
600,100,0.24,2.8,0,0.005,0.02666666666666663,1,1,1,1,-1
601,100,0.24,2.8,1,0.015,0.02666666666666663,1,1,1,1,-1
602,100,0.24,2.8,2,0.025,0.02666666666666663,1,1,1,1,-1
603,100,0.24,2.8,3,0.035,0.02666666666666663,1,1,1,1,-1
604,100,0.24,2.8,4,0.045,0.02666666666666663,1,1,1,1,-1
605,100,0.24,2.8,5,0.055,0.02666666666666663,1,1,1,1,-1
606,100,0.24,2.8,6,0.065,0.02666666666666663,1,1,1,1,-1
607,100,0.24,2.8,7,0.075,0.02666666666666663,1,1,1,1,-1
608,100,0.24,2.8,8,0.085,0.02666666666666663,1,1,1,1,-1
609,100,0.24,2.8,9,0.095,0.02666666666666663,1,1,1,1,-1
610,100,0.24,2.8,10,0.105,0.02666666666666663,1,1,1,1,-1
611,100,0.24,2.8,11,0.115,0.02666666666666663,1,1,1,1,-1
612,100,0.24,2.8,12,0.125,0.02666666666666663,1,1,1,1,-1
613,100,0.24,2.8,13,0.135,0.02666666666666663,1,1,1,1,-1
614,100,0.24,2.8,14,0.145,0.02666666666666663,1,1,1,1,-1
615,100,0.24,2.8,15,0.155,0.02666666666666663,1,1,1,1,-1
616,100,0.24,2.8,16,0.165,0.02666666666666663,1,1,1,1,-1
617,100,0.24,2.8,17,0.175,0.02666666666666663,1,1,1,1,-1
618,100,0.24,2.8,18,0.185,0.02666666666666663,1,1,1,1,-1
619,100,0.24,2.8,19,0.195,0.02666666666666663,1,1,1,1,-1
620,100,0.24,2.8,20,0.205,0.02666666666666663,1,1,1,1,-1
621,100,0.24,2.8,21,0.215,0.02666666666666663,1,1,1,1,-1
622,100,0.24,2.8,22,0.225,0.02666666666666663,1,1,1,1,-1
623,100,0.24,2.8,23,0.235,0.02666666666666663,1,1,1,1,-1
624,100,0.24,2.8,24,0.245,0.02666666666666663,1,1,1,1,-1
625,100,0.24,2.8,25,0.255,0.02666666666666663,1,1,1,1,-1
626,100,0.24,2.8,26,0.265,0.02666666666666663,1,1,1,1,-1
627,100,0.24,2.8,27,0.275,0.02666666666666663,1,1,1,1,-1
628,100,0.24,2.8,28,0.285,0.02666666666666663,1,1,1,1,-1
629,100,0.24,2.8,29,0.295,0.02666666666666663,1,1,1,1,-1
630,100,0.24,2.8,30,0.305,0.02666666666666663,1,1,1,1,-1
631,100,0.24,2.8,31,0.315,0.02666666666666663,1,1,1,1,-1
632,100,0.24,2.8,32,0.325,0.02666666666666663,1,1,1,1,-1
633,100,0.24,2.8,33,0.335,0.02666666666666663,1,1,1,1,-1
634,100,0.24,2.8,34,0.345,0.02666666666666663,1,1,1,1,-1
635,100,0.24,2.8,35,0.355,0.02666666666666663,1,1,1,1,-1
636,100,0.24,2.8,36,0.365,0.02666666666666663,1,1,1,1,-1
637,100,0.24,2.8,37,0.375,0.02666666666666663,1,1,1,1,-1
638,100,0.24,2.8,38,0.385,0.02666666666666663,1,1,1,1,-1
639,100,0.24,2.8,39,0.395,0.02666666666666663,1,1,1,1,-1
640,100,0.24,2.8,40,0.405,0.02666666666666663,1,1,1,1,-1
641,100,0.24,2.8,41,0.415,0.02666666666666663,1,1,1,1,-1
642,100,0.24,2.8,42,0.425,0.02666666666666663,1,1,1,1,-1
643,100,0.24,2.8,43,0.435,0.02666666666666663,1,1,1,1,-1
644,100,0.24,2.8,44,0.445,0.02666666666666663,1,1,1,1,-1
645,100,0.24,2.8,45,0.455,0.02666666666666663,1,1,1,1,-1
646,100,0.24,2.8,46,0.465,0.02666666666666663,1,1,1,1,-1
647,100,0.24,2.8,47,0.475,0.02666666666666663,1,1,1,1,-1
648,100,0.24,2.8,48,0.485,0.02666666666666663,1,1,1,1,-1
649,100,0.24,2.8,49,0.495,0.02666666666666663,1,1,1,1,-1
650,100,0.24,2.8,50,0.505,0.02666666666666663,1,1,1,1,-1
651,100,0.24,2.8,51,0.515,0.02666666666666663,1,1,1,1,-1
652,100,0.24,2.8,52,0.525,0.02666666666666663,1,1,1,1,-1
653,100,0.24,2.8,53,0.535,0.02666666666666663,1,1,1,1,-1
654,100,0.24,2.8,54,0.545,0.02666666666666663,1,1,1,1,-1
655,100,0.24,2.8,55,0.555,0.02666666666666663,1,1,1,1,-1
656,100,0.24,2.8,56,0.565,0.02666666666666663,1,1,1,1,-1
657,100,0.24,2.8,57,0.575,0.02666666666666663,1,1,1,1,-1
658,100,0.24,2.8,58,0.585,0.02666666666666663,1,1,1,1,-1
659,100,0.24,2.8,59,0.595,0.02666666666666663,1,1,1,1,-1
660,100,0.24,2.8,60,0.605,0.02666666666666663,1,1,1,1,-1
661,100,0.24,2.8,61,0.615,0.02666666666666663,1,1,1,1,-1
662,100,0.24,2.8,62,0.625,0.02666666666666663,1,1,1,1,-1
663,100,0.24,2.8,63,0.635,0.02666666666666663,1,1,1,1,-1
664,100,0.24,2.8,64,0.645,0.02666666666666663,1,1,1,1,-1
665,100,0.24,2.8,65,0.655,0.02666666666666663,1,1,1,1,-1
666,100,0.24,2.8,66,0.665,0.02666666666666663,1,1,1,1,-1
667,100,0.24,2.8,67,0.675,0.02666666666666663,1,1,1,1,-1
668,100,0.24,2.8,68,0.685,0.02666666666666663,1,1,1,1,-1
669,100,0.24,2.8,69,0.695,0.02666666666666663,1,1,1,1,-1
670,100,0.24,2.8,70,0.705,0.02666666666666663,1,1,1,1,-1
671,100,0.24,2.8,71,0.715,0.02666666666666663,1,1,1,1,-1
672,100,0.24,2.8,72,0.725,0.02666666666666663,1,1,1,1,-1
673,100,0.24,2.8,73,0.735,0.02666666666666663,1,1,1,1,-1
674,100,0.24,2.8,74,0.745,0.02666666666666663,1,1,1,1,-1
675,100,0.24,2.8,75,0.755,0.02666666666666663,1,1,1,1,-1
676,100,0.24,2.8,76,0.765,0.02666666666666663,1,1,1,1,-1
677,100,0.24,2.8,77,0.775,0.02666666666666663,1,1,1,1,-1
678,100,0.24,2.8,78,0.785,0.02666666666666663,1,1,1,1,-1
679,100,0.24,2.8,79,0.795,0.02666666666666663,1,1,1,1,-1
680,100,0.24,2.8,80,0.805,0.02666666666666663,1,1,1,1,-1
681,100,0.24,2.8,81,0.815,0.02666666666666663,1,1,1,1,-1
682,100,0.24,2.8,82,0.825,0.02666666666666663,1,1,1,1,-1
683,100,0.24,2.8,83,0.835,0.02666666666666663,1,1,1,1,-1
684,100,0.24,2.8,84,0.845,0.02666666666666663,1,1,1,1,-1
685,100,0.24,2.8,85,0.855,0.02666666666666663,1,1,1,1,-1
686,100,0.24,2.8,86,0.865,0.02666666666666663,1,1,1,1,-1
687,100,0.24,2.8,87,0.875,0.02666666666666663,1,1,1,1,-1
688,100,0.24,2.8,88,0.885,0.02666666666666663,1,1,1,1,-1
689,100,0.24,2.8,89,0.895,0.02666666666666663,1,1,1,1,-1
690,100,0.24,2.8,90,0.905,0.02666666666666663,1,1,1,1,-1
691,100,0.24,2.8,91,0.915,0.02666666666666663,1,1,1,1,-1
692,100,0.24,2.8,92,0.925,0.02666666666666663,1,1,1,1,-1
693,100,0.24,2.8,93,0.935,0.02666666666666663,1,1,1,1,-1
694,100,0.24,2.8,94,0.945,0.02666666666666663,1,1,1,1,-1
695,100,0.24,2.8,95,0.955,0.02666666666666663,1,1,1,1,-1
696,100,0.24,2.8,96,0.965,0.02666666666666663,1,1,1,1,-1
697,100,0.24,2.8,97,0.975,0.02666666666666663,1,1,1,1,-1
698,100,0.24,2.8,98,0.985,0.02666666666666663,1,1,1,1,-1
699,100,0.24,2.8,99,0.995,0.02666666666666663,1,1,1,1,-1
700,100,0.24,3.5,0,0.005,0.08639999999999999,1,1,1,1,-1
701,100,0.24,3.5,1,0.015,0.08639999999999999,1,1,1,1,-1
702,100,0.24,3.5,2,0.025,0.08639999999999999,1,1,1,1,-1
703,100,0.24,3.5,3,0.035,0.08639999999999999,1,1,1,1,-1
704,100,0.24,3.5,4,0.045,0.08639999999999999,1,1,1,1,-1
705,100,0.24,3.5,5,0.055,0.08639999999999999,1,1,1,1,-1
706,100,0.24,3.5,6,0.065,0.08639999999999999,1,1,1,1,-1
707,100,0.24,3.5,7,0.075,0.08639999999999999,1,1,1,1,-1
708,100,0.24,3.5,8,0.085,0.08639999999999999,1,1,1,1,-1
709,100,0.24,3.5,9,0.095,0.08639999999999999,1,1,1,1,-1
710,100,0.24,3.5,10,0.105,0.08639999999999999,1,1,1,1,-1
711,100,0.24,3.5,11,0.115,0.08639999999999999,1,1,1,1,-1
712,100,0.24,3.5,12,0.125,0.08639999999999999,1,1,1,1,-1
713,100,0.24,3.5,13,0.135,0.08639999999999999,1,1,1,1,-1
714,100,0.24,3.5,14,0.145,0.08639999999999999,1,1,1,1,-1
715,100,0.24,3.5,15,0.155,0.08639999999999999,1,1,1,1,-1
716,100,0.24,3.5,16,0.165,0.08639999999999999,1,1,1,1,-1
717,100,0.24,3.5,17,0.175,0.08639999999999999,1,1,1,1,-1
718,100,0.24,3.5,18,0.185,0.08639999999999999,1,1,1,1,-1
719,100,0.24,3.5,19,0.195,0.08639999999999999,1,1,1,1,-1
720,100,0.24,3.5,20,0.205,0.08639999999999999,1,1,1,1,-1
721,100,0.24,3.5,21,0.215,0.08639999999999999,1,1,1,1,-1
722,100,0.24,3.5,22,0.225,0.08639999999999999,1,1,1,1,-1
723,100,0.24,3.5,23,0.235,0.08639999999999999,1,1,1,1,-1
724,100,0.24,3.5,24,0.245,0.08639999999999999,1,1,1,1,-1
725,100,0.24,3.5,25,0.255,0.08639999999999999,1,1,1,1,-1
726,100,0.24,3.5,26,0.265,0.08639999999999999,1,1,1,1,-1
727,100,0.24,3.5,27,0.275,0.08639999999999999,1,1,1,1,-1
728,100,0.24,3.5,28,0.285,0.08639999999999999,1,1,1,1,-1
729,100,0.24,3.5,29,0.295,0.08639999999999999,1,1,1,1,-1
730,100,0.24,3.5,30,0.305,0.08639999999999999,1,1,1,1,-1
731,100,0.24,3.5,31,0.315,0.08639999999999999,1,1,1,1,-1
732,100,0.24,3.5,32,0.325,0.08639999999999999,1,1,1,1,-1
733,100,0.24,3.5,33,0.335,0.08639999999999999,1,1,1,1,-1
734,100,0.24,3.5,34,0.345,0.08639999999999999,1,1,1,1,-1
735,100,0.24,3.5,35,0.355,0.08639999999999999,1,1,1,1,-1
736,100,0.24,3.5,36,0.365,0.08639999999999999,1,1,1,1,-1
737,100,0.24,3.5,37,0.375,0.08639999999999999,1,1,1,1,-1
738,100,0.24,3.5,38,0.385,0.08639999999999999,1,1,1,1,-1
739,100,0.24,3.5,39,0.395,0.08639999999999999,1,1,1,1,-1
740,100,0.24,3.5,40,0.405,0.08639999999999999,1,1,1,1,-1
741,100,0.24,3.5,41,0.415,0.08639999999999999,1,1,1,1,-1
742,100,0.24,3.5,42,0.425,0.08639999999999999,1,1,1,1,-1
743,100,0.24,3.5,43,0.435,0.08639999999999999,1,1,1,1,-1
744,100,0.24,3.5,44,0.445,0.08639999999999999,1,1,1,1,-1
745,100,0.24,3.5,45,0.455,0.08639999999999999,1,1,1,1,-1
746,100,0.24,3.5,46,0.465,0.08639999999999999,1,1,1,1,-1
747,100,0.24,3.5,47,0.475,0.08639999999999999,1,1,1,1,-1
748,100,0.24,3.5,48,0.485,0.08639999999999999,1,1,1,1,-1
749,100,0.24,3.5,49,0.495,0.08639999999999999,1,1,1,1,-1
750,100,0.24,3.5,50,0.505,0.08639999999999999,1,1,1,1,-1
751,100,0.24,3.5,51,0.515,0.08639999999999999,1,1,1,1,-1
752,100,0.24,3.5,52,0.525,0.08639999999999999,1,1,1,1,-1
753,100,0.24,3.5,53,0.535,0.08639999999999999,1,1,1,1,-1
754,100,0.24,3.5,54,0.545,0.08639999999999999,1,1,1,1,-1
755,100,0.24,3.5,55,0.555,0.08639999999999999,1,1,1,1,-1
756,100,0.24,3.5,56,0.565,0.08639999999999999,1,1,1,1,-1
757,100,0.24,3.5,57,0.575,0.08639999999999999,1,1,1,1,-1
758,100,0.24,3.5,58,0.585,0.08639999999999999,1,1,1,1,-1
759,100,0.24,3.5,59,0.595,0.08639999999999999,1,1,1,1,-1
760,100,0.24,3.5,60,0.605,0.08639999999999999,1,1,1,1,-1
761,100,0.24,3.5,61,0.615,0.08639999999999999,1,1,1,1,-1
762,100,0.24,3.5,62,0.625,0.08639999999999999,1,1,1,1,-1
763,100,0.24,3.5,63,0.635,0.08639999999999999,1,1,1,1,-1
764,100,0.24,3.5,64,0.645,0.08639999999999999,1,1,1,1,-1
765,100,0.24,3.5,65,0.655,0.08639999999999999,1,1,1,1,-1
766,100,0.24,3.5,66,0.665,0.08639999999999999,1,1,1,1,-1
767,100,0.24,3.5,67,0.675,0.08639999999999999,1,1,1,1,-1
768,100,0.24,3.5,68,0.685,0.08639999999999999,1,1,1,1,-1
769,100,0.24,3.5,69,0.695,0.08639999999999999,1,1,1,1,-1
770,100,0.24,3.5,70,0.705,0.08639999999999999,1,1,1,1,-1
771,100,0.24,3.5,71,0.715,0.08639999999999999,1,1,1,1,-1
772,100,0.24,3.5,72,0.725,0.08639999999999999,1,1,1,1,-1
773,100,0.24,3.5,73,0.735,0.08639999999999999,1,1,1,1,-1
774,100,0.24,3.5,74,0.745,0.08639999999999999,1,1,1,1,-1
775,100,0.24,3.5,75,0.755,0.08639999999999999,1,1,1,1,-1
776,100,0.24,3.5,76,0.765,0.08639999999999999,1,1,1,1,-1
777,100,0.24,3.5,77,0.775,0.08639999999999999,1,1,1,1,-1
778,100,0.24,3.5,78,0.785,0.08639999999999999,1,1,1,1,-1
779,100,0.24,3.5,79,0.795,0.08639999999999999,1,1,1,1,-1
780,100,0.24,3.5,80,0.805,0.08639999999999999,1,1,1,1,-1
781,100,0.24,3.5,81,0.815,0.08639999999999999,1,1,1,1,-1
782,100,0.24,3.5,82,0.825,0.08639999999999999,1,1,1,1,-1
783,100,0.24,3.5,83,0.835,0.08639999999999999,1,1,1,1,-1
784,100,0.24,3.5,84,0.845,0.08639999999999999,1,1,1,1,-1
785,100,0.24,3.5,85,0.855,0.08639999999999999,1,1,1,1,-1
786,100,0.24,3.5,86,0.865,0.08639999999999999,1,1,1,1,-1
787,100,0.24,3.5,87,0.875,0.08639999999999999,1,1,1,1,-1
788,100,0.24,3.5,88,0.885,0.08639999999999999,1,1,1,1,-1
789,100,0.24,3.5,89,0.895,0.08639999999999999,1,1,1,1,-1
790,100,0.24,3.5,90,0.905,0.08639999999999999,1,1,1,1,-1
791,100,0.24,3.5,91,0.915,0.08639999999999999,1,1,1,1,-1
792,100,0.24,3.5,92,0.925,0.08639999999999999,1,1,1,1,-1
793,100,0.24,3.5,93,0.935,0.08639999999999999,1,1,1,1,-1
794,100,0.24,3.5,94,0.945,0.08639999999999999,1,1,1,1,-1
795,100,0.24,3.5,95,0.955,0.08639999999999999,1,1,1,1,-1
796,100,0.24,3.5,96,0.965,0.08639999999999999,1,1,1,1,-1
797,100,0.24,3.5,97,0.975,0.08639999999999999,1,1,1,1,-1
798,100,0.24,3.5,98,0.985,0.08639999999999999,1,1,1,1,-1
799,100,0.24,3.5,99,0.995,0.08639999999999999,1,1,1,1,-1
800,100,0.24,4.2,0,0.005,0.12,1,1,1,1,-1
801,100,0.24,4.2,1,0.015,0.12,1,1,1,1,-1
802,100,0.24,4.2,2,0.025,0.12,1,1,1,1,-1
803,100,0.24,4.2,3,0.035,0.12,1,1,1,1,-1
804,100,0.24,4.2,4,0.045,0.12,1,1,1,1,-1
805,100,0.24,4.2,5,0.055,0.12,1,1,1,1,-1
806,100,0.24,4.2,6,0.065,0.12,1,1,1,1,-1
807,100,0.24,4.2,7,0.075,0.12,1,1,1,1,-1
808,100,0.24,4.2,8,0.085,0.12,1,1,1,1,-1
809,100,0.24,4.2,9,0.095,0.12,1,1,1,1,-1
810,100,0.24,4.2,10,0.105,0.12,1,1,1,1,-1
811,100,0.24,4.2,11,0.115,0.12,1,1,1,1,-1
812,100,0.24,4.2,12,0.125,0.12,1,1,1,1,-1
813,100,0.24,4.2,13,0.135,0.12,1,1,1,1,-1
814,100,0.24,4.2,14,0.145,0.12,1,1,1,1,-1
815,100,0.24,4.2,15,0.155,0.12,1,1,1,1,-1
816,100,0.24,4.2,16,0.165,0.12,1,1,1,1,-1
817,100,0.24,4.2,17,0.175,0.12,1,1,1,1,-1
818,100,0.24,4.2,18,0.185,0.12,1,1,1,1,-1
819,100,0.24,4.2,19,0.195,0.12,1,1,1,1,-1
820,100,0.24,4.2,20,0.205,0.12,1,1,1,1,-1
821,100,0.24,4.2,21,0.215,0.12,1,1,1,1,-1
822,100,0.24,4.2,22,0.225,0.12,1,1,1,1,-1
823,100,0.24,4.2,23,0.235,0.12,1,1,1,1,-1
824,100,0.24,4.2,24,0.245,0.12,1,1,1,1,-1
825,100,0.24,4.2,25,0.255,0.12,1,1,1,1,-1
826,100,0.24,4.2,26,0.265,0.12,1,1,1,1,-1
827,100,0.24,4.2,27,0.275,0.12,1,1,1,1,-1
828,100,0.24,4.2,28,0.285,0.12,1,1,1,1,-1
829,100,0.24,4.2,29,0.295,0.12,1,1,1,1,-1
830,100,0.24,4.2,30,0.305,0.12,1,1,1,1,-1
831,100,0.24,4.2,31,0.315,0.12,1,1,1,1,-1
832,100,0.24,4.2,32,0.325,0.12,1,1,1,1,-1
833,100,0.24,4.2,33,0.335,0.12,1,1,1,1,-1
834,100,0.24,4.2,34,0.345,0.12,1,1,1,1,-1
835,100,0.24,4.2,35,0.355,0.12,1,1,1,1,-1
836,100,0.24,4.2,36,0.365,0.12,1,1,1,1,-1
837,100,0.24,4.2,37,0.375,0.12,1,1,1,1,-1
838,100,0.24,4.2,38,0.385,0.12,1,1,1,1,-1
839,100,0.24,4.2,39,0.395,0.12,1,1,1,1,-1
840,100,0.24,4.2,40,0.405,0.12,1,1,1,1,-1
841,100,0.24,4.2,41,0.415,0.12,1,1,1,1,-1
842,100,0.24,4.2,42,0.425,0.12,1,1,1,1,-1
843,100,0.24,4.2,43,0.435,0.12,1,1,1,1,-1
844,100,0.24,4.2,44,0.445,0.12,1,1,1,1,-1
845,100,0.24,4.2,45,0.455,0.12,1,1,1,1,-1
846,100,0.24,4.2,46,0.465,0.12,1,1,1,1,-1
847,100,0.24,4.2,47,0.475,0.12,1,1,1,1,-1
848,100,0.24,4.2,48,0.485,0.12,1,1,1,1,-1
849,100,0.24,4.2,49,0.495,0.12,1,1,1,1,-1
850,100,0.24,4.2,50,0.505,0.12,1,1,1,1,-1
851,100,0.24,4.2,51,0.515,0.12,1,1,1,1,-1
852,100,0.24,4.2,52,0.525,0.12,1,1,1,1,-1
853,100,0.24,4.2,53,0.535,0.12,1,1,1,1,-1
854,100,0.24,4.2,54,0.545,0.12,1,1,1,1,-1
855,100,0.24,4.2,55,0.555,0.12,1,1,1,1,-1
856,100,0.24,4.2,56,0.565,0.12,1,1,1,1,-1
857,100,0.24,4.2,57,0.575,0.12,1,1,1,1,-1
858,100,0.24,4.2,58,0.585,0.12,1,1,1,1,-1
859,100,0.24,4.2,59,0.595,0.12,1,1,1,1,-1
860,100,0.24,4.2,60,0.605,0.12,1,1,1,1,-1
861,100,0.24,4.2,61,0.615,0.12,1,1,1,1,-1
862,100,0.24,4.2,62,0.625,0.12,1,1,1,1,-1
863,100,0.24,4.2,63,0.635,0.12,1,1,1,1,-1
864,100,0.24,4.2,64,0.645,0.12,1,1,1,1,-1
865,100,0.24,4.2,65,0.655,0.12,1,1,1,1,-1
866,100,0.24,4.2,66,0.665,0.12,1,1,1,1,-1
867,100,0.24,4.2,67,0.675,0.12,1,1,1,1,-1
868,100,0.24,4.2,68,0.685,0.12,1,1,1,1,-1
869,100,0.24,4.2,69,0.695,0.12,1,1,1,1,-1
870,100,0.24,4.2,70,0.705,0.12,1,1,1,1,-1
871,100,0.24,4.2,71,0.715,0.12,1,1,1,1,-1
872,100,0.24,4.2,72,0.725,0.12,1,1,1,1,-1
873,100,0.24,4.2,73,0.735,0.12,1,1,1,1,-1
874,100,0.24,4.2,74,0.745,0.12,1,1,1,1,-1
875,100,0.24,4.2,75,0.755,0.12,1,1,1,1,-1
876,100,0.24,4.2,76,0.765,0.12,1,1,1,1,-1
877,100,0.24,4.2,77,0.775,0.12,1,1,1,1,-1
878,100,0.24,4.2,78,0.785,0.12,1,1,1,1,-1
879,100,0.24,4.2,79,0.795,0.12,1,1,1,1,-1
880,100,0.24,4.2,80,0.805,0.12,1,1,1,1,-1
881,100,0.24,4.2,81,0.815,0.12,1,1,1,1,-1
882,100,0.24,4.2,82,0.825,0.12,1,1,1,1,-1
883,100,0.24,4.2,83,0.835,0.12,1,1,1,1,-1
884,100,0.24,4.2,84,0.845,0.12,1,1,1,1,-1
885,100,0.24,4.2,85,0.855,0.12,1,1,1,1,-1
886,100,0.24,4.2,86,0.865,0.12,1,1,1,1,-1
887,100,0.24,4.2,87,0.875,0.12,1,1,1,1,-1
888,100,0.24,4.2,88,0.885,0.12,1,1,1,1,-1
889,100,0.24,4.2,89,0.895,0.12,1,1,1,1,-1
890,100,0.24,4.2,90,0.905,0.12,1,1,1,1,-1
891,100,0.24,4.2,91,0.915,0.12,1,1,1,1,-1
892,100,0.24,4.2,92,0.925,0.12,1,1,1,1,-1
893,100,0.24,4.2,93,0.935,0.12,1,1,1,1,-1
894,100,0.24,4.2,94,0.945,0.12,1,1,1,1,-1
895,100,0.24,4.2,95,0.955,0.12,1,1,1,1,-1
896,100,0.24,4.2,96,0.965,0.12,1,1,1,1,-1
897,100,0.24,4.2,97,0.975,0.12,1,1,1,1,-1
898,100,0.24,4.2,98,0.985,0.12,1,1,1,1,-1
899,100,0.24,4.2,99,0.995,0.12,1,1,1,1,-1
